0,1,2,3,4,5,6,7,8,9,10,11,12,13,14,15,16,17,18,19,20,21,22,23,24,angle,yarnwidth,yarnheight,space,epoxy_e,epoxy_v,epoxy_CLTE,fibre_diameter (mm),fibre_num,fibre_e1,fibre_e2,fibre_e3,fibre_g12,fibre_g23,fibre_g13,fibre_v1,fibre_v2,fibre_v3,fibre_CLTE1,fibre_CLTE2,fibre_CLTE3,E1,E2,E3,G12,G23,G13,v12,v23,v13,CLTE1,CLTE2,CLTE3
1,1,1,0,0,0,1,0,0,1,0,0,1,1,1,0,1,0,0,0,1,0,0,1,1,0,0.930718299,0.299814785,1.826908781,20000,0.4,6.00E-05,0.017,3000,72000,72000,72000,30000,30000,30000,0.2,0.2,0.2,5.00E-06,5.00E-06,5.00E-06,36364000000,36484000000,33715000000,12257000000,10750000000,10791000000,0.299,0.3631,0.3649,3.50E-05,3.47E-05,4.92E-05
0,1,0,0,0,1,0,1,1,0,0,0,0,1,0,1,0,1,1,1,1,1,0,0,0,0,0.943024207,0.169795009,1.561725422,20000,0.4,6.00E-05,0.017,3000,72000,72000,72000,30000,30000,30000,0.2,0.2,0.2,5.00E-06,5.00E-06,5.00E-06,41152000000,41163000000,38000000000,14164000000,11598000000,11625000000,0.2825,0.344,0.3442,2.94E-05,2.94E-05,4.66E-05
1,1,0,0,1,0,1,1,1,0,0,0,1,0,0,1,0,1,1,0,1,0,1,1,1,0,0.377985232,0.288842768,0.573645803,20000,0.4,6.00E-05,0.017,3000,72000,72000,72000,30000,30000,30000,0.2,0.2,0.2,5.00E-06,5.00E-06,5.00E-06,41462000000,41109000000,39099000000,13607000000,13474000000,13473000000,0.2892,0.3385,0.3335,3.02E-05,3.08E-05,3.68E-05
0,0,1,1,0,1,1,1,1,0,1,1,1,0,0,0,1,0,1,0,0,1,0,0,0,0,0.253313587,0.233449261,0.416160698,20000,0.4,6.00E-05,0.017,3000,72000,72000,72000,30000,30000,30000,0.2,0.2,0.2,5.00E-06,5.00E-06,5.00E-06,40554000000,40110000000,38289000000,13163000000,13304000000,13231000000,0.294,0.3423,0.3356,3.15E-05,3.19E-05,3.72E-05
0,1,0,0,0,0,1,1,1,1,1,1,0,0,0,0,0,1,1,1,0,1,1,1,1,0,0.927315569,0.309431686,1.573748879,20000,0.4,6.00E-05,0.017,3000,72000,72000,72000,30000,30000,30000,0.2,0.2,0.2,5.00E-06,5.00E-06,5.00E-06,40099000000,40092000000,37019000000,13622000000,11890000000,11940000000,0.2844,0.3504,0.3503,3.06E-05,3.07E-05,4.48E-05
1,0,1,0,1,0,1,1,1,1,0,1,1,1,0,0,1,0,1,1,1,1,1,0,0,0,0.307343421,0.350492242,0.59624166,20000,0.4,6.00E-05,0.017,3000,72000,72000,72000,30000,30000,30000,0.2,0.2,0.2,5.00E-06,5.00E-06,5.00E-06,37260000000,36869000000,35507000000,11973000000,12330000000,12326000000,0.3101,0.3511,0.3451,3.54E-05,3.62E-05,3.95E-05
0,0,0,1,1,1,0,1,1,1,0,1,0,1,0,1,0,0,0,0,1,0,1,0,1,0,0.6040161,0.103383216,0.909000608,20000,0.4,6.00E-05,0.017,3000,72000,72000,72000,30000,30000,30000,0.2,0.2,0.2,5.00E-06,5.00E-06,5.00E-06,42199000000,42175000000,39057000000,14514000000,11941000000,11977000000,0.2797,0.3388,0.3387,2.84E-05,2.86E-05,4.50E-05
1,1,0,1,0,1,0,1,0,1,1,0,1,0,0,1,0,0,0,1,0,0,0,0,1,0,0.715819492,0.124761894,1.311014376,20000,0.4,6.00E-05,0.017,3000,72000,72000,72000,30000,30000,30000,0.2,0.2,0.2,5.00E-06,5.00E-06,5.00E-06,39613000000,39544000000,36499000000,13622000000,11075000000,11103000000,0.2885,0.3512,0.3504,3.08E-05,3.11E-05,4.91E-05
1,0,0,1,0,1,1,0,1,1,1,1,0,0,0,1,0,1,1,0,0,1,1,0,1,0,0.452901176,0.288632656,0.726371122,20000,0.4,6.00E-05,0.017,3000,72000,72000,72000,30000,30000,30000,0.2,0.2,0.2,5.00E-06,5.00E-06,5.00E-06,40840000000,40551000000,38240000000,13618000000,12949000000,12963000000,0.2889,0.3434,0.3392,3.05E-05,3.09E-05,3.94E-05
1,1,1,0,0,0,0,0,1,0,1,0,0,1,0,1,1,1,0,0,0,0,1,0,1,0,0.560498914,0.237761389,0.939849908,20000,0.4,6.00E-05,0.017,3000,72000,72000,72000,30000,30000,30000,0.2,0.2,0.2,5.00E-06,5.00E-06,5.00E-06,40037000000,39956000000,37044000000,13504000000,12193000000,12215000000,0.2856,0.3506,0.3494,3.08E-05,3.09E-05,4.32E-05
0,1,1,0,0,0,0,0,0,1,1,1,0,0,1,0,1,0,1,0,1,0,0,1,0,0,0.991000249,0.146285184,1.722853427,20000,0.4,6.00E-05,0.017,3000,72000,72000,72000,30000,30000,30000,0.2,0.2,0.2,5.00E-06,5.00E-06,5.00E-06,40692000000,40669000000,37534000000,14045000000,11295000000,11324000000,0.2847,0.3459,0.3457,2.97E-05,2.99E-05,4.82E-05
1,1,0,0,0,1,0,1,0,0,0,1,1,1,1,1,0,1,1,1,0,1,1,1,1,0,0.55721929,0.21356172,0.977138023,20000,0.4,6.00E-05,0.017,3000,72000,72000,72000,30000,30000,30000,0.2,0.2,0.2,5.00E-06,5.00E-06,5.00E-06,39510000000,39466000000,36483000000,13363000000,11842000000,11878000000,0.2868,0.3531,0.3525,3.13E-05,3.14E-05,4.48E-05
1,1,0,1,0,0,1,0,1,0,0,1,0,1,0,1,0,1,1,0,0,0,0,0,1,0,0.545597056,0.32889709,1.052361119,20000,0.4,6.00E-05,0.017,3000,72000,72000,72000,30000,30000,30000,0.2,0.2,0.2,5.00E-06,5.00E-06,5.00E-06,36946000000,36698000000,34312000000,12246000000,11640000000,11633000000,0.2999,0.363,0.3592,3.45E-05,3.50E-05,4.46E-05
0,0,0,1,1,1,0,1,0,1,1,1,0,1,1,0,1,1,1,0,0,1,0,0,1,0,0.589867665,0.129078235,1.008799794,20000,0.4,6.00E-05,0.017,3000,72000,72000,72000,30000,30000,30000,0.2,0.2,0.2,5.00E-06,5.00E-06,5.00E-06,40457000000,40446000000,37316000000,13882000000,11536000000,11565000000,0.2843,0.3479,0.3478,3.01E-05,3.02E-05,4.68E-05
0,0,0,1,1,0,1,0,0,0,1,0,1,0,1,0,1,0,0,1,1,0,0,0,0,0,0.771405443,0.293274904,1.385088748,20000,0.4,6.00E-05,0.017,3000,72000,72000,72000,30000,30000,30000,0.2,0.2,0.2,5.00E-06,5.00E-06,5.00E-06,39051000000,39012000000,36064000000,13225000000,11690000000,11737000000,0.2886,0.3548,0.3544,3.17E-05,3.19E-05,4.54E-05
0,0,0,0,1,1,1,1,1,1,1,0,1,1,1,1,1,0,1,0,0,0,1,1,1,0,0.408496494,0.342693215,0.672851262,20000,0.4,6.00E-05,0.017,3000,72000,72000,72000,30000,30000,30000,0.2,0.2,0.2,5.00E-06,5.00E-06,5.00E-06,40478000000,40193000000,38139000000,13233000000,13095000000,13169000000,0.292,0.3425,0.3386,3.11E-05,3.18E-05,3.80E-05
0,1,0,1,0,0,0,0,0,1,0,1,0,0,1,1,1,0,1,0,1,0,0,0,0,0,0.331912342,0.208552403,0.588910261,20000,0.4,6.00E-05,0.017,3000,72000,72000,72000,30000,30000,30000,0.2,0.2,0.2,5.00E-06,5.00E-06,5.00E-06,39101000000,38848000000,36365000000,13004000000,12378000000,12351000000,0.2922,0.3536,0.3498,3.21E-05,3.24E-05,4.19E-05
1,1,1,0,1,0,0,1,0,0,1,1,1,1,0,1,1,0,1,1,0,1,0,0,0,0,0.336817242,0.127187,0.597995296,20000,0.4,6.00E-05,0.017,3000,72000,72000,72000,30000,30000,30000,0.2,0.2,0.2,5.00E-06,5.00E-06,5.00E-06,39259000000,39236000000,36216000000,13275000000,11756000000,11807000000,0.287,0.3546,0.3543,3.15E-05,3.16E-05,4.52E-05
0,1,0,1,1,0,0,0,1,1,0,1,1,1,0,0,0,0,1,0,1,0,0,0,1,0,0.801549377,0.102400231,1.381723778,20000,0.4,6.00E-05,0.017,3000,72000,72000,72000,30000,30000,30000,0.2,0.2,0.2,5.00E-06,5.00E-06,5.00E-06,40928000000,40920000000,37774000000,14147000000,11292000000,11312000000,0.2842,0.3444,0.3443,2.95E-05,2.96E-05,4.83E-05
0,0,1,0,1,0,0,0,1,0,1,1,0,0,1,1,0,1,1,0,0,0,0,0,1,0,0.825631613,0.233242255,1.311822773,20000,0.4,6.00E-05,0.017,3000,72000,72000,72000,30000,30000,30000,0.2,0.2,0.2,5.00E-06,5.00E-06,5.00E-06,41209000000,41145000000,38115000000,14049000000,12061000000,12111000000,0.2822,0.3446,0.3438,2.95E-05,2.97E-05,4.41E-05
0,1,0,1,0,1,1,0,0,1,1,1,0,1,0,0,1,0,1,1,1,0,1,1,0,0,0.223589721,0.127028556,0.414132872,20000,0.4,6.00E-05,0.017,3000,72000,72000,72000,30000,30000,30000,0.2,0.2,0.2,5.00E-06,5.00E-06,5.00E-06,38165000000,37955000000,35411000000,12758000000,11926000000,11927000000,0.2947,0.358,0.3549,3.30E-05,3.33E-05,4.38E-05
1,0,0,1,1,0,0,1,0,0,0,1,0,0,0,0,0,1,0,0,1,0,1,0,1,0,0.294085744,0.214134839,0.442957498,20000,0.4,6.00E-05,0.017,3000,72000,72000,72000,30000,30000,30000,0.2,0.2,0.2,5.00E-06,5.00E-06,5.00E-06,41515000000,41207000000,39118000000,13636000000,13419000000,13413000000,0.2884,0.3384,0.334,3.02E-05,3.06E-05,3.71E-05
0,1,0,1,0,1,1,0,1,1,1,0,0,0,1,1,1,1,0,1,1,1,1,1,0,0,0.273885205,0.202918519,0.500268862,20000,0.4,6.00E-05,0.017,3000,72000,72000,72000,30000,30000,30000,0.2,0.2,0.2,5.00E-06,5.00E-06,5.00E-06,38305000000,38043000000,35695000000,12553000000,12344000000,12324000000,0.2955,0.3565,0.3525,3.33E-05,3.36E-05,4.16E-05
1,1,0,0,0,1,0,1,0,1,1,0,0,0,1,0,0,0,1,1,0,1,0,1,0,0,0.635208127,0.268222207,1.181339075,20000,0.4,6.00E-05,0.017,3000,72000,72000,72000,30000,30000,30000,0.2,0.2,0.2,5.00E-06,5.00E-06,5.00E-06,38307000000,38160000000,35317000000,12869000000,11582000000,11608000000,0.2914,0.3594,0.3574,3.25E-05,3.29E-05,4.57E-05
0,0,1,1,0,0,0,1,0,0,0,0,0,1,1,0,0,1,1,0,0,1,1,0,1,0,0.66324547,0.15688654,0.995669261,20000,0.4,6.00E-05,0.017,3000,72000,72000,72000,30000,30000,30000,0.2,0.2,0.2,5.00E-06,5.00E-06,5.00E-06,41877000000,41859000000,38788000000,14291000000,12141000000,12171000000,0.2801,0.3408,0.3406,2.89E-05,2.90E-05,4.38E-05
1,0,1,0,0,0,1,0,1,0,1,1,1,1,1,1,0,1,0,0,1,1,1,1,1,0,0.809751863,0.378030689,1.329171632,20000,0.4,6.00E-05,0.017,3000,72000,72000,72000,30000,30000,30000,0.2,0.2,0.2,5.00E-06,5.00E-06,5.00E-06,40415000000,40371000000,37560000000,13577000000,12428000000,12489000000,0.2853,0.3471,0.3466,3.06E-05,3.07E-05,4.19E-05
1,1,0,1,1,1,1,0,0,1,1,1,0,1,1,0,1,0,0,0,0,1,0,0,0,0,0.529343083,0.328428209,0.821708494,20000,0.4,6.00E-05,0.017,3000,72000,72000,72000,30000,30000,30000,0.2,0.2,0.2,5.00E-06,5.00E-06,5.00E-06,40763000000,40506000000,38025000000,13373000000,13061000000,13015000000,0.2864,0.346,0.342,3.08E-05,3.10E-05,3.91E-05
1,1,0,0,0,0,1,0,0,1,1,0,0,1,0,0,1,1,1,0,0,1,0,1,0,0,0.886387453,0.318074835,1.49390432,20000,0.4,6.00E-05,0.017,3000,72000,72000,72000,30000,30000,30000,0.2,0.2,0.2,5.00E-06,5.00E-06,5.00E-06,40087000000,39959000000,37001000000,13582000000,11971000000,11974000000,0.2855,0.3511,0.3492,3.07E-05,3.08E-05,4.44E-05
1,1,0,1,1,0,0,0,1,1,0,1,0,0,0,0,0,0,0,1,1,0,0,1,1,0,0.360968768,0.365876003,0.672016362,20000,0.4,6.00E-05,0.017,3000,72000,72000,72000,30000,30000,30000,0.2,0.2,0.2,5.00E-06,5.00E-06,5.00E-06,38280000000,37891000000,36098000000,12310000000,12579000000,12579000000,0.3015,0.3519,0.346,3.39E-05,3.46E-05,3.94E-05
1,0,0,1,0,1,1,1,1,0,1,0,0,0,1,1,1,1,1,1,1,1,1,0,0,0,0.610080761,0.353823952,0.998809802,20000,0.4,6.00E-05,0.017,3000,72000,72000,72000,30000,30000,30000,0.2,0.2,0.2,5.00E-06,5.00E-06,5.00E-06,40313000000,40148000000,37552000000,13378000000,12713000000,12763000000,0.2871,0.3476,0.3453,3.09E-05,3.12E-05,4.05E-05
1,1,1,0,0,1,1,0,0,1,1,1,0,1,1,0,0,1,0,1,1,1,0,1,0,0,0.532721556,0.374003323,1.036151905,20000,0.4,6.00E-05,0.017,3000,72000,72000,72000,30000,30000,30000,0.2,0.2,0.2,5.00E-06,5.00E-06,5.00E-06,36546000000,36406000000,34170000000,12015000000,11694000000,11714000000,0.3026,0.3615,0.3593,3.54E-05,3.56E-05,4.37E-05
1,1,0,0,1,1,1,1,1,1,1,1,0,1,0,0,0,1,1,1,0,1,0,0,0,0,0.771761136,0.133665644,1.37002779,20000,0.4,6.00E-05,0.017,3000,72000,72000,72000,30000,30000,30000,0.2,0.2,0.2,5.00E-06,5.00E-06,5.00E-06,40219000000,40226000000,37086000000,13854000000,11256000000,11289000000,0.2857,0.3482,0.3484,3.02E-05,3.03E-05,4.83E-05
1,0,1,1,1,0,1,1,1,0,0,0,0,0,1,1,1,0,1,1,0,1,0,1,0,0,0.677720975,0.300917229,1.288531616,20000,0.4,6.00E-05,0.017,3000,72000,72000,72000,30000,30000,30000,0.2,0.2,0.2,5.00E-06,5.00E-06,5.00E-06,37522000000,37517000000,34693000000,12614000000,11419000000,11492000000,0.2939,0.3609,0.3611,3.35E-05,3.37E-05,4.62E-05
1,0,0,1,1,1,0,1,0,1,1,0,0,1,1,0,0,0,0,1,1,1,1,0,0,0,0.364109168,0.372510701,0.640837262,20000,0.4,6.00E-05,0.017,3000,72000,72000,72000,30000,30000,30000,0.2,0.2,0.2,5.00E-06,5.00E-06,5.00E-06,39873000000,39374000000,37761000000,12975000000,13054000000,13083000000,0.2988,0.3435,0.3364,3.20E-05,3.30E-05,3.77E-05
0,0,0,1,1,1,1,0,1,1,1,0,0,0,1,1,0,1,1,1,1,1,0,1,0,0,0.438875658,0.300934669,0.850722476,20000,0.4,6.00E-05,0.017,3000,72000,72000,72000,30000,30000,30000,0.2,0.2,0.2,5.00E-06,5.00E-06,5.00E-06,36606000000,36451000000,34138000000,12002000000,11692000000,11717000000,0.3013,0.3625,0.3601,3.53E-05,3.55E-05,4.38E-05
1,1,1,1,1,1,1,0,0,0,1,0,0,1,0,0,0,1,0,1,1,1,1,1,1,0,0.717567042,0.381814028,1.116224799,20000,0.4,6.00E-05,0.017,3000,72000,72000,72000,30000,30000,30000,0.2,0.2,0.2,5.00E-06,5.00E-06,5.00E-06,40841000000,40739000000,38073000000,13562000000,12799000000,12841000000,0.2849,0.3447,0.3433,3.04E-05,3.06E-05,4.02E-05
0,1,0,1,0,0,0,0,1,0,0,0,0,0,1,0,0,0,1,0,0,0,1,0,1,0,0.563218959,0.29599287,0.928406894,20000,0.4,6.00E-05,0.017,3000,72000,72000,72000,30000,30000,30000,0.2,0.2,0.2,5.00E-06,5.00E-06,5.00E-06,40280000000,40092000000,37437000000,13446000000,12533000000,12516000000,0.2871,0.3485,0.3456,3.09E-05,3.10E-05,4.15E-05
1,0,1,1,0,0,1,1,0,0,1,0,0,0,0,0,0,0,0,1,1,1,0,0,1,0,0.5418233,0.17485519,0.974231195,20000,0.4,6.00E-05,0.017,3000,72000,72000,72000,30000,30000,30000,0.2,0.2,0.2,5.00E-06,5.00E-06,5.00E-06,39262000000,39231000000,36193000000,13343000000,11545000000,11587000000,0.2875,0.3543,0.3539,3.14E-05,3.15E-05,4.63E-05
0,0,1,0,0,1,1,0,0,1,1,0,0,0,0,1,1,0,0,0,1,0,1,0,0,0,0.520252809,0.329864181,0.863434361,20000,0.4,6.00E-05,0.017,3000,72000,72000,72000,30000,30000,30000,0.2,0.2,0.2,5.00E-06,5.00E-06,5.00E-06,40065000000,39803000000,37301000000,13224000000,12762000000,12722000000,0.2887,0.3495,0.3455,3.13E-05,3.15E-05,4.03E-05
0,0,1,0,0,0,1,0,0,1,1,0,1,0,0,1,0,0,0,1,0,1,1,1,1,0,0.33778975,0.154516261,0.562201548,20000,0.4,6.00E-05,0.017,3000,72000,72000,72000,30000,30000,30000,0.2,0.2,0.2,5.00E-06,5.00E-06,5.00E-06,40174000000,40065000000,37235000000,13544000000,12311000000,12362000000,0.286,0.3494,0.348,3.07E-05,3.09E-05,4.26E-05
0,0,0,0,1,1,1,0,0,1,0,1,1,0,1,1,0,0,1,0,1,0,0,1,0,0,0.987552553,0.190738032,1.567464309,20000,0.4,6.00E-05,0.017,3000,72000,72000,72000,30000,30000,30000,0.2,0.2,0.2,5.00E-06,5.00E-06,5.00E-06,41608000000,41557000000,38442000000,14291000000,11817000000,11845000000,0.2813,0.3423,0.3418,2.90E-05,2.92E-05,4.55E-05
1,1,0,1,0,0,1,0,1,0,0,0,0,1,1,0,1,1,1,0,1,0,0,1,0,0,0.500549698,0.179056981,0.907226573,20000,0.4,6.00E-05,0.017,3000,72000,72000,72000,30000,30000,30000,0.2,0.2,0.2,5.00E-06,5.00E-06,5.00E-06,38953000000,38810000000,35865000000,13174000000,11596000000,11604000000,0.2889,0.3569,0.3549,3.18E-05,3.21E-05,4.60E-05
1,1,1,0,0,1,0,1,1,0,0,1,1,0,0,1,1,1,1,1,1,0,0,1,0,0,0.745722777,0.114870291,1.489991275,20000,0.4,6.00E-05,0.017,3000,72000,72000,72000,30000,30000,30000,0.2,0.2,0.2,5.00E-06,5.00E-06,5.00E-06,35482000000,35491000000,33185000000,11661000000,10134000000,10145000000,0.3088,0.3616,0.3618,3.64E-05,3.64E-05,5.17E-05
1,0,0,0,1,0,0,1,1,1,0,1,0,1,0,1,1,0,0,1,0,1,0,0,1,0,0.834600035,0.287225694,1.508225176,20000,0.4,6.00E-05,0.017,3000,72000,72000,72000,30000,30000,30000,0.2,0.2,0.2,5.00E-06,5.00E-06,5.00E-06,39038000000,38952000000,35977000000,13226000000,11563000000,11597000000,0.2886,0.3557,0.3546,3.17E-05,3.19E-05,4.61E-05
1,1,0,1,1,0,1,1,1,1,0,1,0,0,1,0,0,0,1,1,1,1,1,1,1,0,0.928792301,0.35815056,1.430669996,20000,0.4,6.00E-05,0.017,3000,72000,72000,72000,30000,30000,30000,0.2,0.2,0.2,5.00E-06,5.00E-06,5.00E-06,41233000000,41132000000,38223000000,13851000000,12519000000,12545000000,0.282,0.3449,0.3435,2.97E-05,3.00E-05,4.17E-05
0,0,1,1,1,1,0,1,1,1,0,0,1,1,0,0,0,1,0,1,0,1,1,1,0,0,0.653762262,0.229288447,1.220766897,20000,0.4,6.00E-05,0.017,3000,72000,72000,72000,30000,30000,30000,0.2,0.2,0.2,5.00E-06,5.00E-06,5.00E-06,38305000000,38204000000,35267000000,12947000000,11339000000,11366000000,0.291,0.3593,0.3579,3.24E-05,3.27E-05,4.70E-05
0,0,0,1,1,1,1,0,0,1,1,1,0,0,0,0,0,0,0,0,0,1,0,0,1,0,0.641224935,0.195863694,1.276562023,20000,0.4,6.00E-05,0.017,3000,72000,72000,72000,30000,30000,30000,0.2,0.2,0.2,5.00E-06,5.00E-06,5.00E-06,35346000000,35355000000,32893000000,11680000000,10446000000,10462000000,0.3057,0.3659,0.3661,3.64E-05,3.65E-05,4.99E-05
1,0,0,0,0,0,1,0,0,0,1,1,0,0,1,1,1,0,0,0,0,0,0,0,1,0,0.335732135,0.318674787,0.509379679,20000,0.4,6.00E-05,0.017,3000,72000,72000,72000,30000,30000,30000,0.2,0.2,0.2,5.00E-06,5.00E-06,5.00E-06,41816000000,41296000000,39730000000,13446000000,13717000000,13671000000,0.2922,0.3345,0.3271,3.04E-05,3.12E-05,3.52E-05
0,1,0,0,1,0,1,0,1,0,0,1,1,1,1,1,1,1,1,1,0,0,1,1,1,0,0.895120177,0.311075212,1.370228134,20000,0.4,6.00E-05,0.017,3000,72000,72000,72000,30000,30000,30000,0.2,0.2,0.2,5.00E-06,5.00E-06,5.00E-06,41385000000,41284000000,38333000000,13966000000,12429000000,12457000000,0.2815,0.3442,0.343,2.95E-05,2.98E-05,4.22E-05
1,0,1,1,1,0,0,1,0,1,0,0,1,1,1,1,0,0,0,0,1,1,1,1,1,0,0.275986179,0.198632036,0.432845435,20000,0.4,6.00E-05,0.017,3000,72000,72000,72000,30000,30000,30000,0.2,0.2,0.2,5.00E-06,5.00E-06,5.00E-06,40926000000,40652000000,38443000000,13414000000,13180000000,13207000000,0.2889,0.3421,0.3382,3.07E-05,3.11E-05,3.81E-05
0,0,0,0,0,0,1,0,0,1,1,0,1,0,0,1,1,0,0,1,1,1,1,1,0,0,0.230276914,0.130746845,0.45508221,20000,0.4,6.00E-05,0.017,3000,72000,72000,72000,30000,30000,30000,0.2,0.2,0.2,5.00E-06,5.00E-06,5.00E-06,35565000000,35595000000,33177000000,11756000000,11141000000,11196000000,0.3039,0.3655,0.366,3.63E-05,3.63E-05,4.63E-05
1,1,0,1,0,0,0,1,1,0,0,1,0,1,0,1,0,1,0,0,0,0,1,1,1,0,0.672557658,0.121022214,1.136446183,20000,0.4,6.00E-05,0.017,3000,72000,72000,72000,30000,30000,30000,0.2,0.2,0.2,5.00E-06,5.00E-06,5.00E-06,40829000000,40808000000,37670000000,14063000000,11483000000,11521000000,0.2838,0.3457,0.3455,2.96E-05,2.98E-05,4.72E-05
1,0,0,1,1,0,0,0,1,0,0,1,0,1,0,1,0,1,0,1,0,1,0,0,1,0,0.661116647,0.20910482,1.279668029,20000,0.4,6.00E-05,0.017,3000,72000,72000,72000,30000,30000,30000,0.2,0.2,0.2,5.00E-06,5.00E-06,5.00E-06,37272000000,37215000000,34400000000,12615000000,10948000000,10977000000,0.2959,0.3619,0.3611,3.37E-05,3.39E-05,4.87E-05
1,1,1,1,0,0,0,0,0,1,1,0,0,1,0,1,0,0,1,1,0,1,0,0,0,0,0.805330863,0.284491803,1.400247552,20000,0.4,6.00E-05,0.017,3000,72000,72000,72000,30000,30000,30000,0.2,0.2,0.2,5.00E-06,5.00E-06,5.00E-06,39734000000,39718000000,36677000000,13494000000,11819000000,11873000000,0.2858,0.352,0.3519,3.09E-05,3.11E-05,4.50E-05
1,1,1,0,1,1,1,0,1,1,0,0,0,0,0,0,0,1,1,1,1,0,0,0,0,0,0.26372077,0.10017554,0.486058597,20000,0.4,6.00E-05,0.017,3000,72000,72000,72000,30000,30000,30000,0.2,0.2,0.2,5.00E-06,5.00E-06,5.00E-06,38563000000,38633000000,35609000000,13045000000,11531000000,11615000000,0.2891,0.3566,0.3578,3.22E-05,3.23E-05,4.60E-05
1,0,0,1,1,1,1,0,1,0,1,1,0,0,0,0,0,1,0,1,1,1,1,1,1,0,0.59379721,0.296100735,1.077631196,20000,0.4,6.00E-05,0.017,3000,72000,72000,72000,30000,30000,30000,0.2,0.2,0.2,5.00E-06,5.00E-06,5.00E-06,38500000000,38433000000,35621000000,12868000000,11895000000,11923000000,0.2907,0.3574,0.3563,3.26E-05,3.27E-05,4.42E-05
0,0,1,0,1,1,0,1,0,1,1,1,0,1,1,1,0,1,0,1,0,0,0,1,1,0,0.526315802,0.277594827,0.804577896,20000,0.4,6.00E-05,0.017,3000,72000,72000,72000,30000,30000,30000,0.2,0.2,0.2,5.00E-06,5.00E-06,5.00E-06,41245000000,41032000000,38500000000,13774000000,12923000000,12900000000,0.2854,0.3427,0.3396,3.00E-05,3.02E-05,3.98E-05
1,0,1,1,1,1,0,1,0,0,0,0,1,1,1,0,1,0,0,1,1,1,0,0,0,0,0.803828623,0.36267913,1.465640932,20000,0.4,6.00E-05,0.017,3000,72000,72000,72000,30000,30000,30000,0.2,0.2,0.2,5.00E-06,5.00E-06,5.00E-06,38560000000,38491000000,35627000000,12976000000,11775000000,11815000000,0.2903,0.3574,0.3564,3.23E-05,3.25E-05,4.49E-05
1,1,0,0,1,1,0,0,0,0,0,0,0,1,1,1,1,1,0,0,1,1,1,0,1,0,0.988581749,0.16340648,1.746670185,20000,0.4,6.00E-05,0.017,3000,72000,72000,72000,30000,30000,30000,0.2,0.2,0.2,5.00E-06,5.00E-06,5.00E-06,40381000000,40373000000,37233000000,13911000000,11265000000,11296000000,0.2853,0.3475,0.3475,3.00E-05,3.02E-05,4.83E-05
0,1,1,0,0,0,0,0,1,1,0,1,1,1,1,1,0,0,1,0,0,1,1,1,1,0,0.889003556,0.223910417,1.428367221,20000,0.4,6.00E-05,0.017,3000,72000,72000,72000,30000,30000,30000,0.2,0.2,0.2,5.00E-06,5.00E-06,5.00E-06,41147000000,41158000000,38048000000,14064000000,11930000000,11969000000,0.2819,0.3444,0.3446,2.96E-05,2.96E-05,4.48E-05
1,1,0,0,0,1,0,0,0,0,0,0,1,1,0,0,0,0,0,1,1,0,1,0,0,0,0.283937487,0.374597684,0.497643916,20000,0.4,6.00E-05,0.017,3000,72000,72000,72000,30000,30000,30000,0.2,0.2,0.2,5.00E-06,5.00E-06,5.00E-06,40502000000,39982000000,38926000000,13034000000,13403000000,13399000000,0.3024,0.3344,0.327,3.20E-05,3.30E-05,3.54E-05
1,0,0,1,1,0,0,1,0,0,0,1,1,0,0,0,1,0,0,1,0,0,0,1,1,0,0.280496726,0.166230689,0.454744042,20000,0.4,6.00E-05,0.017,3000,72000,72000,72000,30000,30000,30000,0.2,0.2,0.2,5.00E-06,5.00E-06,5.00E-06,40337000000,40107000000,37549000000,13346000000,12804000000,12789000000,0.2873,0.3483,0.3448,3.10E-05,3.12E-05,4.02E-05
0,1,1,1,0,0,0,1,1,0,0,1,0,1,1,1,1,0,1,0,1,0,0,1,1,0,0.790397127,0.364731161,1.391137389,20000,0.4,6.00E-05,0.017,3000,72000,72000,72000,30000,30000,30000,0.2,0.2,0.2,5.00E-06,5.00E-06,5.00E-06,39258000000,39134000000,36274000000,13190000000,12025000000,12036000000,0.2882,0.3548,0.353,3.16E-05,3.18E-05,4.39E-05
1,1,0,1,1,1,0,1,1,0,1,1,1,0,1,1,1,0,0,0,0,1,1,1,1,0,0.588441639,0.25104291,0.891830783,20000,0.4,6.00E-05,0.017,3000,72000,72000,72000,30000,30000,30000,0.2,0.2,0.2,5.00E-06,5.00E-06,5.00E-06,41344000000,41255000000,38465000000,13891000000,12693000000,12731000000,0.2828,0.3429,0.3417,2.97E-05,2.99E-05,4.09E-05
1,1,0,1,1,0,1,0,0,1,0,1,1,0,1,0,1,0,0,0,1,0,0,1,0,0,0.648938241,0.221129453,1.058194741,20000,0.4,6.00E-05,0.017,3000,72000,72000,72000,30000,30000,30000,0.2,0.2,0.2,5.00E-06,5.00E-06,5.00E-06,40727000000,40577000000,37623000000,13788000000,12140000000,12151000000,0.2837,0.3481,0.3461,3.00E-05,3.03E-05,4.36E-05
0,0,1,1,1,0,1,0,1,1,1,0,1,1,1,0,1,1,1,0,1,0,0,1,1,0,0.814287243,0.140709313,1.543172648,20000,0.4,6.00E-05,0.017,3000,72000,72000,72000,30000,30000,30000,0.2,0.2,0.2,5.00E-06,5.00E-06,5.00E-06,38730000000,38706000000,35731000000,13288000000,10828000000,10857000000,0.2918,0.3541,0.3539,3.18E-05,3.20E-05,5.01E-05
0,1,1,0,0,1,0,0,0,0,0,0,1,1,0,1,0,1,1,1,1,1,0,0,0,0,0.954087976,0.299549521,1.716265452,20000,0.4,6.00E-05,0.017,3000,72000,72000,72000,30000,30000,30000,0.2,0.2,0.2,5.00E-06,5.00E-06,5.00E-06,39301000000,39299000000,36226000000,13363000000,11528000000,11576000000,0.287,0.354,0.3541,3.14E-05,3.14E-05,4.64E-05
1,0,1,0,0,1,1,1,1,1,1,0,0,1,0,1,0,1,0,1,0,0,0,1,1,0,0.210935699,0.204487003,0.326102996,20000,0.4,6.00E-05,0.017,3000,72000,72000,72000,30000,30000,30000,0.2,0.2,0.2,5.00E-06,5.00E-06,5.00E-06,42338000000,41933000000,40479000000,13925000000,13792000000,13867000000,0.2925,0.3284,0.3232,2.95E-05,3.05E-05,3.49E-05
0,1,0,1,1,1,0,0,1,1,1,1,1,1,1,1,0,1,1,1,0,1,0,1,0,0,0.946121482,0.10460479,1.623365754,20000,0.4,6.00E-05,0.017,3000,72000,72000,72000,30000,30000,30000,0.2,0.2,0.2,5.00E-06,5.00E-06,5.00E-06,41057000000,41034000000,37896000000,14210000000,11260000000,11280000000,0.2842,0.3436,0.3434,2.94E-05,2.95E-05,4.85E-05
0,0,0,1,0,1,1,1,1,0,1,1,0,0,0,1,0,0,1,1,1,1,1,0,0,0,0.630239646,0.336770085,1.260347904,20000,0.4,6.00E-05,0.017,3000,72000,72000,72000,30000,30000,30000,0.2,0.2,0.2,5.00E-06,5.00E-06,5.00E-06,34184000000,34246000000,32205000000,10953000000,10771000000,10830000000,0.3125,0.3666,0.3677,3.87E-05,3.86E-05,4.65E-05
0,0,1,1,1,1,0,1,1,0,0,0,0,0,0,1,1,0,1,1,1,1,0,0,0,0,0.658572959,0.184375359,1.169818543,20000,0.4,6.00E-05,0.017,3000,72000,72000,72000,30000,30000,30000,0.2,0.2,0.2,5.00E-06,5.00E-06,5.00E-06,39631000000,39671000000,36552000000,13530000000,11512000000,11568000000,0.286,0.3519,0.3525,3.10E-05,3.10E-05,4.66E-05
0,0,1,0,1,0,0,1,0,1,1,0,0,0,1,1,0,0,0,1,1,0,1,1,1,0,0.368662994,0.397089373,0.726889767,20000,0.4,6.00E-05,0.017,3000,72000,72000,72000,30000,30000,30000,0.2,0.2,0.2,5.00E-06,5.00E-06,5.00E-06,35784000000,35424000000,33931000000,11387000000,11865000000,11682000000,0.3132,0.3598,0.3533,3.75E-05,3.75E-05,4.16E-05
0,1,0,1,0,0,1,1,0,0,1,1,0,0,0,1,1,1,1,0,0,1,0,0,0,0,0.720471935,0.310816854,1.12869838,20000,0.4,6.00E-05,0.017,3000,72000,72000,72000,30000,30000,30000,0.2,0.2,0.2,5.00E-06,5.00E-06,5.00E-06,40871000000,40714000000,37874000000,13695000000,12545000000,12555000000,0.2835,0.347,0.3448,3.01E-05,3.04E-05,4.17E-05
0,0,1,1,1,1,0,1,1,1,0,0,1,0,1,0,0,1,0,0,1,1,0,1,0,0,0.481075071,0.283479995,0.753681741,20000,0.4,6.00E-05,0.017,3000,72000,72000,72000,30000,30000,30000,0.2,0.2,0.2,5.00E-06,5.00E-06,5.00E-06,40885000000,40646000000,38175000000,13579000000,12964000000,12950000000,0.2868,0.3445,0.341,3.05E-05,3.07E-05,3.95E-05
1,1,1,1,0,0,1,0,0,0,0,1,0,1,1,1,0,0,1,0,1,0,0,1,1,0,0.595262618,0.149908722,0.959422276,20000,0.4,6.00E-05,0.017,3000,72000,72000,72000,30000,30000,30000,0.2,0.2,0.2,5.00E-06,5.00E-06,5.00E-06,41139000000,41087000000,38006000000,14045000000,11929000000,11948000000,0.2821,0.3451,0.3444,2.96E-05,2.97E-05,4.48E-05
1,1,0,1,0,0,1,1,0,1,0,1,1,0,0,1,1,0,0,0,1,0,1,1,0,0,0.499427809,0.134516349,0.952757658,20000,0.4,6.00E-05,0.017,3000,72000,72000,72000,30000,30000,30000,0.2,0.2,0.2,5.00E-06,5.00E-06,5.00E-06,37983000000,37892000000,35007000000,12915000000,10979000000,10998000000,0.2936,0.3591,0.358,3.28E-05,3.31E-05,4.89E-05
0,1,1,0,1,0,0,0,0,0,0,1,0,0,1,0,1,1,0,1,1,0,0,1,0,0,0.918709116,0.220618979,1.606161826,20000,0.4,6.00E-05,0.017,3000,72000,72000,72000,30000,30000,30000,0.2,0.2,0.2,5.00E-06,5.00E-06,5.00E-06,40118000000,40095000000,36995000000,13753000000,11506000000,11542000000,0.2854,0.3496,0.3494,3.04E-05,3.06E-05,4.69E-05
0,1,1,0,1,1,1,0,1,0,0,1,1,0,1,1,0,1,0,0,1,0,0,1,0,0,0.355899516,0.104587786,0.660406188,20000,0.4,6.00E-05,0.017,3000,72000,72000,72000,30000,30000,30000,0.2,0.2,0.2,5.00E-06,5.00E-06,5.00E-06,38610000000,38523000000,35592000000,13168000000,11248000000,11282000000,0.2911,0.3567,0.3556,3.20E-05,3.23E-05,4.77E-05
0,0,0,0,1,1,0,1,0,0,1,0,1,0,1,1,1,0,1,0,1,0,1,1,1,0,0.286918663,0.321357618,0.557187973,20000,0.4,6.00E-05,0.017,3000,72000,72000,72000,30000,30000,30000,0.2,0.2,0.2,5.00E-06,5.00E-06,5.00E-06,37385000000,37022000000,35723000000,12099000000,12336000000,12334000000,0.3107,0.349,0.3435,3.52E-05,3.59E-05,3.94E-05
0,0,1,0,0,0,0,1,0,1,0,1,0,0,1,0,1,1,1,0,1,0,0,1,0,0,0.499838285,0.150885196,0.839330962,20000,0.4,6.00E-05,0.017,3000,72000,72000,72000,30000,30000,30000,0.2,0.2,0.2,5.00E-06,5.00E-06,5.00E-06,40316000000,40215000000,37177000000,13725000000,11838000000,11853000000,0.2845,0.3499,0.3485,3.03E-05,3.05E-05,4.52E-05
0,1,0,0,0,0,0,1,1,1,1,0,1,0,1,1,1,1,1,1,0,1,0,1,1,0,0.945787211,0.339224806,1.494574697,20000,0.4,6.00E-05,0.017,3000,72000,72000,72000,30000,30000,30000,0.2,0.2,0.2,5.00E-06,5.00E-06,5.00E-06,40967000000,40894000000,37940000000,13839000000,12314000000,12343000000,0.2827,0.346,0.345,2.99E-05,3.01E-05,4.27E-05
1,1,0,0,0,0,1,0,1,0,1,0,1,0,0,1,0,0,1,0,0,1,1,0,1,0,0.427460496,0.248435804,0.705602877,20000,0.4,6.00E-05,0.017,3000,72000,72000,72000,30000,30000,30000,0.2,0.2,0.2,5.00E-06,5.00E-06,5.00E-06,40341000000,40135000000,37665000000,13528000000,12681000000,12666000000,0.289,0.3463,0.3432,3.09E-05,3.11E-05,4.07E-05
0,1,0,0,1,0,1,0,0,1,0,0,0,0,0,1,1,0,1,0,1,1,0,0,1,0,0.35339173,0.334874087,0.60220672,20000,0.4,6.00E-05,0.017,3000,72000,72000,72000,30000,30000,30000,0.2,0.2,0.2,5.00E-06,5.00E-06,5.00E-06,40018000000,39656000000,37813000000,12997000000,13145000000,13011000000,0.2956,0.3438,0.338,3.21E-05,3.23E-05,3.78E-05
1,0,1,0,0,1,0,1,1,0,1,1,1,0,0,1,1,1,1,1,0,1,0,1,0,0,0.264468452,0.180156652,0.491611849,20000,0.4,6.00E-05,0.017,3000,72000,72000,72000,30000,30000,30000,0.2,0.2,0.2,5.00E-06,5.00E-06,5.00E-06,38114000000,37905000000,35495000000,12588000000,12149000000,12156000000,0.2957,0.3571,0.3539,3.33E-05,3.37E-05,4.24E-05
0,0,1,0,1,0,0,1,0,0,0,0,1,0,0,1,0,1,1,0,1,0,0,0,1,0,0.749201458,0.314229873,1.255914531,20000,0.4,6.00E-05,0.017,3000,72000,72000,72000,30000,30000,30000,0.2,0.2,0.2,5.00E-06,5.00E-06,5.00E-06,40062000000,39909000000,36987000000,13464000000,12199000000,12171000000,0.2852,0.3519,0.3496,3.08E-05,3.10E-05,4.33E-05
0,0,1,0,0,1,0,1,0,1,0,1,0,1,0,1,0,0,1,1,0,1,1,1,0,0,0.632842075,0.293617891,1.244240909,20000,0.4,6.00E-05,0.017,3000,72000,72000,72000,30000,30000,30000,0.2,0.2,0.2,5.00E-06,5.00E-06,5.00E-06,36096000000,36073000000,33516000000,12020000000,11063000000,11118000000,0.3011,0.3651,0.3648,3.54E-05,3.56E-05,4.71E-05
0,0,0,0,1,0,0,1,1,1,1,1,1,0,0,1,1,1,1,1,1,0,0,0,0,0,0.606928331,0.127488732,0.96585456,20000,0.4,6.00E-05,0.017,3000,72000,72000,72000,30000,30000,30000,0.2,0.2,0.2,5.00E-06,5.00E-06,5.00E-06,41399000000,41445000000,38285000000,14188000000,11849000000,11884000000,0.2811,0.3428,0.3435,2.93E-05,2.92E-05,4.52E-05
0,1,1,1,0,0,1,1,1,1,0,0,1,0,1,1,0,0,0,1,1,0,0,1,0,0,0.38911877,0.169055987,0.747468148,20000,0.4,6.00E-05,0.017,3000,72000,72000,72000,30000,30000,30000,0.2,0.2,0.2,5.00E-06,5.00E-06,5.00E-06,37220000000,37073000000,34344000000,12458000000,11291000000,11313000000,0.2958,0.3636,0.3615,3.38E-05,3.42E-05,4.67E-05
0,0,0,0,1,0,0,0,1,0,1,1,1,0,1,0,1,0,0,1,1,0,1,1,0,0,0.207113499,0.323117753,0.361670899,20000,0.4,6.00E-05,0.017,3000,72000,72000,72000,30000,30000,30000,0.2,0.2,0.2,5.00E-06,5.00E-06,5.00E-06,41645000000,41250000000,40691000000,13500000000,13695000000,13802000000,0.3038,0.3213,0.3163,3.10E-05,3.22E-05,3.33E-05
1,0,1,0,1,1,1,0,0,1,0,0,1,1,1,1,0,1,0,0,0,1,0,0,1,0,0.677985561,0.321165133,1.352158582,20000,0.4,6.00E-05,0.017,3000,72000,72000,72000,30000,30000,30000,0.2,0.2,0.2,5.00E-06,5.00E-06,5.00E-06,34862000000,34803000000,32617000000,11388000000,10780000000,10814000000,0.3092,0.3669,0.3661,3.74E-05,3.76E-05,4.74E-05
1,1,0,1,0,0,0,0,1,0,0,0,0,1,0,0,1,0,1,1,1,0,1,1,0,0,0.307660483,0.139824162,0.57542864,20000,0.4,6.00E-05,0.017,3000,72000,72000,72000,30000,30000,30000,0.2,0.2,0.2,5.00E-06,5.00E-06,5.00E-06,38073000000,37899000000,35146000000,12757000000,11622000000,11621000000,0.2929,0.3601,0.3576,3.29E-05,3.33E-05,4.54E-05
0,0,1,0,0,1,0,1,0,1,1,1,1,1,1,0,1,1,1,0,1,0,1,0,0,0,0.990392646,0.326105076,1.509696273,20000,0.4,6.00E-05,0.017,3000,72000,72000,72000,30000,30000,30000,0.2,0.2,0.2,5.00E-06,5.00E-06,5.00E-06,41485000000,41385000000,38428000000,14018000000,12399000000,12421000000,0.2813,0.3436,0.3424,2.94E-05,2.96E-05,4.24E-05
1,1,0,1,0,0,0,1,0,1,1,0,0,0,0,1,0,1,0,0,1,0,0,0,1,0,0.604908103,0.222560144,1.09606295,20000,0.4,6.00E-05,0.017,3000,72000,72000,72000,30000,30000,30000,0.2,0.2,0.2,5.00E-06,5.00E-06,5.00E-06,38955000000,38865000000,35935000000,13193000000,11617000000,11647000000,0.2892,0.3558,0.3546,3.18E-05,3.20E-05,4.58E-05
1,1,0,0,0,1,1,0,1,0,1,0,1,0,1,1,1,0,0,0,0,0,1,0,1,0,0.735251693,0.167345969,1.213518529,20000,0.4,6.00E-05,0.017,3000,72000,72000,72000,30000,30000,30000,0.2,0.2,0.2,5.00E-06,5.00E-06,5.00E-06,40870000000,40855000000,37730000000,14025000000,11705000000,11739000000,0.283,0.3459,0.3458,2.97E-05,2.98E-05,4.60E-05
1,1,1,0,0,0,0,1,0,0,1,0,0,0,1,0,1,0,1,1,1,1,0,0,1,0,0.829617111,0.296693061,1.482087077,20000,0.4,6.00E-05,0.017,3000,72000,72000,72000,30000,30000,30000,0.2,0.2,0.2,5.00E-06,5.00E-06,5.00E-06,39180000000,39120000000,36113000000,13264000000,11655000000,11692000000,0.2876,0.3552,0.3544,3.15E-05,3.17E-05,4.57E-05
1,1,0,1,1,1,0,0,0,0,1,0,0,0,0,1,1,1,1,0,0,1,1,1,0,0,0.90627611,0.120216544,1.415921414,20000,0.4,6.00E-05,0.017,3000,72000,72000,72000,30000,30000,30000,0.2,0.2,0.2,5.00E-06,5.00E-06,5.00E-06,42099000000,42081000000,38930000000,14526000000,11714000000,11744000000,0.2804,0.339,0.3389,2.85E-05,2.86E-05,4.61E-05
1,1,1,1,0,1,0,0,0,0,0,0,1,0,0,0,0,0,0,1,0,0,1,0,1,0,0.241419719,0.303851529,0.461777043,20000,0.4,6.00E-05,0.017,3000,72000,72000,72000,30000,30000,30000,0.2,0.2,0.2,5.00E-06,5.00E-06,5.00E-06,38095000000,37688000000,36465000000,12200000000,12603000000,12617000000,0.3089,0.3456,0.3396,3.45E-05,3.55E-05,3.82E-05
1,1,1,1,1,1,1,1,0,0,0,0,1,0,1,1,0,0,0,1,0,1,1,1,0,0,0.563000542,0.138885463,1.078524553,20000,0.4,6.00E-05,0.017,3000,72000,72000,72000,30000,30000,30000,0.2,0.2,0.2,5.00E-06,5.00E-06,5.00E-06,37989000000,38003000000,35035000000,12954000000,10895000000,10936000000,0.2929,0.3582,0.3586,3.27E-05,3.28E-05,4.93E-05
0,0,1,0,0,0,1,0,0,0,1,1,0,0,1,0,1,0,0,1,0,1,0,0,0,0,0.612087106,0.313026423,0.993527413,20000,0.4,6.00E-05,0.017,3000,72000,72000,72000,30000,30000,30000,0.2,0.2,0.2,5.00E-06,5.00E-06,5.00E-06,40395000000,40172000000,37475000000,13415000000,12601000000,12575000000,0.286,0.3492,0.3458,3.08E-05,3.10E-05,4.12E-05
1,0,1,1,1,0,0,0,1,1,1,1,1,0,0,0,0,0,1,0,1,1,1,1,0,0,0.559733869,0.101605053,1.109506253,20000,0.4,6.00E-05,0.017,3000,72000,72000,72000,30000,30000,30000,0.2,0.2,0.2,5.00E-06,5.00E-06,5.00E-06,36579000000,36642000000,33977000000,12340000000,10369000000,10391000000,0.3013,0.3599,0.3609,3.47E-05,3.46E-05,5.15E-05
1,1,0,1,0,1,0,0,1,1,1,0,1,0,1,1,0,1,1,1,0,0,1,0,1,15,0.658113937,0.204729888,1.272384002,20000,0.4,6.00E-05,0.017,3000,72000,72000,72000,30000,30000,30000,0.2,0.2,0.2,5.00E-06,5.00E-06,5.00E-06,37757000000,37397000000,35207000000,12973000000,11188000000,11261000000,0.303,0.3553,0.3508,3.25E-05,3.40E-05,4.72E-05
1,0,1,1,1,1,0,1,1,1,0,1,1,1,0,0,1,0,1,0,1,0,0,1,0,15,0.783068678,0.187435278,1.633373373,20000,0.4,6.00E-05,0.017,3000,72000,72000,72000,30000,30000,30000,0.2,0.2,0.2,5.00E-06,5.00E-06,5.00E-06,35494000000,35003000000,33312000000,11886000000,10368000000,10519000000,0.3167,0.3615,0.355,3.52E-05,3.75E-05,4.98E-05
1,0,0,0,0,0,0,1,0,0,0,0,1,0,0,1,1,1,1,0,0,0,0,1,0,15,0.721737348,0.206256105,1.512711739,20000,0.4,6.00E-05,0.017,3000,72000,72000,72000,30000,30000,30000,0.2,0.2,0.2,5.00E-06,5.00E-06,5.00E-06,35294000000,34823000000,33139000000,11794000000,10432000000,10592000000,0.317,0.3624,0.3563,3.55E-05,3.78E-05,4.92E-05
1,1,0,1,1,1,1,1,0,1,1,1,0,0,0,0,0,1,1,0,0,0,0,1,0,15,0.898318119,0.343423592,1.594679731,20000,0.4,6.00E-05,0.017,3000,72000,72000,72000,30000,30000,30000,0.2,0.2,0.2,5.00E-06,5.00E-06,5.00E-06,39049000000,38534000000,36367000000,13341000000,11854000000,11925000000,0.2982,0.352,0.3454,3.12E-05,3.29E-05,4.41E-05
0,0,0,1,1,1,1,1,1,0,0,1,1,1,1,0,0,1,1,0,0,0,0,0,0,15,0.412603414,0.207958402,0.916196359,20000,0.4,6.00E-05,0.017,3000,72000,72000,72000,30000,30000,30000,0.2,0.2,0.2,5.00E-06,5.00E-06,5.00E-06,34061000000,33665000000,32133000000,11252000000,10567000000,10751000000,0.3214,0.3666,0.3614,3.73E-05,3.95E-05,4.75E-05
1,1,1,1,1,0,1,1,0,0,1,0,0,1,0,0,0,1,0,1,0,0,0,0,0,15,0.703711697,0.386728222,1.53477142,20000,0.4,6.00E-05,0.017,3000,72000,72000,72000,30000,30000,30000,0.2,0.2,0.2,5.00E-06,5.00E-06,5.00E-06,34158000000,33774000000,32358000000,11276000000,10730000000,10974000000,0.3223,0.3644,0.3597,3.72E-05,3.97E-05,4.63E-05
0,1,0,0,0,0,1,1,0,1,0,1,0,0,0,0,1,0,0,0,1,1,0,0,1,15,0.69121907,0.168018528,1.512373623,20000,0.4,6.00E-05,0.017,3000,72000,72000,72000,30000,30000,30000,0.2,0.2,0.2,5.00E-06,5.00E-06,5.00E-06,34974000000,34478000000,32826000000,11688000000,10227000000,10357000000,0.3189,0.3637,0.3569,3.58E-05,3.81E-05,5.05E-05
1,1,0,0,0,0,0,0,0,0,1,1,1,0,1,1,1,0,1,0,0,1,0,0,0,15,0.786805248,0.395184197,1.550156087,20000,0.4,6.00E-05,0.017,3000,72000,72000,72000,30000,30000,30000,0.2,0.2,0.2,5.00E-06,5.00E-06,5.00E-06,36928000000,36290000000,34450000000,12428000000,11463000000,11516000000,0.3081,0.361,0.3521,3.36E-05,3.58E-05,4.50E-05
0,0,1,1,1,0,1,0,0,1,0,1,1,0,0,0,1,1,1,1,0,0,1,0,1,15,0.401585189,0.213652101,0.765681577,20000,0.4,6.00E-05,0.017,3000,72000,72000,72000,30000,30000,30000,0.2,0.2,0.2,5.00E-06,5.00E-06,5.00E-06,37657000000,36993000000,35151000000,12689000000,11775000000,11787000000,0.3057,0.3579,0.3487,3.29E-05,3.49E-05,4.39E-05
1,1,0,0,1,0,0,0,0,1,0,0,1,1,1,0,1,1,1,0,0,1,0,0,1,15,0.496302309,0.18856056,0.877762498,20000,0.4,6.00E-05,0.017,3000,72000,72000,72000,30000,30000,30000,0.2,0.2,0.2,5.00E-06,5.00E-06,5.00E-06,39239000000,38651000000,36472000000,13408000000,11857000000,11918000000,0.2976,0.3522,0.3446,3.09E-05,3.28E-05,4.42E-05
0,0,0,1,1,1,1,0,1,0,1,1,1,0,0,1,0,0,1,0,0,0,1,0,1,15,0.908551763,0.304963433,1.728234915,20000,0.4,6.00E-05,0.017,3000,72000,72000,72000,30000,30000,30000,0.2,0.2,0.2,5.00E-06,5.00E-06,5.00E-06,38013000000,37682000000,35466000000,13060000000,11342000000,11426000000,0.3017,0.3541,0.3501,3.23E-05,3.37E-05,4.64E-05
0,0,0,1,0,0,1,0,1,1,0,0,1,0,0,1,0,1,0,0,0,0,0,1,0,15,0.922274963,0.284633532,2.037152691,20000,0.4,6.00E-05,0.017,3000,72000,72000,72000,30000,30000,30000,0.2,0.2,0.2,5.00E-06,5.00E-06,5.00E-06,34684000000,34165000000,32551000000,11549000000,10308000000,10436000000,0.3197,0.3655,0.3584,3.62E-05,3.86E-05,4.97E-05
0,1,0,0,1,1,0,0,1,0,1,0,0,1,0,1,0,1,1,0,1,0,1,1,1,15,0.409031567,0.311321932,0.922902342,20000,0.4,6.00E-05,0.017,3000,72000,72000,72000,30000,30000,30000,0.2,0.2,0.2,5.00E-06,5.00E-06,5.00E-06,33809000000,33226000000,32182000000,11051000000,10909000000,11047000000,0.3278,0.3649,0.3566,3.80E-05,4.07E-05,4.49E-05
0,0,1,1,1,0,0,0,1,0,0,0,1,0,1,0,1,0,0,1,1,0,0,1,0,15,0.295200359,0.14479075,0.63699993,20000,0.4,6.00E-05,0.017,3000,72000,72000,72000,30000,30000,30000,0.2,0.2,0.2,5.00E-06,5.00E-06,5.00E-06,34394000000,33926000000,32453000000,11385000000,10670000000,10839000000,0.3212,0.3652,0.359,3.68E-05,3.93E-05,4.71E-05
0,0,1,0,0,1,0,1,0,0,0,0,1,0,0,0,0,0,1,0,0,0,1,1,0,15,0.642485013,0.22322719,1.359436713,20000,0.4,6.00E-05,0.017,3000,72000,72000,72000,30000,30000,30000,0.2,0.2,0.2,5.00E-06,5.00E-06,5.00E-06,35005000000,34512000000,32859000000,11650000000,10498000000,10642000000,0.3178,0.3643,0.3577,3.59E-05,3.82E-05,4.87E-05
0,1,1,0,0,1,0,0,0,1,1,0,0,1,0,1,1,0,1,1,1,0,1,1,0,15,0.963574448,0.280127301,2.05842083,20000,0.4,6.00E-05,0.017,3000,72000,72000,72000,30000,30000,30000,0.2,0.2,0.2,5.00E-06,5.00E-06,5.00E-06,35052000000,34634000000,32965000000,11713000000,10392000000,10578000000,0.3179,0.3625,0.3573,3.58E-05,3.82E-05,4.92E-05
1,1,1,1,1,0,0,0,0,0,0,0,1,1,1,1,1,1,1,0,1,0,0,1,1,15,0.865777031,0.236178571,1.567908345,20000,0.4,6.00E-05,0.017,3000,72000,72000,72000,30000,30000,30000,0.2,0.2,0.2,5.00E-06,5.00E-06,5.00E-06,39116000000,38817000000,36463000000,13495000000,11482000000,11586000000,0.2971,0.3495,0.346,3.11E-05,3.24E-05,4.60E-05
0,1,1,1,0,0,1,1,1,0,0,1,0,0,0,1,1,0,1,0,1,0,0,1,0,15,0.303963054,0.250536096,0.627698346,20000,0.4,6.00E-05,0.017,3000,72000,72000,72000,30000,30000,30000,0.2,0.2,0.2,5.00E-06,5.00E-06,5.00E-06,34846000000,34260000000,33148000000,11405000000,11335000000,11435000000,0.3231,0.3614,0.3527,3.70E-05,3.92E-05,4.34E-05
1,1,1,1,0,1,0,1,1,0,1,0,1,1,1,1,0,1,0,1,0,0,0,1,0,15,0.753373191,0.229511709,1.514163293,20000,0.4,6.00E-05,0.017,3000,72000,72000,72000,30000,30000,30000,0.2,0.2,0.2,5.00E-06,5.00E-06,5.00E-06,36826000000,36453000000,34396000000,12574000000,10923000000,11015000000,0.3074,0.3585,0.3537,3.37E-05,3.53E-05,4.79E-05
0,0,0,0,1,0,0,0,0,1,0,0,0,0,0,0,1,0,0,0,0,0,0,1,1,15,0.517966046,0.134709431,1.124655779,20000,0.4,6.00E-05,0.017,3000,72000,72000,72000,30000,30000,30000,0.2,0.2,0.2,5.00E-06,5.00E-06,5.00E-06,34954000000,34517000000,32813000000,11689000000,10250000000,10391000000,0.3182,0.3636,0.3578,3.59E-05,3.80E-05,5.03E-05
0,0,1,1,0,0,1,0,0,1,0,1,0,1,0,1,1,1,1,0,0,0,0,0,1,15,0.639308494,0.197514629,1.218229747,20000,0.4,6.00E-05,0.017,3000,72000,72000,72000,30000,30000,30000,0.2,0.2,0.2,5.00E-06,5.00E-06,5.00E-06,38080000000,37701000000,35472000000,13089000000,11278000000,11353000000,0.3016,0.3545,0.3498,3.21E-05,3.37E-05,4.68E-05
1,0,0,0,1,1,0,1,0,0,1,0,0,1,1,1,1,1,0,0,1,1,1,0,1,15,0.711564037,0.240572112,1.556915658,20000,0.4,6.00E-05,0.017,3000,72000,72000,72000,30000,30000,30000,0.2,0.2,0.2,5.00E-06,5.00E-06,5.00E-06,34603000000,34182000000,32530000000,11527000000,10380000000,10541000000,0.3192,0.365,0.3596,3.64E-05,3.86E-05,4.92E-05
1,1,1,0,1,1,1,0,1,0,0,1,0,0,0,1,0,1,1,1,1,1,1,1,1,15,0.486051733,0.263351044,1.020191476,20000,0.4,6.00E-05,0.017,3000,72000,72000,72000,30000,30000,30000,0.2,0.2,0.2,5.00E-06,5.00E-06,5.00E-06,34614000000,34110000000,32652000000,11397000000,10819000000,11000000000,0.3202,0.3649,0.3581,3.67E-05,3.91E-05,4.63E-05
0,0,0,1,0,1,1,1,1,1,1,0,1,1,1,0,1,0,1,1,0,0,0,1,0,15,0.314740367,0.316986869,0.554496418,20000,0.4,6.00E-05,0.017,3000,72000,72000,72000,30000,30000,30000,0.2,0.2,0.2,5.00E-06,5.00E-06,5.00E-06,39303000000,38493000000,37556000000,12895000000,12900000000,13000000000,0.3092,0.342,0.3312,3.20E-05,3.45E-05,3.74E-05
0,1,1,0,0,0,1,0,1,1,0,0,1,1,1,1,0,1,1,1,1,0,1,0,0,15,0.835533596,0.256920428,1.858557092,20000,0.4,6.00E-05,0.017,3000,72000,72000,72000,30000,30000,30000,0.2,0.2,0.2,5.00E-06,5.00E-06,5.00E-06,34559000000,34110000000,32472000000,11524000000,10280000000,10430000000,0.3198,0.3652,0.3593,3.64E-05,3.87E-05,4.98E-05
1,0,0,0,1,0,0,0,0,1,0,0,0,0,0,0,1,0,0,1,0,0,1,0,0,15,0.467988698,0.222978743,1.00301269,20000,0.4,6.00E-05,0.017,3000,72000,72000,72000,30000,30000,30000,0.2,0.2,0.2,5.00E-06,5.00E-06,5.00E-06,34553000000,34017000000,32527000000,11400000000,10690000000,10850000000,0.3203,0.3659,0.3587,3.66E-05,3.92E-05,4.71E-05
1,0,0,0,0,1,0,0,0,1,0,1,1,0,1,1,0,0,0,0,1,0,0,0,1,15,0.687789075,0.360588228,1.287179182,20000,0.4,6.00E-05,0.017,3000,72000,72000,72000,30000,30000,30000,0.2,0.2,0.2,5.00E-06,5.00E-06,5.00E-06,37891000000,37130000000,35285000000,12735000000,11828000000,11833000000,0.3048,0.3585,0.3478,3.26E-05,3.47E-05,4.38E-05
1,0,0,1,1,1,0,0,1,1,0,1,1,1,0,1,1,1,0,0,1,1,0,1,0,15,0.254893158,0.370362993,0.550630192,20000,0.4,6.00E-05,0.017,3000,72000,72000,72000,30000,30000,30000,0.2,0.2,0.2,5.00E-06,5.00E-06,5.00E-06,34827000000,34053000000,34124000000,11077000000,11600000000,11774000000,0.3373,0.3488,0.3376,3.81E-05,4.15E-05,3.92E-05
0,1,1,0,1,0,0,0,0,0,1,1,1,1,1,0,0,1,0,0,1,0,0,1,1,15,0.81326949,0.360402159,1.539457823,20000,0.4,6.00E-05,0.017,3000,72000,72000,72000,30000,30000,30000,0.2,0.2,0.2,5.00E-06,5.00E-06,5.00E-06,37708000000,37340000000,35309000000,12849000000,11619000000,11747000000,0.3038,0.3548,0.3503,3.27E-05,3.44E-05,4.45E-05
1,1,1,0,1,0,0,0,1,0,1,1,0,1,0,0,1,1,1,0,0,0,0,1,1,15,0.91347216,0.182135894,2.006101183,20000,0.4,6.00E-05,0.017,3000,72000,72000,72000,30000,30000,30000,0.2,0.2,0.2,5.00E-06,5.00E-06,5.00E-06,35129000000,34738000000,33064000000,11776000000,10163000000,10343000000,0.3186,0.3609,0.356,3.57E-05,3.78E-05,5.08E-05
1,0,1,0,0,0,1,0,1,1,1,1,0,0,0,0,1,1,1,1,1,0,1,1,0,15,0.660413733,0.240414254,1.449112018,20000,0.4,6.00E-05,0.017,3000,72000,72000,72000,30000,30000,30000,0.2,0.2,0.2,5.00E-06,5.00E-06,5.00E-06,34515000000,34114000000,32510000000,11500000000,10427000000,10603000000,0.3199,0.3646,0.3595,3.66E-05,3.88E-05,4.87E-05
0,0,0,1,0,1,0,1,1,0,1,0,0,1,1,0,1,1,0,0,1,0,1,0,0,15,0.400259293,0.197360217,0.713364117,20000,0.4,6.00E-05,0.017,3000,72000,72000,72000,30000,30000,30000,0.2,0.2,0.2,5.00E-06,5.00E-06,5.00E-06,38883000000,38225000000,36317000000,13182000000,12083000000,12158000000,0.3011,0.3524,0.3438,3.14E-05,3.36E-05,4.27E-05
0,1,0,0,1,0,1,1,1,1,1,0,1,1,0,0,1,0,0,1,0,1,1,0,0,15,0.627388131,0.292639295,1.251642418,20000,0.4,6.00E-05,0.017,3000,72000,72000,72000,30000,30000,30000,0.2,0.2,0.2,5.00E-06,5.00E-06,5.00E-06,36649000000,36167000000,34275000000,12405000000,11297000000,11370000000,0.3088,0.3601,0.3536,3.40E-05,3.58E-05,4.58E-05
1,1,0,0,0,0,0,1,0,1,0,0,0,0,0,1,1,1,1,0,1,1,1,0,0,15,0.895430609,0.291610879,1.669644656,20000,0.4,6.00E-05,0.017,3000,72000,72000,72000,30000,30000,30000,0.2,0.2,0.2,5.00E-06,5.00E-06,5.00E-06,38466000000,38030000000,35787000000,13188000000,11433000000,11505000000,0.2999,0.3539,0.3484,3.17E-05,3.33E-05,4.61E-05
1,1,1,0,0,1,1,1,0,1,1,1,1,0,1,0,0,1,1,1,1,1,0,0,0,15,0.920869156,0.224954674,1.667789146,20000,0.4,6.00E-05,0.017,3000,72000,72000,72000,30000,30000,30000,0.2,0.2,0.2,5.00E-06,5.00E-06,5.00E-06,39342000000,38928000000,36573000000,13583000000,11410000000,11478000000,0.2968,0.3498,0.3447,3.07E-05,3.22E-05,4.66E-05
0,0,0,0,0,1,1,1,1,1,0,0,0,1,0,1,0,0,1,1,0,1,1,1,0,15,0.458197415,0.381820896,0.833214228,20000,0.4,6.00E-05,0.017,3000,72000,72000,72000,30000,30000,30000,0.2,0.2,0.2,5.00E-06,5.00E-06,5.00E-06,38543000000,37941000000,36704000000,12808000000,12507000000,12759000000,0.3088,0.3455,0.3381,3.23E-05,3.49E-05,3.91E-05
1,1,1,0,1,0,1,1,1,1,1,0,1,0,0,1,0,0,1,0,0,1,1,1,1,15,0.388817663,0.348805753,0.766275507,20000,0.4,6.00E-05,0.017,3000,72000,72000,72000,30000,30000,30000,0.2,0.2,0.2,5.00E-06,5.00E-06,5.00E-06,36966000000,36294000000,35206000000,12224000000,12080000000,12161000000,0.316,0.3524,0.343,3.44E-05,3.67E-05,4.07E-05
1,0,0,0,0,1,1,0,0,0,1,1,0,0,0,0,0,1,0,0,0,1,0,1,0,15,0.467838824,0.252559285,1.019061122,20000,0.4,6.00E-05,0.017,3000,72000,72000,72000,30000,30000,30000,0.2,0.2,0.2,5.00E-06,5.00E-06,5.00E-06,34215000000,33695000000,32270000000,11278000000,10704000000,10853000000,0.3221,0.3666,0.3595,3.71E-05,3.96E-05,4.68E-05
1,1,0,0,1,1,1,0,0,0,1,0,0,0,0,1,0,0,1,1,0,1,1,1,0,15,0.674531299,0.342748994,1.285562902,20000,0.4,6.00E-05,0.017,3000,72000,72000,72000,30000,30000,30000,0.2,0.2,0.2,5.00E-06,5.00E-06,5.00E-06,37532000000,36989000000,35066000000,12668000000,11710000000,11775000000,0.3051,0.3575,0.3503,3.30E-05,3.49E-05,4.41E-05
1,1,1,1,1,0,0,0,1,1,1,0,1,0,0,0,1,0,0,1,0,0,1,1,0,15,0.731211233,0.38472028,1.331046588,20000,0.4,6.00E-05,0.017,3000,72000,72000,72000,30000,30000,30000,0.2,0.2,0.2,5.00E-06,5.00E-06,5.00E-06,38472000000,37969000000,36061000000,13054000000,12002000000,12120000000,0.3024,0.3519,0.3456,3.19E-05,3.38E-05,4.28E-05
0,1,0,0,1,0,1,1,0,1,0,1,1,0,0,0,1,1,0,1,0,0,1,0,1,15,0.348350405,0.178552323,0.769916238,20000,0.4,6.00E-05,0.017,3000,72000,72000,72000,30000,30000,30000,0.2,0.2,0.2,5.00E-06,5.00E-06,5.00E-06,34157000000,33530000000,32118000000,11252000000,10638000000,10725000000,0.3226,0.3685,0.3595,3.71E-05,3.98E-05,4.74E-05
0,0,0,1,0,1,1,1,0,0,1,0,0,1,1,0,0,0,0,1,0,1,1,1,0,15,0.419038932,0.144649488,0.902392419,20000,0.4,6.00E-05,0.017,3000,72000,72000,72000,30000,30000,30000,0.2,0.2,0.2,5.00E-06,5.00E-06,5.00E-06,34786000000,34411000000,32755000000,11596000000,10461000000,10666000000,0.3184,0.3634,0.3588,3.62E-05,3.85E-05,4.86E-05
0,0,1,0,1,1,1,1,0,0,1,0,1,0,1,1,1,1,0,1,1,0,0,0,1,15,0.900951264,0.22864961,1.774437158,20000,0.4,6.00E-05,0.017,3000,72000,72000,72000,30000,30000,30000,0.2,0.2,0.2,5.00E-06,5.00E-06,5.00E-06,37642000000,37232000000,35050000000,12932000000,10943000000,11025000000,0.3041,0.356,0.3508,3.26E-05,3.42E-05,4.84E-05
1,1,0,1,1,1,0,1,0,1,1,0,1,0,1,0,0,0,0,1,1,0,1,0,1,15,0.963916731,0.384855543,2.019794795,20000,0.4,6.00E-05,0.017,3000,72000,72000,72000,30000,30000,30000,0.2,0.2,0.2,5.00E-06,5.00E-06,5.00E-06,34956000000,34443000000,32866000000,11616000000,10637000000,10790000000,0.3185,0.3642,0.3574,3.60E-05,3.85E-05,4.78E-05
1,1,0,0,1,0,1,1,0,1,1,0,0,0,0,0,1,1,1,0,0,1,1,1,0,15,0.247601974,0.292205286,0.445873724,20000,0.4,6.00E-05,0.017,3000,72000,72000,72000,30000,30000,30000,0.2,0.2,0.2,5.00E-06,5.00E-06,5.00E-06,39686000000,38697000000,38291000000,12997000000,13061000000,13285000000,0.3137,0.3364,0.3236,3.16E-05,3.51E-05,3.58E-05
0,1,0,1,0,1,1,1,0,1,1,0,0,0,1,0,1,0,1,1,1,0,1,0,1,15,0.269368115,0.314517455,0.478460907,20000,0.4,6.00E-05,0.017,3000,72000,72000,72000,30000,30000,30000,0.2,0.2,0.2,5.00E-06,5.00E-06,5.00E-06,40775000000,39915000000,39478000000,13606000000,13244000000,13468000000,0.3103,0.3293,0.3187,3.03E-05,3.34E-05,3.57E-05
1,1,1,1,1,1,0,1,1,1,1,1,0,0,0,0,1,1,1,0,0,0,1,1,1,15,0.731936506,0.334392995,1.620179998,20000,0.4,6.00E-05,0.017,3000,72000,72000,72000,30000,30000,30000,0.2,0.2,0.2,5.00E-06,5.00E-06,5.00E-06,34194000000,33780000000,32218000000,11313000000,10525000000,10701000000,0.3208,0.3665,0.361,3.71E-05,3.93E-05,4.79E-05
1,1,1,0,0,1,0,0,0,1,1,0,1,0,1,1,1,0,0,1,1,1,0,0,0,15,0.716985413,0.278379843,1.538548281,20000,0.4,6.00E-05,0.017,3000,72000,72000,72000,30000,30000,30000,0.2,0.2,0.2,5.00E-06,5.00E-06,5.00E-06,34755000000,34274000000,32660000000,11532000000,10524000000,10682000000,0.3188,0.3651,0.3587,3.62E-05,3.87E-05,4.83E-05
1,1,1,0,0,1,0,0,1,0,0,0,0,1,1,1,0,1,1,1,0,1,0,1,0,15,0.212834135,0.12503823,0.455694422,20000,0.4,6.00E-05,0.017,3000,72000,72000,72000,30000,30000,30000,0.2,0.2,0.2,5.00E-06,5.00E-06,5.00E-06,34390000000,33909000000,32584000000,11329000000,10863000000,11056000000,0.3226,0.3638,0.3575,3.70E-05,3.96E-05,4.57E-05
0,0,0,1,0,0,1,1,0,0,1,0,0,1,0,0,0,0,0,0,0,0,1,1,0,15,0.881654204,0.178550946,1.986990375,20000,0.4,6.00E-05,0.017,3000,72000,72000,72000,30000,30000,30000,0.2,0.2,0.2,5.00E-06,5.00E-06,5.00E-06,34883000000,34472000000,32800000000,11677000000,10083000000,10235000000,0.3196,0.3624,0.3571,3.59E-05,3.81E-05,5.14E-05
0,1,0,1,0,1,1,1,1,1,0,1,0,0,0,0,0,1,0,1,1,0,0,1,0,15,0.28210189,0.350626827,0.557156115,20000,0.4,6.00E-05,0.017,3000,72000,72000,72000,30000,30000,30000,0.2,0.2,0.2,5.00E-06,5.00E-06,5.00E-06,37877000000,37232000000,36888000000,12443000000,12501000000,12666000000,0.3213,0.3383,0.3298,3.40E-05,3.66E-05,3.75E-05
1,1,1,0,1,0,1,1,0,1,1,0,1,0,0,0,1,1,0,1,0,1,1,1,0,15,0.781682423,0.22798029,1.555283426,20000,0.4,6.00E-05,0.017,3000,72000,72000,72000,30000,30000,30000,0.2,0.2,0.2,5.00E-06,5.00E-06,5.00E-06,37182000000,36763000000,34673000000,12736000000,10953000000,11038000000,0.3061,0.3577,0.3522,3.32E-05,3.48E-05,4.80E-05
1,1,0,0,0,1,1,0,1,1,1,1,0,0,0,0,0,1,1,1,1,1,0,1,0,15,0.304315907,0.24734535,0.561588559,20000,0.4,6.00E-05,0.017,3000,72000,72000,72000,30000,30000,30000,0.2,0.2,0.2,5.00E-06,5.00E-06,5.00E-06,38260000000,37541000000,36233000000,12737000000,12426000000,12477000000,0.3091,0.3498,0.3399,3.28E-05,3.49E-05,4.01E-05
0,0,1,1,0,0,1,1,1,1,0,0,1,1,1,1,0,0,1,0,1,1,1,0,1,15,0.932907402,0.174625223,1.688539013,20000,0.4,6.00E-05,0.017,3000,72000,72000,72000,30000,30000,30000,0.2,0.2,0.2,5.00E-06,5.00E-06,5.00E-06,39609000000,39298000000,36882000000,13764000000,11286000000,11389000000,0.2961,0.3468,0.3434,3.03E-05,3.18E-05,4.74E-05
0,1,1,0,1,1,1,1,0,0,1,1,0,1,1,0,0,1,0,1,1,1,1,0,1,15,0.223399589,0.117402822,0.48234114,20000,0.4,6.00E-05,0.017,3000,72000,72000,72000,30000,30000,30000,0.2,0.2,0.2,5.00E-06,5.00E-06,5.00E-06,34370000000,33766000000,32361000000,11325000000,10723000000,10852000000,0.3219,0.3671,0.3585,3.69E-05,3.95E-05,4.69E-05
1,0,1,0,0,0,0,1,1,1,0,0,0,0,1,0,0,0,1,1,1,1,1,0,0,15,0.3810684,0.177178905,0.689168664,20000,0.4,6.00E-05,0.017,3000,72000,72000,72000,30000,30000,30000,0.2,0.2,0.2,5.00E-06,5.00E-06,5.00E-06,38625000000,38133000000,36074000000,13141000000,11940000000,12006000000,0.3004,0.3528,0.3464,3.18E-05,3.34E-05,4.35E-05
1,0,0,0,1,0,0,1,1,0,1,1,1,0,0,1,0,0,0,1,0,0,0,1,1,15,0.669939633,0.236869034,1.318712382,20000,0.4,6.00E-05,0.017,3000,72000,72000,72000,30000,30000,30000,0.2,0.2,0.2,5.00E-06,5.00E-06,5.00E-06,37252000000,36767000000,34688000000,12705000000,11160000000,11240000000,0.3054,0.3589,0.3525,3.31E-05,3.49E-05,4.70E-05
0,1,0,0,1,1,0,0,1,0,1,1,0,0,1,1,1,1,1,0,0,0,1,1,1,15,0.825276019,0.260407761,1.673015202,20000,0.4,6.00E-05,0.017,3000,72000,72000,72000,30000,30000,30000,0.2,0.2,0.2,5.00E-06,5.00E-06,5.00E-06,36460000000,36242000000,34178000000,12473000000,10849000000,10993000000,0.3085,0.3578,0.3554,3.42E-05,3.55E-05,4.81E-05
1,1,1,1,0,1,1,1,0,1,1,1,0,1,1,0,1,0,1,1,0,0,1,0,1,15,0.726925842,0.392269668,1.613791115,20000,0.4,6.00E-05,0.017,3000,72000,72000,72000,30000,30000,30000,0.2,0.2,0.2,5.00E-06,5.00E-06,5.00E-06,34041000000,33587000000,32166000000,11239000000,10659000000,10821000000,0.3228,0.3662,0.3602,3.74E-05,3.97E-05,4.69E-05
1,0,0,1,0,1,0,0,0,0,0,0,1,0,0,0,0,1,1,0,0,1,0,1,0,15,0.565954691,0.124190072,1.030198948,20000,0.4,6.00E-05,0.017,3000,72000,72000,72000,30000,30000,30000,0.2,0.2,0.2,5.00E-06,5.00E-06,5.00E-06,39390000000,38963000000,36604000000,13623000000,11326000000,11389000000,0.297,0.3494,0.3442,3.06E-05,3.22E-05,4.72E-05
1,1,1,0,1,0,1,1,0,1,1,0,0,1,0,1,0,0,0,1,0,0,1,1,0,15,0.295855773,0.202930316,0.639478295,20000,0.4,6.00E-05,0.017,3000,72000,72000,72000,30000,30000,30000,0.2,0.2,0.2,5.00E-06,5.00E-06,5.00E-06,34215000000,33680000000,32514000000,11221000000,10953000000,11169000000,0.3249,0.3637,0.3565,3.73E-05,4.02E-05,4.48E-05
1,0,1,0,1,0,0,1,1,1,0,1,0,0,1,1,1,1,1,1,0,0,0,1,1,15,0.28841297,0.116759246,0.55011344,20000,0.4,6.00E-05,0.017,3000,72000,72000,72000,30000,30000,30000,0.2,0.2,0.2,5.00E-06,5.00E-06,5.00E-06,37790000000,37292000000,35223000000,12873000000,11493000000,11552000000,0.3034,0.3567,0.3501,3.26E-05,3.43E-05,4.55E-05
0,1,1,0,0,1,0,0,0,1,0,1,1,0,0,1,0,1,1,0,1,0,0,0,1,15,0.288463742,0.291264883,0.520145011,20000,0.4,6.00E-05,0.017,3000,72000,72000,72000,30000,30000,30000,0.2,0.2,0.2,5.00E-06,5.00E-06,5.00E-06,39524000000,38568000000,37866000000,13073000000,12895000000,13145000000,0.3113,0.3399,0.3277,3.14E-05,3.49E-05,3.70E-05
1,1,1,0,1,0,0,1,0,1,1,0,0,0,0,0,0,1,1,0,1,0,1,1,1,15,0.587586642,0.200323866,1.090702231,20000,0.4,6.00E-05,0.017,3000,72000,72000,72000,30000,30000,30000,0.2,0.2,0.2,5.00E-06,5.00E-06,5.00E-06,38408000000,38026000000,35798000000,13164000000,11513000000,11590000000,0.3,0.3534,0.3486,3.19E-05,3.33E-05,4.56E-05
0,1,0,1,0,1,0,1,0,1,0,0,0,0,0,0,1,1,1,1,1,0,1,1,1,15,0.746374674,0.317745394,1.583061738,20000,0.4,6.00E-05,0.017,3000,72000,72000,72000,30000,30000,30000,0.2,0.2,0.2,5.00E-06,5.00E-06,5.00E-06,34741000000,34292000000,32760000000,11530000000,10665000000,10867000000,0.3195,0.3637,0.358,3.63E-05,3.89E-05,4.72E-05
1,0,1,0,0,1,1,1,0,0,0,0,1,0,1,0,1,1,0,1,0,0,1,1,1,15,0.461565705,0.309840372,0.951290692,20000,0.4,6.00E-05,0.017,3000,72000,72000,72000,30000,30000,30000,0.2,0.2,0.2,5.00E-06,5.00E-06,5.00E-06,34972000000,34498000000,33121000000,11590000000,11170000000,11291000000,0.3198,0.3621,0.3553,3.66E-05,3.84E-05,4.47E-05
0,0,0,1,0,0,1,0,1,0,0,0,1,0,0,0,1,0,1,0,1,1,1,0,1,15,0.320309738,0.19768456,0.670265106,20000,0.4,6.00E-05,0.017,3000,72000,72000,72000,30000,30000,30000,0.2,0.2,0.2,5.00E-06,5.00E-06,5.00E-06,34632000000,34146000000,32875000000,11405000000,10993000000,11214000000,0.3223,0.3621,0.3557,3.68E-05,3.94E-05,4.49E-05
1,0,0,1,1,0,0,1,1,1,0,0,0,1,0,0,1,1,0,0,1,1,0,1,1,15,0.946338698,0.149199557,1.68984969,20000,0.4,6.00E-05,0.017,3000,72000,72000,72000,30000,30000,30000,0.2,0.2,0.2,5.00E-06,5.00E-06,5.00E-06,39955000000,39667000000,37202000000,13923000000,11258000000,11365000000,0.295,0.345,0.3418,3.00E-05,3.13E-05,4.78E-05
0,0,1,0,1,0,0,0,0,1,0,0,1,1,1,0,1,1,0,0,1,1,1,0,1,15,0.754254429,0.174820963,1.547862237,20000,0.4,6.00E-05,0.017,3000,72000,72000,72000,30000,30000,30000,0.2,0.2,0.2,5.00E-06,5.00E-06,5.00E-06,36251000000,35976000000,33937000000,12395000000,10514000000,10631000000,0.3104,0.3587,0.3552,3.44E-05,3.56E-05,5.00E-05
1,0,0,1,0,0,1,1,0,1,0,0,1,0,1,1,0,0,0,0,1,1,1,0,0,15,0.962333767,0.136789552,1.744046035,20000,0.4,6.00E-05,0.017,3000,72000,72000,72000,30000,30000,30000,0.2,0.2,0.2,5.00E-06,5.00E-06,5.00E-06,39807000000,39556000000,37114000000,13882000000,11150000000,11281000000,0.296,0.3445,0.3419,3.01E-05,3.15E-05,4.83E-05
0,0,0,1,0,1,1,0,0,0,1,1,0,1,1,1,0,1,1,0,0,0,1,1,1,15,0.897139414,0.324957471,1.63106094,20000,0.4,6.00E-05,0.017,3000,72000,72000,72000,30000,30000,30000,0.2,0.2,0.2,5.00E-06,5.00E-06,5.00E-06,38813000000,38312000000,36125000000,13275000000,11680000000,11743000000,0.299,0.3529,0.3465,3.14E-05,3.31E-05,4.49E-05
0,1,0,1,1,1,0,1,1,0,1,1,0,0,1,0,0,1,1,1,0,0,0,1,1,15,0.621613133,0.32045748,1.280467002,20000,0.4,6.00E-05,0.017,3000,72000,72000,72000,30000,30000,30000,0.2,0.2,0.2,5.00E-06,5.00E-06,5.00E-06,35240000000,34827000000,33180000000,11808000000,10970000000,11100000000,0.3162,0.3628,0.3571,3.59E-05,3.77E-05,4.63E-05
0,0,0,1,1,0,1,1,1,0,0,0,1,1,1,1,0,1,1,1,1,0,1,1,1,15,0.831054146,0.177440697,1.54477219,20000,0.4,6.00E-05,0.017,3000,72000,72000,72000,30000,30000,30000,0.2,0.2,0.2,5.00E-06,5.00E-06,5.00E-06,39039000000,38624000000,36291000000,13488000000,11214000000,11273000000,0.2984,0.3507,0.3455,3.10E-05,3.25E-05,4.76E-05
1,1,1,1,0,0,1,1,1,0,0,0,1,1,0,1,0,1,1,1,1,0,1,0,1,15,0.958416989,0.367631237,1.863321299,20000,0.4,6.00E-05,0.017,3000,72000,72000,72000,30000,30000,30000,0.2,0.2,0.2,5.00E-06,5.00E-06,5.00E-06,37332000000,36836000000,34786000000,12699000000,11313000000,11366000000,0.3051,0.3587,0.352,3.31E-05,3.48E-05,4.61E-05
0,1,1,1,0,1,1,1,1,0,1,0,1,0,1,0,0,0,1,0,0,0,1,1,0,15,0.874533658,0.307601059,1.662792284,20000,0.4,6.00E-05,0.017,3000,72000,72000,72000,30000,30000,30000,0.2,0.2,0.2,5.00E-06,5.00E-06,5.00E-06,38028000000,37533000000,35362000000,12991000000,11384000000,11426000000,0.3019,0.3564,0.3498,3.22E-05,3.39E-05,4.63E-05
0,0,0,0,0,1,1,1,1,0,1,0,0,0,0,1,1,1,0,1,0,0,0,1,1,15,0.524435014,0.333930336,1.109210149,20000,0.4,6.00E-05,0.017,3000,72000,72000,72000,30000,30000,30000,0.2,0.2,0.2,5.00E-06,5.00E-06,5.00E-06,34432000000,33961000000,32647000000,11308000000,10940000000,11184000000,0.3223,0.3635,0.3573,3.70E-05,3.96E-05,4.51E-05
1,0,0,0,1,0,1,0,0,0,0,1,1,1,0,0,0,0,1,0,1,0,1,0,1,15,0.611123949,0.323515832,1.231364044,20000,0.4,6.00E-05,0.017,3000,72000,72000,72000,30000,30000,30000,0.2,0.2,0.2,5.00E-06,5.00E-06,5.00E-06,36185000000,35739000000,33966000000,12164000000,11342000000,11424000000,0.3113,0.3607,0.3546,3.48E-05,3.65E-05,4.52E-05
1,0,0,0,0,1,0,1,0,0,0,1,1,0,1,1,1,0,0,0,0,1,0,0,0,15,0.575217521,0.147725981,1.252399245,20000,0.4,6.00E-05,0.017,3000,72000,72000,72000,30000,30000,30000,0.2,0.2,0.2,5.00E-06,5.00E-06,5.00E-06,34947000000,34492000000,32819000000,11691000000,10252000000,10398000000,0.3187,0.3635,0.3574,3.59E-05,3.81E-05,5.03E-05
0,0,0,0,0,1,0,0,1,0,1,1,1,1,0,0,1,0,1,0,1,0,0,1,0,15,0.301331607,0.226879246,0.548349331,20000,0.4,6.00E-05,0.017,3000,72000,72000,72000,30000,30000,30000,0.2,0.2,0.2,5.00E-06,5.00E-06,5.00E-06,38502000000,37733000000,36306000000,12813000000,12444000000,12466000000,0.3069,0.3509,0.3403,3.23E-05,3.46E-05,4.04E-05
1,1,1,1,1,0,0,0,1,1,0,1,1,1,0,1,0,1,1,0,1,0,1,0,0,15,0.976042557,0.153945385,1.733064546,20000,0.4,6.00E-05,0.017,3000,72000,72000,72000,30000,30000,30000,0.2,0.2,0.2,5.00E-06,5.00E-06,5.00E-06,40018000000,39691000000,37254000000,13937000000,11282000000,11394000000,0.295,0.3449,0.3413,2.99E-05,3.13E-05,4.76E-05
1,1,0,0,1,1,0,1,0,1,0,0,1,1,0,1,1,1,1,0,0,1,1,1,1,15,0.479176511,0.103847814,0.953318733,20000,0.4,6.00E-05,0.017,3000,72000,72000,72000,30000,30000,30000,0.2,0.2,0.2,5.00E-06,5.00E-06,5.00E-06,37482000000,37217000000,35011000000,12914000000,10802000000,10921000000,0.3047,0.3544,0.3513,3.29E-05,3.42E-05,4.90E-05
0,0,0,1,1,1,0,1,0,1,1,1,0,0,0,0,1,1,0,0,0,1,0,1,1,15,0.261289104,0.148974118,0.545947598,20000,0.4,6.00E-05,0.017,3000,72000,72000,72000,30000,30000,30000,0.2,0.2,0.2,5.00E-06,5.00E-06,5.00E-06,34613000000,34115000000,32732000000,11406000000,10904000000,11095000000,0.3211,0.3639,0.3572,3.68E-05,3.92E-05,4.57E-05
1,1,0,0,1,0,1,0,1,0,1,0,1,0,0,0,0,0,1,1,0,1,0,1,0,15,0.206628252,0.171595536,0.369553817,20000,0.4,6.00E-05,0.017,3000,72000,72000,72000,30000,30000,30000,0.2,0.2,0.2,5.00E-06,5.00E-06,5.00E-06,39150000000,38419000000,37207000000,13085000000,12700000000,12803000000,0.3072,0.3444,0.3348,3.17E-05,3.42E-05,3.89E-05
1,1,1,1,0,0,1,1,1,0,1,1,0,0,0,1,1,1,0,1,0,0,1,0,0,15,0.766185157,0.145598119,1.491230943,20000,0.4,6.00E-05,0.017,3000,72000,72000,72000,30000,30000,30000,0.2,0.2,0.2,5.00E-06,5.00E-06,5.00E-06,38098000000,37815000000,35543000000,13180000000,10878000000,10980000000,0.3024,0.3522,0.3488,3.21E-05,3.34E-05,4.90E-05
0,0,0,0,0,0,1,0,1,0,0,0,1,1,0,1,0,0,0,0,1,0,1,0,0,15,0.38680605,0.134552779,0.788550961,20000,0.4,6.00E-05,0.017,3000,72000,72000,72000,30000,30000,30000,0.2,0.2,0.2,5.00E-06,5.00E-06,5.00E-06,36214000000,35832000000,33861000000,12295000000,10838000000,10934000000,0.3101,0.3609,0.3558,3.45E-05,3.60E-05,4.80E-05
1,0,0,1,1,1,1,1,0,1,1,1,0,1,0,1,1,0,1,0,1,1,1,0,1,15,0.352934129,0.285996216,0.691759099,20000,0.4,6.00E-05,0.017,3000,72000,72000,72000,30000,30000,30000,0.2,0.2,0.2,5.00E-06,5.00E-06,5.00E-06,36951000000,36351000000,35041000000,12287000000,12003000000,12044000000,0.3136,0.3541,0.3456,3.43E-05,3.63E-05,4.16E-05
1,1,0,1,0,1,1,0,1,0,1,0,0,0,0,0,0,0,1,0,1,0,0,1,0,15,0.493130244,0.205381766,0.957408856,20000,0.4,6.00E-05,0.017,3000,72000,72000,72000,30000,30000,30000,0.2,0.2,0.2,5.00E-06,5.00E-06,5.00E-06,37541000000,36860000000,34889000000,12717000000,11423000000,11428000000,0.3052,0.3598,0.3503,3.28E-05,3.49E-05,4.58E-05
0,0,0,0,1,0,0,1,1,1,0,0,1,1,0,0,1,1,0,1,1,0,0,1,1,15,0.23142206,0.226207526,0.459329238,20000,0.4,6.00E-05,0.017,3000,72000,72000,72000,30000,30000,30000,0.2,0.2,0.2,5.00E-06,5.00E-06,5.00E-06,36788000000,36002000000,35032000000,12058000000,12092000000,12154000000,0.3178,0.3538,0.3425,3.47E-05,3.73E-05,4.05E-05
1,1,1,1,0,0,0,0,0,0,0,0,0,0,0,0,0,0,0,1,1,0,1,1,1,15,0.686316601,0.202816189,1.494816412,20000,0.4,6.00E-05,0.017,3000,72000,72000,72000,30000,30000,30000,0.2,0.2,0.2,5.00E-06,5.00E-06,5.00E-06,34796000000,34409000000,32717000000,11620000000,10316000000,10478000000,0.3185,0.3637,0.3587,3.62E-05,3.82E-05,4.96E-05
1,1,0,1,1,0,1,0,1,1,1,1,1,1,1,0,1,1,0,0,0,1,1,0,0,15,0.940019531,0.270499103,1.721847717,20000,0.4,6.00E-05,0.017,3000,72000,72000,72000,30000,30000,30000,0.2,0.2,0.2,5.00E-06,5.00E-06,5.00E-06,38962000000,38500000000,36229000000,13390000000,11477000000,11536000000,0.2983,0.3519,0.3461,3.11E-05,3.28E-05,4.61E-05
0,1,0,0,0,1,1,1,1,1,0,0,1,0,0,0,1,1,0,1,1,1,0,0,0,15,0.982085734,0.347967993,1.946403995,20000,0.4,6.00E-05,0.017,3000,72000,72000,72000,30000,30000,30000,0.2,0.2,0.2,5.00E-06,5.00E-06,5.00E-06,37121000000,36677000000,34605000000,12659000000,11128000000,11209000000,0.3059,0.3588,0.3529,3.33E-05,3.50E-05,4.70E-05
1,1,0,1,1,0,0,1,1,0,1,1,1,1,1,1,1,1,0,0,0,1,0,1,1,15,0.29468695,0.267312081,0.594042958,20000,0.4,6.00E-05,0.017,3000,72000,72000,72000,30000,30000,30000,0.2,0.2,0.2,5.00E-06,5.00E-06,5.00E-06,36243000000,35554000000,34510000000,11914000000,11844000000,11967000000,0.3189,0.3556,0.3458,3.53E-05,3.78E-05,4.13E-05
1,0,0,1,0,1,1,0,0,1,0,0,1,1,1,1,0,1,0,1,0,1,0,1,1,15,0.812916242,0.231352712,1.515697316,20000,0.4,6.00E-05,0.017,3000,72000,72000,72000,30000,30000,30000,0.2,0.2,0.2,5.00E-06,5.00E-06,5.00E-06,38543000000,38187000000,35891000000,13288000000,11330000000,11414000000,0.2996,0.3524,0.3482,3.16E-05,3.31E-05,4.68E-05
0,0,1,0,0,0,0,0,1,0,0,1,0,0,0,0,1,1,1,0,1,0,1,0,1,15,0.829795112,0.29683499,1.671024021,20000,0.4,6.00E-05,0.017,3000,72000,72000,72000,30000,30000,30000,0.2,0.2,0.2,5.00E-06,5.00E-06,5.00E-06,36642000000,36187000000,34214000000,12452000000,11011000000,11092000000,0.3085,0.3601,0.354,3.40E-05,3.56E-05,4.73E-05
1,0,0,0,1,1,0,0,0,0,1,0,1,1,0,1,0,1,1,1,0,1,1,1,0,15,0.938933922,0.224138703,1.950677637,20000,0.4,6.00E-05,0.017,3000,72000,72000,72000,30000,30000,30000,0.2,0.2,0.2,5.00E-06,5.00E-06,5.00E-06,35469000000,35058000000,33332000000,11897000000,10370000000,10559000000,0.3163,0.3607,0.3556,3.52E-05,3.75E-05,4.97E-05
0,1,0,1,0,0,0,0,0,0,1,0,0,0,1,1,1,0,1,0,1,0,1,1,1,15,0.297514569,0.330581067,0.655653846,20000,0.4,6.00E-05,0.017,3000,72000,72000,72000,30000,30000,30000,0.2,0.2,0.2,5.00E-06,5.00E-06,5.00E-06,34417000000,33719000000,33299000000,11055000000,11288000000,11532000000,0.3331,0.3556,0.3458,3.79E-05,4.13E-05,4.15E-05
1,0,0,1,0,1,1,1,1,0,1,1,0,0,0,0,1,1,1,1,0,1,0,0,1,15,0.405655767,0.162092773,0.910161721,20000,0.4,6.00E-05,0.017,3000,72000,72000,72000,30000,30000,30000,0.2,0.2,0.2,5.00E-06,5.00E-06,5.00E-06,34185000000,33806000000,32210000000,11369000000,10406000000,10581000000,0.3209,0.3659,0.3612,3.70E-05,3.92E-05,4.87E-05
0,1,0,1,0,1,1,0,1,0,0,1,0,1,1,0,1,1,0,0,1,0,0,1,0,15,0.900666167,0.251180064,1.783907194,20000,0.4,6.00E-05,0.017,3000,72000,72000,72000,30000,30000,30000,0.2,0.2,0.2,5.00E-06,5.00E-06,5.00E-06,37413000000,36980000000,34851000000,12838000000,10978000000,11055000000,0.3051,0.3571,0.3516,3.29E-05,3.46E-05,4.81E-05
0,1,1,0,0,0,0,0,0,1,1,0,1,1,1,1,1,1,0,0,0,0,1,1,0,15,0.540013337,0.395705898,0.989970779,20000,0.4,6.00E-05,0.017,3000,72000,72000,72000,30000,30000,30000,0.2,0.2,0.2,5.00E-06,5.00E-06,5.00E-06,38276000000,37596000000,36056000000,12777000000,12368000000,12442000000,0.3064,0.352,0.3428,3.25E-05,3.47E-05,4.08E-05
1,0,1,0,1,1,1,1,1,0,0,0,0,0,0,0,1,0,1,0,1,0,1,1,0,15,0.771860217,0.171051696,1.672524222,20000,0.4,6.00E-05,0.017,3000,72000,72000,72000,30000,30000,30000,0.2,0.2,0.2,5.00E-06,5.00E-06,5.00E-06,35123000000,34673000000,33001000000,11768000000,10219000000,10376000000,0.3184,0.3621,0.3563,3.56E-05,3.79E-05,5.06E-05
1,0,1,1,1,1,1,1,1,0,0,1,0,0,1,0,0,0,0,1,0,0,1,0,0,30,0.401191357,0.192183435,0.882893004,20000,0.4,6.00E-05,0.017,3000,72000,72000,72000,30000,30000,30000,0.2,0.2,0.2,5.00E-06,5.00E-06,5.00E-06,36788000000,35611000000,34641000000,12881000000,11344000000,11626000000,0.3218,0.3573,0.3415,3.21E-05,3.69E-05,4.52E-05
1,1,0,0,0,0,0,1,1,0,1,0,1,1,0,1,0,1,1,1,0,0,0,0,0,30,0.213968197,0.263423662,0.487737759,20000,0.4,6.00E-05,0.017,3000,72000,72000,72000,30000,30000,30000,0.2,0.2,0.2,5.00E-06,5.00E-06,5.00E-06,35480000000,34011000000,34549000000,11946000000,11646000000,12137000000,0.3437,0.3497,0.3289,3.45E-05,4.13E-05,3.99E-05
1,1,1,1,0,0,0,1,0,1,0,0,0,0,0,0,1,0,1,1,0,1,1,0,1,30,0.621892192,0.324936592,1.55193188,20000,0.4,6.00E-05,0.017,3000,72000,72000,72000,30000,30000,30000,0.2,0.2,0.2,5.00E-06,5.00E-06,5.00E-06,33733000000,32563000000,32112000000,11517000000,10513000000,10865000000,0.3392,0.3649,0.3483,3.57E-05,4.18E-05,4.71E-05
1,0,0,1,1,0,1,1,1,1,0,1,0,1,0,0,0,1,0,1,0,0,1,1,1,30,0.979968271,0.337045188,2.242677857,20000,0.4,6.00E-05,0.017,3000,72000,72000,72000,30000,30000,30000,0.2,0.2,0.2,5.00E-06,5.00E-06,5.00E-06,35619000000,34640000000,33613000000,12493000000,10646000000,10949000000,0.3262,0.3595,0.3463,3.35E-05,3.80E-05,4.84E-05
1,0,0,1,1,0,0,0,1,0,0,0,0,0,0,1,0,0,0,0,0,1,1,1,1,30,0.703229114,0.355878034,1.45092186,20000,0.4,6.00E-05,0.017,3000,72000,72000,72000,30000,30000,30000,0.2,0.2,0.2,5.00E-06,5.00E-06,5.00E-06,37870000000,36562000000,35629000000,13231000000,11786000000,12074000000,0.3181,0.3539,0.3367,3.08E-05,3.59E-05,4.34E-05
1,0,1,1,1,0,1,1,0,0,0,0,0,1,1,1,1,0,1,0,0,0,1,1,0,30,0.326697874,0.167434734,0.691254515,20000,0.4,6.00E-05,0.017,3000,72000,72000,72000,30000,30000,30000,0.2,0.2,0.2,5.00E-06,5.00E-06,5.00E-06,37489000000,36334000000,35319000000,13128000000,11644000000,11934000000,0.3186,0.3542,0.3392,3.13E-05,3.61E-05,4.41E-05
1,0,0,0,1,1,1,1,1,0,0,0,1,0,1,0,0,1,1,0,1,1,1,1,1,30,0.954448995,0.142175327,2.23617673,20000,0.4,6.00E-05,0.017,3000,72000,72000,72000,30000,30000,30000,0.2,0.2,0.2,5.00E-06,5.00E-06,5.00E-06,35246000000,34365000000,33638000000,12234000000,10161000000,10545000000,0.3329,0.3538,0.3425,3.40E-05,3.88E-05,5.06E-05
1,1,1,1,0,0,1,0,0,1,0,0,1,1,1,0,1,1,1,0,1,1,1,1,1,30,0.467114878,0.325952921,1.127702687,20000,0.4,6.00E-05,0.017,3000,72000,72000,72000,30000,30000,30000,0.2,0.2,0.2,5.00E-06,5.00E-06,5.00E-06,33699000000,32403000000,32262000000,11398000000,10793000000,11158000000,0.3428,0.3637,0.3447,3.60E-05,4.24E-05,4.50E-05
0,1,0,1,1,0,1,1,0,1,0,0,1,0,1,0,1,0,0,0,0,1,1,0,1,30,0.319780625,0.398597106,0.685324089,20000,0.4,6.00E-05,0.017,3000,72000,72000,72000,30000,30000,30000,0.2,0.2,0.2,5.00E-06,5.00E-06,5.00E-06,37932000000,36504000000,37003000000,12923000000,12539000000,12876000000,0.3333,0.3389,0.3196,3.20E-05,3.77E-05,3.74E-05
1,1,0,1,0,1,0,0,1,1,1,0,1,1,0,0,1,1,0,0,1,0,1,1,0,30,0.879687158,0.124325132,1.781333911,20000,0.4,6.00E-05,0.017,3000,72000,72000,72000,30000,30000,30000,0.2,0.2,0.2,5.00E-06,5.00E-06,5.00E-06,39474000000,38674000000,37108000000,14147000000,11101000000,11451000000,0.3087,0.3426,0.3335,2.91E-05,3.29E-05,4.82E-05
0,0,1,1,1,0,0,0,1,0,0,1,0,0,1,0,1,0,0,0,0,0,0,0,0,30,0.906248564,0.291914598,2.056126735,20000,0.4,6.00E-05,0.017,3000,72000,72000,72000,30000,30000,30000,0.2,0.2,0.2,5.00E-06,5.00E-06,5.00E-06,36244000000,35139000000,34083000000,12720000000,10739000000,11022000000,0.3238,0.3588,0.3437,3.27E-05,3.73E-05,4.82E-05
1,0,1,1,1,0,0,1,0,0,1,0,0,1,1,1,0,0,0,1,0,0,1,0,0,30,0.481909711,0.314475601,1.143565356,20000,0.4,6.00E-05,0.017,3000,72000,72000,72000,30000,30000,30000,0.2,0.2,0.2,5.00E-06,5.00E-06,5.00E-06,33958000000,32679000000,32498000000,11502000000,10824000000,11220000000,0.3413,0.3625,0.3442,3.57E-05,4.21E-05,4.49E-05
0,1,0,1,0,1,1,1,0,1,0,1,1,1,1,0,0,0,1,0,1,1,1,1,1,30,0.782242409,0.247737104,1.665069713,20000,0.4,6.00E-05,0.017,3000,72000,72000,72000,30000,30000,30000,0.2,0.2,0.2,5.00E-06,5.00E-06,5.00E-06,37929000000,36951000000,35631000000,13447000000,11227000000,11519000000,0.3148,0.3518,0.3395,3.08E-05,3.50E-05,4.66E-05
0,1,0,1,0,0,0,0,0,1,1,0,1,0,1,1,0,1,0,1,1,0,0,0,0,30,0.904627853,0.106257504,1.867882023,20000,0.4,6.00E-05,0.017,3000,72000,72000,72000,30000,30000,30000,0.2,0.2,0.2,5.00E-06,5.00E-06,5.00E-06,39298000000,38590000000,37011000000,14120000000,10985000000,11364000000,0.3095,0.3419,0.334,2.94E-05,3.29E-05,4.88E-05
1,1,0,1,1,0,1,1,0,1,1,1,1,0,1,0,1,1,1,0,1,1,1,0,1,30,0.675697729,0.246363406,1.523287504,20000,0.4,6.00E-05,0.017,3000,72000,72000,72000,30000,30000,30000,0.2,0.2,0.2,5.00E-06,5.00E-06,5.00E-06,36411000000,35345000000,34248000000,12778000000,10912000000,11213000000,0.3223,0.3582,0.344,3.25E-05,3.72E-05,4.74E-05
0,0,0,1,0,0,1,1,1,1,1,0,1,0,0,0,0,0,1,0,0,0,0,0,1,30,0.28340276,0.10393268,0.613146439,20000,0.4,6.00E-05,0.017,3000,72000,72000,72000,30000,30000,30000,0.2,0.2,0.2,5.00E-06,5.00E-06,5.00E-06,37443000000,36411000000,35162000000,13228000000,11220000000,11504000000,0.3169,0.3545,0.3412,3.13E-05,3.57E-05,4.64E-05
1,0,0,1,1,1,0,1,1,1,0,1,1,0,0,0,0,0,1,1,1,1,1,1,1,30,0.344842425,0.359167879,0.771819175,20000,0.4,6.00E-05,0.017,3000,72000,72000,72000,30000,30000,30000,0.2,0.2,0.2,5.00E-06,5.00E-06,5.00E-06,36053000000,34652000000,34763000000,12238000000,11836000000,12263000000,0.3361,0.3516,0.3322,3.36E-05,3.98E-05,4.03E-05
0,0,1,0,0,1,0,1,0,0,1,1,1,1,1,0,0,0,0,0,1,0,1,1,1,30,0.462135166,0.318710408,1.151858775,20000,0.4,6.00E-05,0.017,3000,72000,72000,72000,30000,30000,30000,0.2,0.2,0.2,5.00E-06,5.00E-06,5.00E-06,33558000000,32341000000,32143000000,11384000000,10720000000,11108000000,0.3426,0.3636,0.346,3.62E-05,4.24E-05,4.54E-05
0,1,0,1,1,0,0,0,1,1,1,0,0,1,1,0,0,0,1,1,0,1,0,1,0,30,0.81644456,0.38834082,1.641238683,20000,0.4,6.00E-05,0.017,3000,72000,72000,72000,30000,30000,30000,0.2,0.2,0.2,5.00E-06,5.00E-06,5.00E-06,38319000000,36963000000,35965000000,13379000000,11845000000,12093000000,0.3159,0.3532,0.3354,3.03E-05,3.54E-05,4.34E-05
0,1,0,1,1,0,0,0,1,0,1,1,1,1,0,0,0,1,1,1,0,0,1,1,1,30,0.234121251,0.208782574,0.481930717,20000,0.4,6.00E-05,0.017,3000,72000,72000,72000,30000,30000,30000,0.2,0.2,0.2,5.00E-06,5.00E-06,5.00E-06,37721000000,36312000000,36116000000,12950000000,12314000000,12650000000,0.3263,0.3479,0.3291,3.15E-05,3.72E-05,3.97E-05
0,1,1,1,0,1,1,0,0,1,0,1,1,0,1,0,1,0,0,1,0,1,0,1,1,30,0.722118194,0.321759436,1.460003329,20000,0.4,6.00E-05,0.017,3000,72000,72000,72000,30000,30000,30000,0.2,0.2,0.2,5.00E-06,5.00E-06,5.00E-06,38289000000,37088000000,35960000000,13435000000,11739000000,12017000000,0.3147,0.3522,0.3368,3.03E-05,3.51E-05,4.40E-05
0,0,0,0,1,0,1,1,0,0,0,0,1,0,0,0,1,1,1,0,0,0,0,0,1,30,0.36120281,0.227968854,0.749423621,20000,0.4,6.00E-05,0.017,3000,72000,72000,72000,30000,30000,30000,0.2,0.2,0.2,5.00E-06,5.00E-06,5.00E-06,37688000000,36227000000,35536000000,13047000000,11985000000,12258000000,0.3212,0.3547,0.335,3.11E-05,3.66E-05,4.22E-05
1,0,0,1,1,1,0,1,0,0,1,1,0,0,0,1,1,1,0,0,1,0,1,0,1,30,0.89869871,0.258176554,2.033867459,20000,0.4,6.00E-05,0.017,3000,72000,72000,72000,30000,30000,30000,0.2,0.2,0.2,5.00E-06,5.00E-06,5.00E-06,36589000000,35576000000,34409000000,12882000000,10735000000,11036000000,0.3215,0.3567,0.3433,3.23E-05,3.68E-05,4.85E-05
1,0,0,0,0,1,1,1,0,0,0,0,0,0,1,0,1,1,0,1,0,0,0,0,1,30,0.895450008,0.260861373,2.183094456,20000,0.4,6.00E-05,0.017,3000,72000,72000,72000,30000,30000,30000,0.2,0.2,0.2,5.00E-06,5.00E-06,5.00E-06,34428000000,33360000000,32691000000,11872000000,10253000000,10573000000,0.3353,0.3616,0.3467,3.49E-05,4.02E-05,4.95E-05
0,1,1,1,1,0,1,0,0,1,0,0,0,1,1,1,0,0,0,0,0,0,0,0,1,30,0.299981252,0.304711966,0.719075865,20000,0.4,6.00E-05,0.017,3000,72000,72000,72000,30000,30000,30000,0.2,0.2,0.2,5.00E-06,5.00E-06,5.00E-06,33909000000,32542000000,32925000000,11364000000,11078000000,11533000000,0.3484,0.3569,0.3371,3.61E-05,4.32E-05,4.23E-05
0,0,1,1,0,1,0,0,1,0,1,1,1,1,1,1,0,1,1,0,0,1,0,1,1,30,0.822714164,0.199270357,2.029335429,20000,0.4,6.00E-05,0.017,3000,72000,72000,72000,30000,30000,30000,0.2,0.2,0.2,5.00E-06,5.00E-06,5.00E-06,34527000000,33563000000,32831000000,11937000000,10165000000,10506000000,0.3345,0.3597,0.3467,3.47E-05,3.99E-05,5.02E-05
0,0,0,0,0,1,1,0,1,1,1,0,1,0,0,1,0,0,0,1,1,1,1,1,1,30,0.940975702,0.362229609,2.083121039,20000,0.4,6.00E-05,0.017,3000,72000,72000,72000,30000,30000,30000,0.2,0.2,0.2,5.00E-06,5.00E-06,5.00E-06,36918000000,35888000000,34789000000,13008000000,11152000000,11450000000,0.3204,0.3554,0.3418,3.20E-05,3.64E-05,4.63E-05
0,0,0,1,0,0,1,0,1,0,1,1,0,0,0,1,0,1,0,1,1,0,1,0,1,30,0.66446589,0.357670202,1.39350831,20000,0.4,6.00E-05,0.017,3000,72000,72000,72000,30000,30000,30000,0.2,0.2,0.2,5.00E-06,5.00E-06,5.00E-06,37533000000,36420000000,35410000000,13114000000,11715000000,12005000000,0.3183,0.3534,0.339,3.13E-05,3.61E-05,4.37E-05
0,1,0,1,0,0,0,1,0,1,1,0,1,1,1,0,0,1,1,1,0,1,1,0,0,30,0.882332103,0.282688955,2.12948812,20000,0.4,6.00E-05,0.017,3000,72000,72000,72000,30000,30000,30000,0.2,0.2,0.2,5.00E-06,5.00E-06,5.00E-06,34333000000,33263000000,32609000000,11814000000,10307000000,10635000000,0.3355,0.3621,0.3472,3.50E-05,4.04E-05,4.90E-05
1,0,1,1,0,0,1,1,0,0,1,0,1,0,1,1,0,1,0,1,0,1,1,0,0,30,0.791444726,0.387632725,1.609035301,20000,0.4,6.00E-05,0.017,3000,72000,72000,72000,30000,30000,30000,0.2,0.2,0.2,5.00E-06,5.00E-06,5.00E-06,38107000000,36969000000,35890000000,13361000000,11800000000,12088000000,0.3157,0.3517,0.3372,3.06E-05,3.53E-05,4.36E-05
0,0,0,0,1,0,0,0,1,1,1,0,0,1,1,0,0,1,0,0,0,1,1,0,0,30,0.67732113,0.19865375,1.390130708,20000,0.4,6.00E-05,0.017,3000,72000,72000,72000,30000,30000,30000,0.2,0.2,0.2,5.00E-06,5.00E-06,5.00E-06,38735000000,37587000000,36277000000,13702000000,11398000000,11672000000,0.3123,0.3504,0.3358,2.98E-05,3.43E-05,4.60E-05
1,1,1,0,0,0,0,0,1,1,1,1,1,0,0,1,1,0,1,1,0,1,0,0,1,30,0.792997855,0.239736528,1.845074137,20000,0.4,6.00E-05,0.017,3000,72000,72000,72000,30000,30000,30000,0.2,0.2,0.2,5.00E-06,5.00E-06,5.00E-06,34697000000,33640000000,33020000000,11946000000,10378000000,10750000000,0.3346,0.3594,0.3451,3.46E-05,4.01E-05,4.86E-05
1,0,0,0,1,0,0,0,1,1,1,0,0,1,0,0,1,0,0,1,0,1,1,1,1,30,0.983595555,0.256237601,2.380941047,20000,0.4,6.00E-05,0.017,3000,72000,72000,72000,30000,30000,30000,0.2,0.2,0.2,5.00E-06,5.00E-06,5.00E-06,34536000000,33552000000,32853000000,11932000000,10221000000,10562000000,0.3347,0.3597,0.3464,3.48E-05,3.99E-05,4.97E-05
0,1,0,1,0,1,0,0,1,1,1,0,1,1,1,1,1,1,1,1,0,0,0,1,0,30,0.675048628,0.201481651,1.526483838,20000,0.4,6.00E-05,0.017,3000,72000,72000,72000,30000,30000,30000,0.2,0.2,0.2,5.00E-06,5.00E-06,5.00E-06,36591000000,35572000000,34440000000,12878000000,10805000000,11104000000,0.3217,0.3566,0.343,3.23E-05,3.68E-05,4.80E-05
0,1,0,0,1,1,0,0,1,1,1,0,1,0,0,0,0,1,1,1,0,1,1,1,1,30,0.816451565,0.275759557,1.657286964,20000,0.4,6.00E-05,0.017,3000,72000,72000,72000,30000,30000,30000,0.2,0.2,0.2,5.00E-06,5.00E-06,5.00E-06,38540000000,37454000000,36168000000,13634000000,11503000000,11792000000,0.3128,0.3504,0.3367,3.00E-05,3.45E-05,4.53E-05
1,1,0,0,0,1,0,0,1,1,1,0,1,1,0,1,0,0,0,0,1,1,1,1,0,30,0.728484245,0.310851652,1.595711012,20000,0.4,6.00E-05,0.017,3000,72000,72000,72000,30000,30000,30000,0.2,0.2,0.2,5.00E-06,5.00E-06,5.00E-06,36997000000,35748000000,34691000000,12967000000,11241000000,11508000000,0.3204,0.3583,0.3414,3.17E-05,3.66E-05,4.60E-05
0,0,1,0,0,1,1,1,1,1,1,1,0,0,1,0,1,0,1,1,0,0,1,0,1,30,0.806395158,0.173743574,1.655735773,20000,0.4,6.00E-05,0.017,3000,72000,72000,72000,30000,30000,30000,0.2,0.2,0.2,5.00E-06,5.00E-06,5.00E-06,39029000000,38099000000,36655000000,13910000000,11229000000,11532000000,0.3106,0.3462,0.3351,2.96E-05,3.36E-05,4.71E-05
1,1,0,1,0,1,1,1,0,0,1,0,1,0,0,1,0,0,1,0,1,1,0,0,1,30,0.660833822,0.363478342,1.642041273,20000,0.4,6.00E-05,0.017,3000,72000,72000,72000,30000,30000,30000,0.2,0.2,0.2,5.00E-06,5.00E-06,5.00E-06,33767000000,32522000000,32114000000,11493000000,10560000000,10879000000,0.3396,0.3656,0.3476,3.57E-05,4.18E-05,4.69E-05
1,1,0,1,0,1,1,0,0,1,0,1,0,1,1,0,1,1,1,0,1,0,1,1,1,30,0.803015779,0.338282511,1.75042694,20000,0.4,6.00E-05,0.017,3000,72000,72000,72000,30000,30000,30000,0.2,0.2,0.2,5.00E-06,5.00E-06,5.00E-06,37033000000,35953000000,34821000000,13019000000,11259000000,11543000000,0.3193,0.3562,0.342,3.18E-05,3.64E-05,4.59E-05
0,1,1,0,1,1,1,1,1,0,1,1,0,1,0,0,0,1,1,0,1,0,1,0,0,30,0.842841102,0.366329628,2.044326342,20000,0.4,6.00E-05,0.017,3000,72000,72000,72000,30000,30000,30000,0.2,0.2,0.2,5.00E-06,5.00E-06,5.00E-06,34061000000,32885000000,32342000000,11660000000,10451000000,10776000000,0.3372,0.3643,0.3477,3.53E-05,4.11E-05,4.79E-05
0,0,1,1,0,1,0,1,0,0,1,0,0,1,1,1,1,1,1,0,0,1,1,1,1,30,0.662031741,0.204935615,1.354075049,20000,0.4,6.00E-05,0.017,3000,72000,72000,72000,30000,30000,30000,0.2,0.2,0.2,5.00E-06,5.00E-06,5.00E-06,38716000000,37613000000,36311000000,13700000000,11449000000,11736000000,0.3123,0.3497,0.3359,2.99E-05,3.43E-05,4.57E-05
0,0,1,1,1,1,0,0,0,0,1,1,1,1,0,0,0,0,0,0,1,1,0,1,1,30,0.807242329,0.328453618,1.830450877,20000,0.4,6.00E-05,0.017,3000,72000,72000,72000,30000,30000,30000,0.2,0.2,0.2,5.00E-06,5.00E-06,5.00E-06,35890000000,34892000000,33893000000,12597000000,10900000000,11217000000,0.3251,0.3586,0.3452,3.32E-05,3.77E-05,4.71E-05
0,1,1,0,1,0,1,1,0,1,0,1,1,0,1,0,1,1,1,1,0,1,1,1,1,30,0.701037096,0.184914668,1.522095892,20000,0.4,6.00E-05,0.017,3000,72000,72000,72000,30000,30000,30000,0.2,0.2,0.2,5.00E-06,5.00E-06,5.00E-06,37787000000,36581000000,35328000000,13337000000,10978000000,11241000000,0.3166,0.3549,0.339,3.08E-05,3.54E-05,4.79E-05
1,1,1,0,0,0,0,1,0,0,1,1,1,1,1,1,0,0,0,1,0,0,1,1,1,30,0.244344242,0.340930437,0.542117541,20000,0.4,6.00E-05,0.017,3000,72000,72000,72000,30000,30000,30000,0.2,0.2,0.2,5.00E-06,5.00E-06,5.00E-06,37071000000,35477000000,36284000000,12448000000,12174000000,12790000000,0.3401,0.3412,0.3199,3.27E-05,4.00E-05,3.73E-05
1,1,1,0,0,1,1,0,1,1,1,0,1,1,0,0,0,0,0,0,1,0,0,0,0,30,0.258173846,0.383304508,0.536766407,20000,0.4,6.00E-05,0.017,3000,72000,72000,72000,30000,30000,30000,0.2,0.2,0.2,5.00E-06,5.00E-06,5.00E-06,38437000000,36699000000,37735000000,12869000000,12629000000,13179000000,0.3373,0.3348,0.3119,3.12E-05,3.86E-05,3.57E-05
0,0,1,1,0,0,0,1,1,1,1,1,0,1,0,0,1,1,0,1,1,1,0,0,0,30,0.795511016,0.319191297,1.87948406,20000,0.4,6.00E-05,0.017,3000,72000,72000,72000,30000,30000,30000,0.2,0.2,0.2,5.00E-06,5.00E-06,5.00E-06,34396000000,33255000000,32723000000,11784000000,10501000000,10872000000,0.3362,0.3618,0.346,3.49E-05,4.08E-05,4.75E-05
0,0,1,1,1,1,1,1,1,1,1,0,1,0,1,1,1,0,1,1,1,0,0,1,1,30,0.642377682,0.369059465,1.382621939,20000,0.4,6.00E-05,0.017,3000,72000,72000,72000,30000,30000,30000,0.2,0.2,0.2,5.00E-06,5.00E-06,5.00E-06,37080000000,35669000000,34830000000,12871000000,11631000000,11880000000,0.3219,0.3585,0.3391,3.16E-05,3.70E-05,4.40E-05
1,1,1,0,0,0,1,1,0,1,1,1,1,1,1,1,0,1,1,0,0,0,1,1,0,30,0.588109138,0.313319629,1.314458398,20000,0.4,6.00E-05,0.017,3000,72000,72000,72000,30000,30000,30000,0.2,0.2,0.2,5.00E-06,5.00E-06,5.00E-06,36205000000,34977000000,34150000000,12598000000,11262000000,11553000000,0.3253,0.3593,0.3425,3.28E-05,3.80E-05,4.52E-05
1,1,1,0,0,1,0,0,1,1,1,1,1,0,0,1,1,0,0,1,0,0,1,0,1,30,0.221722267,0.326957801,0.518050683,20000,0.4,6.00E-05,0.017,3000,72000,72000,72000,30000,30000,30000,0.2,0.2,0.2,5.00E-06,5.00E-06,5.00E-06,34916000000,33437000000,34671000000,11518000000,11466000000,12122000000,0.3542,0.3431,0.3225,3.56E-05,4.36E-05,3.84E-05
1,1,0,1,0,1,1,0,0,1,1,1,1,1,0,1,1,0,0,0,1,0,1,1,1,30,0.581740794,0.357607,1.250199287,20000,0.4,6.00E-05,0.017,3000,72000,72000,72000,30000,30000,30000,0.2,0.2,0.2,5.00E-06,5.00E-06,5.00E-06,37173000000,35906000000,35075000000,12945000000,11718000000,12001000000,0.3216,0.3556,0.3386,3.16E-05,3.68E-05,4.34E-05
1,1,0,0,0,1,1,1,0,0,1,1,1,1,0,1,1,0,0,1,1,0,1,0,1,30,0.980340164,0.270221166,2.365277183,20000,0.4,6.00E-05,0.017,3000,72000,72000,72000,30000,30000,30000,0.2,0.2,0.2,5.00E-06,5.00E-06,5.00E-06,34514000000,33444000000,32765000000,11899000000,10242000000,10564000000,0.3349,0.3612,0.3463,3.47E-05,4.01E-05,4.96E-05
1,0,0,1,1,0,0,1,1,1,1,0,1,0,0,1,0,0,0,1,0,0,0,1,0,30,0.623744159,0.253576638,1.284579774,20000,0.4,6.00E-05,0.017,3000,72000,72000,72000,30000,30000,30000,0.2,0.2,0.2,5.00E-06,5.00E-06,5.00E-06,38134000000,37014000000,35811000000,13436000000,11567000000,11853000000,0.3147,0.3523,0.338,3.05E-05,3.51E-05,4.49E-05
0,1,0,1,0,0,0,1,1,1,1,0,0,1,0,0,1,1,0,0,1,0,1,0,0,30,0.764139592,0.296314871,1.549025858,20000,0.4,6.00E-05,0.017,3000,72000,72000,72000,30000,30000,30000,0.2,0.2,0.2,5.00E-06,5.00E-06,5.00E-06,38417000000,37439000000,36151000000,13583000000,11579000000,11888000000,0.313,0.3494,0.3375,3.02E-05,3.46E-05,4.49E-05
1,1,1,0,0,1,1,1,1,0,1,1,0,0,0,0,1,1,1,0,1,0,0,1,0,30,0.873383943,0.307946936,1.972558213,20000,0.4,6.00E-05,0.017,3000,72000,72000,72000,30000,30000,30000,0.2,0.2,0.2,5.00E-06,5.00E-06,5.00E-06,36438000000,35277000000,34210000000,12770000000,10875000000,11170000000,0.3226,0.3592,0.3435,3.24E-05,3.73E-05,4.76E-05
1,0,1,1,1,0,0,1,0,1,0,0,0,1,1,0,1,0,1,1,1,0,0,0,1,30,0.458845547,0.169401279,0.97605177,20000,0.4,6.00E-05,0.017,3000,72000,72000,72000,30000,30000,30000,0.2,0.2,0.2,5.00E-06,5.00E-06,5.00E-06,37761000000,36584000000,35345000000,13293000000,11327000000,11587000000,0.3158,0.3553,0.3399,3.08E-05,3.55E-05,4.61E-05
0,1,1,1,1,1,0,0,0,1,1,1,1,0,1,0,1,0,1,1,0,0,1,0,1,30,0.489974915,0.287537785,1.124836071,20000,0.4,6.00E-05,0.017,3000,72000,72000,72000,30000,30000,30000,0.2,0.2,0.2,5.00E-06,5.00E-06,5.00E-06,34829000000,33735000000,33124000000,12038000000,10956000000,11288000000,0.3328,0.361,0.3457,3.46E-05,3.98E-05,4.56E-05
1,1,1,1,1,0,0,1,1,1,1,0,0,0,0,1,0,0,1,0,0,0,0,1,0,30,0.430570623,0.382437248,1.037025562,20000,0.4,6.00E-05,0.017,3000,72000,72000,72000,30000,30000,30000,0.2,0.2,0.2,5.00E-06,5.00E-06,5.00E-06,33673000000,32394000000,32559000000,11326000000,10959000000,11390000000,0.3465,0.3595,0.3409,3.64E-05,4.29E-05,4.33E-05
0,1,1,1,0,0,1,0,1,0,1,1,0,0,1,1,0,1,0,1,0,1,0,0,1,30,0.40200814,0.115344302,0.998708111,20000,0.4,6.00E-05,0.017,3000,72000,72000,72000,30000,30000,30000,0.2,0.2,0.2,5.00E-06,5.00E-06,5.00E-06,34325000000,33308000000,32591000000,11837000000,10211000000,10532000000,0.335,0.3618,0.3478,3.50E-05,4.02E-05,4.97E-05
0,0,0,1,0,1,1,0,1,0,0,1,1,0,0,0,0,0,0,1,0,1,0,1,0,30,0.81930539,0.386045958,1.761252227,20000,0.4,6.00E-05,0.017,3000,72000,72000,72000,30000,30000,30000,0.2,0.2,0.2,5.00E-06,5.00E-06,5.00E-06,37426000000,36231000000,35143000000,13123000000,11489000000,11752000000,0.3182,0.3559,0.3401,3.13E-05,3.61E-05,4.50E-05
1,1,1,1,1,0,0,0,1,0,1,0,0,1,1,1,0,1,1,1,1,0,0,0,0,30,0.624770094,0.386366404,1.537195956,20000,0.4,6.00E-05,0.017,3000,72000,72000,72000,30000,30000,30000,0.2,0.2,0.2,5.00E-06,5.00E-06,5.00E-06,33686000000,32435000000,32161000000,11443000000,10676000000,11051000000,0.3413,0.3646,0.3464,3.59E-05,4.21E-05,4.59E-05
1,0,0,0,0,0,1,0,0,1,0,1,1,1,0,1,0,1,1,0,1,1,1,1,1,30,0.458843761,0.171685814,0.998313735,20000,0.4,6.00E-05,0.017,3000,72000,72000,72000,30000,30000,30000,0.2,0.2,0.2,5.00E-06,5.00E-06,5.00E-06,37189000000,36150000000,34977000000,13119000000,11192000000,11486000000,0.3186,0.355,0.3415,3.16E-05,3.61E-05,4.63E-05
1,0,1,1,1,1,0,0,1,0,1,0,1,1,0,0,0,1,1,0,1,0,1,0,1,30,0.564626731,0.361949371,1.241971135,20000,0.4,6.00E-05,0.017,3000,72000,72000,72000,30000,30000,30000,0.2,0.2,0.2,5.00E-06,5.00E-06,5.00E-06,36564000000,35277000000,34532000000,12650000000,11606000000,11875000000,0.3245,0.3579,0.3404,3.24E-05,3.77E-05,4.36E-05
1,0,0,0,0,1,0,1,0,0,1,0,1,0,1,0,0,0,1,1,1,1,1,0,0,30,0.502607934,0.18247343,1.164457737,20000,0.4,6.00E-05,0.017,3000,72000,72000,72000,30000,30000,30000,0.2,0.2,0.2,5.00E-06,5.00E-06,5.00E-06,34520000000,33365000000,32806000000,11838000000,10466000000,10813000000,0.3357,0.3616,0.3455,3.48E-05,4.05E-05,4.79E-05
1,0,0,0,0,1,0,0,0,1,1,0,1,0,1,0,0,0,0,1,1,1,0,0,0,30,0.579979627,0.150002988,1.289431701,20000,0.4,6.00E-05,0.017,3000,72000,72000,72000,30000,30000,30000,0.2,0.2,0.2,5.00E-06,5.00E-06,5.00E-06,37293000000,36205000000,34953000000,13170000000,10826000000,11109000000,0.3184,0.3553,0.341,3.14E-05,3.59E-05,4.85E-05
1,0,1,1,0,1,0,0,0,1,1,0,1,1,1,0,0,1,0,0,1,1,0,0,0,30,0.794556666,0.221181149,1.745224914,20000,0.4,6.00E-05,0.017,3000,72000,72000,72000,30000,30000,30000,0.2,0.2,0.2,5.00E-06,5.00E-06,5.00E-06,37388000000,36387000000,35077000000,13233000000,10934000000,11225000000,0.3171,0.3544,0.3415,3.13E-05,3.56E-05,4.80E-05
0,1,0,0,1,1,1,0,0,1,1,1,0,0,0,0,0,1,0,0,1,0,0,1,1,30,0.981152113,0.229612798,2.267005441,20000,0.4,6.00E-05,0.017,3000,72000,72000,72000,30000,30000,30000,0.2,0.2,0.2,5.00E-06,5.00E-06,5.00E-06,34937000000,33926000000,33253000000,12060000000,10287000000,10647000000,0.3337,0.3577,0.3441,3.43E-05,3.96E-05,4.94E-05
1,0,0,1,1,0,0,0,0,0,1,1,0,0,0,0,0,1,1,0,0,0,1,0,0,30,0.606049428,0.356851571,1.214324486,20000,0.4,6.00E-05,0.017,3000,72000,72000,72000,30000,30000,30000,0.2,0.2,0.2,5.00E-06,5.00E-06,5.00E-06,38146000000,36873000000,36099000000,13299000000,12066000000,12386000000,0.3187,0.3503,0.3337,3.07E-05,3.57E-05,4.19E-05
0,1,0,0,1,1,1,1,1,0,1,0,0,1,0,1,0,0,1,1,1,1,0,1,0,30,0.815072181,0.193137383,1.862823335,20000,0.4,6.00E-05,0.017,3000,72000,72000,72000,30000,30000,30000,0.2,0.2,0.2,5.00E-06,5.00E-06,5.00E-06,36015000000,35186000000,34042000000,12714000000,10478000000,10792000000,0.3243,0.3557,0.3449,3.30E-05,3.71E-05,4.98E-05
1,0,0,0,1,0,0,1,0,0,1,1,0,0,1,1,1,0,1,0,1,0,1,1,1,30,0.841824417,0.246031345,1.764909539,20000,0.4,6.00E-05,0.017,3000,72000,72000,72000,30000,30000,30000,0.2,0.2,0.2,5.00E-06,5.00E-06,5.00E-06,38281000000,37261000000,35919000000,13577000000,11245000000,11534000000,0.3136,0.3508,0.338,3.03E-05,3.46E-05,4.67E-05
1,1,0,1,0,0,0,1,0,1,0,1,0,1,1,0,1,0,0,1,1,1,1,1,1,30,0.523282676,0.234891352,1.098899005,20000,0.4,6.00E-05,0.017,3000,72000,72000,72000,30000,30000,30000,0.2,0.2,0.2,5.00E-06,5.00E-06,5.00E-06,37611000000,36558000000,35413000000,13243000000,11515000000,11811000000,0.317,0.3532,0.3398,3.11E-05,3.57E-05,4.48E-05
1,1,0,1,0,0,0,0,1,0,1,0,1,1,0,0,0,1,0,0,1,0,0,1,0,30,0.411628406,0.307205691,1.002075068,20000,0.4,6.00E-05,0.017,3000,72000,72000,72000,30000,30000,30000,0.2,0.2,0.2,5.00E-06,5.00E-06,5.00E-06,33701000000,32399000000,32303000000,11380000000,10838000000,11195000000,0.3432,0.3632,0.3442,3.61E-05,4.26E-05,4.46E-05
1,1,0,1,1,1,1,0,1,1,1,0,1,0,1,0,0,1,1,1,1,0,0,0,1,30,0.611101142,0.179055757,1.428333708,20000,0.4,6.00E-05,0.017,3000,72000,72000,72000,30000,30000,30000,0.2,0.2,0.2,5.00E-06,5.00E-06,5.00E-06,34741000000,33598000000,32976000000,11944000000,10352000000,10685000000,0.3346,0.3607,0.3448,3.45E-05,4.00E-05,4.89E-05
1,1,0,0,0,0,0,0,0,1,1,1,0,1,1,1,1,1,1,0,0,0,1,1,1,30,0.286684753,0.247991718,0.644425643,20000,0.4,6.00E-05,0.017,3000,72000,72000,72000,30000,30000,30000,0.2,0.2,0.2,5.00E-06,5.00E-06,5.00E-06,35820000000,34586000000,34351000000,12350000000,11634000000,12015000000,0.3332,0.3542,0.3372,3.36E-05,3.92E-05,4.21E-05
0,1,0,0,1,0,0,0,0,0,0,0,1,1,1,0,1,0,0,1,1,1,0,1,0,30,0.347094348,0.37218193,0.7239794,20000,0.4,6.00E-05,0.017,3000,72000,72000,72000,30000,30000,30000,0.2,0.2,0.2,5.00E-06,5.00E-06,5.00E-06,38012000000,36637000000,36780000000,13036000000,12447000000,12838000000,0.3291,0.3418,0.3237,3.15E-05,3.72E-05,3.84E-05
1,1,1,1,1,0,1,1,1,1,0,0,1,1,1,0,0,1,0,1,1,0,0,1,0,30,0.366972571,0.213562066,0.875113454,20000,0.4,6.00E-05,0.017,3000,72000,72000,72000,30000,30000,30000,0.2,0.2,0.2,5.00E-06,5.00E-06,5.00E-06,34031000000,32774000000,32484000000,11567000000,10715000000,11083000000,0.3399,0.363,0.3451,3.55E-05,4.18E-05,4.58E-05
1,1,1,0,0,0,1,1,0,1,1,0,1,0,1,1,1,0,0,0,0,0,1,0,1,30,0.812786799,0.376704396,1.890217425,20000,0.4,6.00E-05,0.017,3000,72000,72000,72000,30000,30000,30000,0.2,0.2,0.2,5.00E-06,5.00E-06,5.00E-06,34282000000,33137000000,32689000000,11717000000,10623000000,10997000000,0.3373,0.3616,0.3457,3.51E-05,4.11E-05,4.66E-05
0,0,1,1,0,1,1,0,0,1,1,1,0,0,1,0,1,0,1,0,1,1,1,1,1,30,0.742083819,0.145440603,1.488293314,20000,0.4,6.00E-05,0.017,3000,72000,72000,72000,30000,30000,30000,0.2,0.2,0.2,5.00E-06,5.00E-06,5.00E-06,39327000000,38425000000,36978000000,14038000000,11264000000,11581000000,0.3098,0.3442,0.3335,2.93E-05,3.33E-05,4.70E-05
1,1,1,1,0,0,1,0,1,0,1,1,1,0,0,0,0,1,0,0,1,0,0,0,1,30,0.841397858,0.228453028,1.983542184,20000,0.4,6.00E-05,0.017,3000,72000,72000,72000,30000,30000,30000,0.2,0.2,0.2,5.00E-06,5.00E-06,5.00E-06,34760000000,33711000000,33049000000,11977000000,10316000000,10673000000,0.3342,0.3594,0.3451,3.45E-05,3.99E-05,4.91E-05
1,0,0,1,0,0,1,1,1,0,1,0,1,1,0,0,1,1,0,0,1,0,0,0,1,30,0.94721048,0.274576732,2.243525678,20000,0.4,6.00E-05,0.017,3000,72000,72000,72000,30000,30000,30000,0.2,0.2,0.2,5.00E-06,5.00E-06,5.00E-06,34682000000,33605000000,32947000000,11934000000,10320000000,10670000000,0.3344,0.3602,0.3456,3.45E-05,4.01E-05,4.90E-05
1,1,0,0,0,0,1,1,1,1,1,1,0,1,0,1,1,1,1,0,0,1,0,1,1,30,0.709500261,0.176547173,1.576855424,20000,0.4,6.00E-05,0.017,3000,72000,72000,72000,30000,30000,30000,0.2,0.2,0.2,5.00E-06,5.00E-06,5.00E-06,37264000000,36368000000,35060000000,13223000000,10808000000,11122000000,0.318,0.3528,0.3416,3.15E-05,3.57E-05,4.86E-05
1,1,0,1,1,1,0,1,0,1,1,1,0,0,0,1,0,1,0,0,1,1,1,1,0,30,0.245848716,0.314458963,0.514417401,20000,0.4,6.00E-05,0.017,3000,72000,72000,72000,30000,30000,30000,0.2,0.2,0.2,5.00E-06,5.00E-06,5.00E-06,38208000000,36746000000,37331000000,12976000000,12606000000,13043000000,0.3331,0.3371,0.3178,3.16E-05,3.77E-05,3.68E-05
1,0,0,1,1,0,0,0,0,0,0,1,0,1,1,1,1,0,0,1,1,1,1,1,1,30,0.745430363,0.243421209,1.768585035,20000,0.4,6.00E-05,0.017,3000,72000,72000,72000,30000,30000,30000,0.2,0.2,0.2,5.00E-06,5.00E-06,5.00E-06,34588000000,33415000000,32832000000,11869000000,10384000000,10726000000,0.3354,0.3617,0.3453,3.47E-05,4.04E-05,4.85E-05
0,1,1,0,1,1,0,0,1,0,0,1,0,0,0,1,1,1,1,0,1,0,0,1,0,30,0.509883627,0.275712316,1.044219618,20000,0.4,6.00E-05,0.017,3000,72000,72000,72000,30000,30000,30000,0.2,0.2,0.2,5.00E-06,5.00E-06,5.00E-06,38004000000,37012000000,35982000000,13365000000,11852000000,12183000000,0.3165,0.3493,0.337,3.08E-05,3.54E-05,4.31E-05
0,0,0,0,1,1,1,1,0,1,0,0,0,1,0,1,1,1,0,1,1,0,1,0,0,30,0.456192449,0.268105611,1.108974618,20000,0.4,6.00E-05,0.017,3000,72000,72000,72000,30000,30000,30000,0.2,0.2,0.2,5.00E-06,5.00E-06,5.00E-06,33832000000,32683000000,32342000000,11522000000,10683000000,11073000000,0.3399,0.3628,0.3466,3.58E-05,4.18E-05,4.59E-05
1,0,0,0,0,1,1,1,0,1,0,1,0,0,1,0,0,1,0,0,0,0,0,1,1,30,0.436378281,0.262774933,1.050668341,20000,0.4,6.00E-05,0.017,3000,72000,72000,72000,30000,30000,30000,0.2,0.2,0.2,5.00E-06,5.00E-06,5.00E-06,33869000000,32646000000,32361000000,11515000000,10710000000,11089000000,0.3405,0.3632,0.3457,3.57E-05,4.19E-05,4.57E-05
0,1,1,0,1,0,1,0,0,0,1,0,1,0,0,0,1,0,0,0,0,0,0,0,0,30,0.511450057,0.204346621,1.178960171,20000,0.4,6.00E-05,0.017,3000,72000,72000,72000,30000,30000,30000,0.2,0.2,0.2,5.00E-06,5.00E-06,5.00E-06,34762000000,33653000000,32969000000,12003000000,10578000000,10911000000,0.333,0.3616,0.3462,3.45E-05,3.98E-05,4.77E-05
1,0,1,1,0,1,0,0,1,0,1,0,0,1,0,1,0,1,0,0,0,0,1,1,1,30,0.861536173,0.150918325,1.831439858,20000,0.4,6.00E-05,0.017,3000,72000,72000,72000,30000,30000,30000,0.2,0.2,0.2,5.00E-06,5.00E-06,5.00E-06,38597000000,37745000000,36234000000,13783000000,10938000000,11256000000,0.3119,0.3474,0.3372,3.00E-05,3.39E-05,4.87E-05
0,0,1,0,0,0,0,0,1,1,1,0,0,0,1,1,1,0,1,0,0,0,1,1,0,30,0.399335569,0.270516597,0.841723646,20000,0.4,6.00E-05,0.017,3000,72000,72000,72000,30000,30000,30000,0.2,0.2,0.2,5.00E-06,5.00E-06,5.00E-06,37314000000,35995000000,35312000000,12922000000,11922000000,12215000000,0.3225,0.3542,0.3365,3.16E-05,3.69E-05,4.22E-05
0,1,0,0,0,0,1,1,1,0,1,1,1,0,1,1,1,0,1,1,1,0,0,0,0,30,0.348670033,0.119879045,0.847725838,20000,0.4,6.00E-05,0.017,3000,72000,72000,72000,30000,30000,30000,0.2,0.2,0.2,5.00E-06,5.00E-06,5.00E-06,34244000000,33129000000,32492000000,11771000000,10334000000,10657000000,0.3359,0.3633,0.3476,3.51E-05,4.06E-05,4.88E-05
0,1,1,0,1,0,1,0,1,0,1,0,0,1,1,1,0,0,0,0,1,1,0,0,1,30,0.999067122,0.273753913,2.208183529,20000,0.4,6.00E-05,0.017,3000,72000,72000,72000,30000,30000,30000,0.2,0.2,0.2,5.00E-06,5.00E-06,5.00E-06,37369000000,36359000000,35055000000,13217000000,10903000000,11192000000,0.3173,0.3544,0.3414,3.13E-05,3.57E-05,4.82E-05
1,0,1,1,0,1,0,0,0,0,0,1,0,0,1,1,1,0,1,0,0,1,0,0,1,30,0.581396078,0.204358501,1.274843706,20000,0.4,6.00E-05,0.017,3000,72000,72000,72000,30000,30000,30000,0.2,0.2,0.2,5.00E-06,5.00E-06,5.00E-06,37120000000,36231000000,34946000000,13145000000,11061000000,11366000000,0.3179,0.3539,0.3428,3.16E-05,3.59E-05,4.72E-05
0,1,1,1,0,1,1,1,1,1,0,1,0,0,0,0,0,0,1,1,0,1,1,1,0,30,0.30266279,0.198794514,0.691437274,20000,0.4,6.00E-05,0.017,3000,72000,72000,72000,30000,30000,30000,0.2,0.2,0.2,5.00E-06,5.00E-06,5.00E-06,35017000000,33714000000,33189000000,12055000000,11135000000,11423000000,0.3331,0.3629,0.344,3.44E-05,3.98E-05,4.50E-05
1,1,1,1,1,0,0,0,1,0,0,0,1,0,0,0,1,1,1,1,0,1,0,0,1,30,0.653873315,0.15039835,1.519235266,20000,0.4,6.00E-05,0.017,3000,72000,72000,72000,30000,30000,30000,0.2,0.2,0.2,5.00E-06,5.00E-06,5.00E-06,34954000000,33946000000,33278000000,12071000000,10282000000,10644000000,0.3338,0.3574,0.3439,3.43E-05,3.95E-05,4.94E-05
1,1,0,0,1,1,1,0,1,1,1,0,1,0,0,0,1,0,1,0,1,1,1,0,0,30,0.77465806,0.123795816,1.674026895,20000,0.4,6.00E-05,0.017,3000,72000,72000,72000,30000,30000,30000,0.2,0.2,0.2,5.00E-06,5.00E-06,5.00E-06,38319000000,37544000000,36040000000,13706000000,10819000000,11146000000,0.3132,0.3472,0.338,3.03E-05,3.40E-05,4.93E-05
0,1,0,0,0,1,0,0,0,1,0,1,1,0,1,1,1,1,0,0,1,1,1,0,0,30,0.753968531,0.332990834,1.856176867,20000,0.4,6.00E-05,0.017,3000,72000,72000,72000,30000,30000,30000,0.2,0.2,0.2,5.00E-06,5.00E-06,5.00E-06,33933000000,32758000000,32214000000,11613000000,10433000000,10757000000,0.3376,0.3651,0.3483,3.54E-05,4.12E-05,4.79E-05
0,1,0,1,1,1,0,0,1,0,1,1,1,1,0,1,1,0,1,0,1,0,0,0,0,30,0.31541995,0.253104414,0.732729992,20000,0.4,6.00E-05,0.017,3000,72000,72000,72000,30000,30000,30000,0.2,0.2,0.2,5.00E-06,5.00E-06,5.00E-06,34094000000,32810000000,32885000000,11495000000,10996000000,11407000000,0.3438,0.3586,0.3403,3.57E-05,4.23E-05,4.35E-05
0,1,0,1,0,0,0,0,0,1,0,1,1,0,0,0,0,0,0,1,0,1,0,0,1,30,0.636627173,0.259150172,1.385197703,20000,0.4,6.00E-05,0.017,3000,72000,72000,72000,30000,30000,30000,0.2,0.2,0.2,5.00E-06,5.00E-06,5.00E-06,37165000000,35966000000,34844000000,13050000000,11234000000,11493000000,0.3191,0.3573,0.3413,3.15E-05,3.63E-05,4.62E-05
1,0,0,1,1,0,0,0,1,0,1,1,0,1,0,0,0,0,1,0,1,1,0,1,0,30,0.90230788,0.382757025,2.111437979,20000,0.4,6.00E-05,0.017,3000,72000,72000,72000,30000,30000,30000,0.2,0.2,0.2,5.00E-06,5.00E-06,5.00E-06,34367000000,33124000000,32630000000,11735000000,10549000000,10882000000,0.3367,0.3634,0.3458,3.49E-05,4.10E-05,4.73E-05
1,0,1,0,1,1,1,0,1,1,0,0,0,1,1,0,1,1,1,1,0,1,0,1,1,30,0.371953322,0.352307835,0.74581853,20000,0.4,6.00E-05,0.017,3000,72000,72000,72000,30000,30000,30000,0.2,0.2,0.2,5.00E-06,5.00E-06,5.00E-06,38537000000,37242000000,37089000000,13238000000,12532000000,12890000000,0.3236,0.3417,0.325,3.08E-05,3.62E-05,3.87E-05
0,0,1,0,1,1,1,1,1,0,1,0,1,1,1,0,0,1,0,1,0,0,1,1,1,30,0.500456288,0.372087044,1.157665959,20000,0.4,6.00E-05,0.017,3000,72000,72000,72000,30000,30000,30000,0.2,0.2,0.2,5.00E-06,5.00E-06,5.00E-06,34015000000,32669000000,32655000000,11469000000,10940000000,11320000000,0.3431,0.3613,0.3418,3.57E-05,4.23E-05,4.41E-05
1,0,0,0,1,0,1,1,1,0,1,0,0,1,1,0,1,0,0,0,0,0,1,0,0,45,0.768981261,0.231706596,1.732175926,20000,0.4,6.00E-05,0.017,3000,72000,72000,72000,30000,30000,30000,0.2,0.2,0.2,5.00E-06,5.00E-06,5.00E-06,40525000000,38739000000,37971000000,14622000000,11834000000,12366000000,0.3136,0.3436,0.3221,2.66E-05,3.38E-05,4.41E-05
1,0,1,1,0,1,1,1,1,0,1,1,0,1,1,1,0,1,1,1,1,0,1,0,0,45,0.964182136,0.257284681,2.455290796,20000,0.4,6.00E-05,0.017,3000,72000,72000,72000,30000,30000,30000,0.2,0.2,0.2,5.00E-06,5.00E-06,5.00E-06,38622000000,36806000000,36156000000,13816000000,11186000000,11631000000,0.3221,0.3517,0.3284,2.87E-05,3.60E-05,4.67E-05
1,1,0,0,1,1,1,0,1,0,0,1,0,1,1,1,1,0,1,0,0,0,1,0,1,45,0.833797918,0.306139158,1.875552425,20000,0.4,6.00E-05,0.017,3000,72000,72000,72000,30000,30000,30000,0.2,0.2,0.2,5.00E-06,5.00E-06,5.00E-06,40219000000,38503000000,37673000000,14480000000,11903000000,12454000000,0.3134,0.3451,0.3248,2.69E-05,3.41E-05,4.37E-05
1,1,1,1,0,1,0,1,1,0,0,1,0,0,0,0,0,1,0,1,1,0,0,0,0,45,0.366777572,0.147741727,0.939617517,20000,0.4,6.00E-05,0.017,3000,72000,72000,72000,30000,30000,30000,0.2,0.2,0.2,5.00E-06,5.00E-06,5.00E-06,37923000000,36045000000,35595000000,13520000000,11345000000,11820000000,0.3261,0.3545,0.3299,2.93E-05,3.72E-05,4.54E-05
0,1,1,0,1,0,0,1,0,0,0,1,0,0,0,0,1,0,1,0,0,0,1,1,1,45,0.345543646,0.366615565,0.890476527,20000,0.4,6.00E-05,0.017,3000,72000,72000,72000,30000,30000,30000,0.2,0.2,0.2,5.00E-06,5.00E-06,5.00E-06,37293000000,35045000000,35771000000,12884000000,12028000000,12716000000,0.3407,0.3504,0.3199,3.04E-05,4.02E-05,3.95E-05
0,0,0,1,0,1,0,1,0,1,0,0,1,1,0,1,0,1,0,0,0,1,0,1,0,45,0.720324115,0.329815539,1.929242055,20000,0.4,6.00E-05,0.017,3000,72000,72000,72000,30000,30000,30000,0.2,0.2,0.2,5.00E-06,5.00E-06,5.00E-06,36852000000,35040000000,34655000000,13091000000,11139000000,11612000000,0.3306,0.3582,0.3338,3.06E-05,3.84E-05,4.60E-05
0,1,1,0,1,0,1,1,1,1,1,1,0,0,1,0,0,0,0,1,0,0,0,1,0,45,0.7959921,0.106593235,2.014340731,20000,0.4,6.00E-05,0.017,3000,72000,72000,72000,30000,30000,30000,0.2,0.2,0.2,5.00E-06,5.00E-06,5.00E-06,39108000000,37855000000,36885000000,14206000000,10976000000,11448000000,0.3181,0.3429,0.3284,2.83E-05,3.44E-05,4.87E-05
0,1,1,0,1,0,0,0,0,0,0,1,1,1,1,1,0,1,0,0,1,1,0,0,0,45,0.62652715,0.363124715,1.661261331,20000,0.4,6.00E-05,0.017,3000,72000,72000,72000,30000,30000,30000,0.2,0.2,0.2,5.00E-06,5.00E-06,5.00E-06,36924000000,34881000000,34793000000,13048000000,11414000000,11907000000,0.3335,0.3583,0.3303,3.04E-05,3.90E-05,4.42E-05
0,0,1,0,1,1,0,0,0,1,1,0,1,0,1,1,1,0,1,0,0,0,1,1,0,45,0.528629378,0.245141536,1.33222496,20000,0.4,6.00E-05,0.017,3000,72000,72000,72000,30000,30000,30000,0.2,0.2,0.2,5.00E-06,5.00E-06,5.00E-06,38059000000,36113000000,35664000000,13500000000,11512000000,12000000000,0.3252,0.3553,0.3299,2.91E-05,3.72E-05,4.46E-05
0,1,1,0,1,1,0,1,1,1,0,0,1,1,1,0,0,1,0,1,1,1,0,0,0,45,0.452747105,0.320762879,1.096063126,20000,0.4,6.00E-05,0.017,3000,72000,72000,72000,30000,30000,30000,0.2,0.2,0.2,5.00E-06,5.00E-06,5.00E-06,38379000000,36249000000,36252000000,13535000000,12090000000,12648000000,0.3284,0.352,0.324,2.88E-05,3.76E-05,4.13E-05
0,0,0,0,0,1,0,0,1,0,1,0,1,0,1,0,1,1,1,0,0,0,1,0,1,45,0.83954329,0.377877698,2.224686299,20000,0.4,6.00E-05,0.017,3000,72000,72000,72000,30000,30000,30000,0.2,0.2,0.2,5.00E-06,5.00E-06,5.00E-06,37160000000,35215000000,34861000000,13182000000,11218000000,11677000000,0.3298,0.3585,0.3322,3.02E-05,3.83E-05,4.57E-05
1,1,1,1,1,1,1,0,0,0,1,1,1,0,1,0,0,0,1,0,0,1,0,1,0,45,0.711469951,0.356843778,1.878482048,20000,0.4,6.00E-05,0.017,3000,72000,72000,72000,30000,30000,30000,0.2,0.2,0.2,5.00E-06,5.00E-06,5.00E-06,37171000000,35101000000,34904000000,13140000000,11354000000,11812000000,0.3315,0.3588,0.3304,3.02E-05,3.85E-05,4.48E-05
0,1,1,1,0,1,0,0,0,1,1,0,1,0,1,0,1,1,0,1,1,0,1,1,0,45,0.843577105,0.293975926,2.018437433,20000,0.4,6.00E-05,0.017,3000,72000,72000,72000,30000,30000,30000,0.2,0.2,0.2,5.00E-06,5.00E-06,5.00E-06,39240000000,37477000000,36731000000,14076000000,11563000000,12053000000,0.3181,0.3495,0.3277,2.79E-05,3.52E-05,4.51E-05
0,1,1,0,1,1,1,1,1,1,1,0,0,0,0,1,0,0,0,0,1,0,1,0,0,45,0.760554247,0.107106881,1.903704184,20000,0.4,6.00E-05,0.017,3000,72000,72000,72000,30000,30000,30000,0.2,0.2,0.2,5.00E-06,5.00E-06,5.00E-06,39396000000,38095000000,37118000000,14301000000,11063000000,11539000000,0.3168,0.3424,0.3274,2.80E-05,3.42E-05,4.82E-05
1,1,1,1,1,0,1,1,0,0,0,0,1,1,1,1,0,1,1,1,1,1,1,1,1,45,0.881698876,0.182100367,2.013704843,20000,0.4,6.00E-05,0.017,3000,72000,72000,72000,30000,30000,30000,0.2,0.2,0.2,5.00E-06,5.00E-06,5.00E-06,40872000000,38992000000,38240000000,14763000000,11683000000,12191000000,0.3132,0.3426,0.3198,2.63E-05,3.35E-05,4.48E-05
1,0,1,0,1,0,0,1,0,0,0,0,0,0,1,1,1,1,0,0,1,1,0,1,0,45,0.287022182,0.191283442,0.737022547,20000,0.4,6.00E-05,0.017,3000,72000,72000,72000,30000,30000,30000,0.2,0.2,0.2,5.00E-06,5.00E-06,5.00E-06,37394000000,35419000000,35327000000,13186000000,11668000000,12207000000,0.3313,0.3551,0.3289,2.99E-05,3.85E-05,4.30E-05
0,1,1,0,0,1,1,0,1,0,0,0,0,1,0,1,1,1,1,0,1,1,1,1,0,45,0.966888707,0.218851239,2.446756021,20000,0.4,6.00E-05,0.017,3000,72000,72000,72000,30000,30000,30000,0.2,0.2,0.2,5.00E-06,5.00E-06,5.00E-06,38789000000,37151000000,36379000000,13949000000,11116000000,11562000000,0.3205,0.3492,0.3286,2.85E-05,3.55E-05,4.74E-05
1,0,0,0,1,1,0,1,1,1,0,1,0,0,0,1,0,0,0,1,1,0,1,1,0,45,0.206251548,0.209538498,0.487717549,20000,0.4,6.00E-05,0.017,3000,72000,72000,72000,30000,30000,30000,0.2,0.2,0.2,5.00E-06,5.00E-06,5.00E-06,39103000000,36925000000,37522000000,13632000000,12544000000,13328000000,0.3317,0.3424,0.3148,2.84E-05,3.78E-05,3.78E-05
0,0,0,1,0,1,1,0,1,0,0,0,0,0,0,1,1,1,1,1,0,1,0,0,1,45,0.340261885,0.294349456,0.784438109,20000,0.4,6.00E-05,0.017,3000,72000,72000,72000,30000,30000,30000,0.2,0.2,0.2,5.00E-06,5.00E-06,5.00E-06,39466000000,37297000000,37660000000,13853000000,12539000000,13297000000,0.3279,0.3432,0.3159,2.78E-05,3.70E-05,3.85E-05
0,1,1,0,1,1,0,0,0,1,0,0,0,0,0,0,1,0,1,1,0,1,0,0,1,45,0.97845348,0.363916975,2.609626866,20000,0.4,6.00E-05,0.017,3000,72000,72000,72000,30000,30000,30000,0.2,0.2,0.2,5.00E-06,5.00E-06,5.00E-06,37189000000,35249000000,34874000000,13216000000,11070000000,11523000000,0.3298,0.3582,0.3319,3.02E-05,3.82E-05,4.64E-05
0,0,0,1,0,0,0,1,0,1,1,0,0,0,1,1,1,1,0,1,0,1,1,1,0,45,0.766070824,0.146572426,1.771973758,20000,0.4,6.00E-05,0.017,3000,72000,72000,72000,30000,30000,30000,0.2,0.2,0.2,5.00E-06,5.00E-06,5.00E-06,40602000000,39009000000,38079000000,14709000000,11531000000,12036000000,0.3125,0.3412,0.3226,2.66E-05,3.34E-05,4.59E-05
0,0,1,1,0,1,0,1,1,1,1,0,1,1,1,1,0,0,1,0,0,0,1,1,0,45,0.769388278,0.125560451,1.706221668,20000,0.4,6.00E-05,0.017,3000,72000,72000,72000,30000,30000,30000,0.2,0.2,0.2,5.00E-06,5.00E-06,5.00E-06,41472000000,39833000000,38839000000,15080000000,11702000000,12227000000,0.3089,0.3382,0.3194,2.57E-05,3.24E-05,4.53E-05
0,0,0,1,0,0,0,0,0,0,1,0,0,0,0,0,1,0,1,1,0,0,1,0,0,45,0.348231256,0.121875487,0.769679839,20000,0.4,6.00E-05,0.017,3000,72000,72000,72000,30000,30000,30000,0.2,0.2,0.2,5.00E-06,5.00E-06,5.00E-06,40647000000,38620000000,37968000000,14599000000,12034000000,12560000000,0.3139,0.3459,0.321,2.64E-05,3.41E-05,4.30E-05
0,1,1,1,0,0,0,0,1,0,1,0,1,0,1,0,1,1,1,1,1,0,1,0,1,45,0.759470412,0.227972082,1.891255489,20000,0.4,6.00E-05,0.017,3000,72000,72000,72000,30000,30000,30000,0.2,0.2,0.2,5.00E-06,5.00E-06,5.00E-06,38762000000,37097000000,36369000000,13930000000,11307000000,11778000000,0.3205,0.3497,0.3289,2.85E-05,3.56E-05,4.62E-05
0,0,1,0,0,1,0,0,1,1,0,1,0,0,0,0,1,0,0,1,1,0,0,1,0,45,0.42196018,0.268014912,1.025679181,20000,0.4,6.00E-05,0.017,3000,72000,72000,72000,30000,30000,30000,0.2,0.2,0.2,5.00E-06,5.00E-06,5.00E-06,38408000000,36470000000,36225000000,13621000000,11948000000,12504000000,0.3256,0.3515,0.3265,2.88E-05,3.70E-05,4.23E-05
1,0,0,1,1,0,1,0,1,1,1,1,0,0,1,0,1,0,0,0,1,0,1,1,1,45,0.816388771,0.290788365,2.085236329,20000,0.4,6.00E-05,0.017,3000,72000,72000,72000,30000,30000,30000,0.2,0.2,0.2,5.00E-06,5.00E-06,5.00E-06,38131000000,36233000000,35746000000,13592000000,11290000000,11755000000,0.3252,0.3541,0.3292,2.91E-05,3.69E-05,4.58E-05
0,0,1,0,0,0,0,0,0,1,0,1,0,1,0,0,0,1,0,1,0,1,0,0,1,45,0.403632619,0.163064524,0.988842683,20000,0.4,6.00E-05,0.017,3000,72000,72000,72000,30000,30000,30000,0.2,0.2,0.2,5.00E-06,5.00E-06,5.00E-06,38689000000,36885000000,36258000000,13835000000,11549000000,12034000000,0.3212,0.3518,0.3289,2.85E-05,3.60E-05,4.49E-05
1,1,0,1,1,1,0,0,1,1,0,0,0,0,1,0,1,1,0,1,1,1,0,1,1,45,0.600896276,0.181441377,1.350523997,20000,0.4,6.00E-05,0.017,3000,72000,72000,72000,30000,30000,30000,0.2,0.2,0.2,5.00E-06,5.00E-06,5.00E-06,40632000000,38629000000,37908000000,14609000000,11874000000,12378000000,0.3136,0.346,0.3214,2.64E-05,3.40E-05,4.39E-05
0,0,0,1,1,1,1,0,1,0,1,1,0,1,1,0,0,0,1,1,0,0,0,1,1,45,0.388298333,0.126957853,1.026070515,20000,0.4,6.00E-05,0.017,3000,72000,72000,72000,30000,30000,30000,0.2,0.2,0.2,5.00E-06,5.00E-06,5.00E-06,37713000000,35675000000,35230000000,13403000000,11087000000,11504000000,0.3274,0.3579,0.3302,2.96E-05,3.75E-05,4.67E-05
1,1,0,0,1,0,0,1,1,0,1,0,0,0,1,1,0,1,1,0,0,0,1,1,0,45,0.797172414,0.376681837,2.026526002,20000,0.4,6.00E-05,0.017,3000,72000,72000,72000,30000,30000,30000,0.2,0.2,0.2,5.00E-06,5.00E-06,5.00E-06,37884000000,36006000000,35624000000,13479000000,11484000000,11990000000,0.3267,0.3542,0.3296,2.94E-05,3.73E-05,4.46E-05
1,0,1,1,1,0,1,0,1,1,0,0,1,1,0,0,1,1,0,0,0,0,0,0,1,45,0.27039033,0.193648654,0.681703256,20000,0.4,6.00E-05,0.017,3000,72000,72000,72000,30000,30000,30000,0.2,0.2,0.2,5.00E-06,5.00E-06,5.00E-06,37722000000,35574000000,35641000000,13248000000,11849000000,12411000000,0.3319,0.3545,0.3258,2.95E-05,3.85E-05,4.21E-05
1,1,0,1,1,1,0,0,0,1,0,0,0,1,1,0,1,1,0,1,1,1,0,0,0,45,0.442783416,0.393051237,1.169400517,20000,0.4,6.00E-05,0.017,3000,72000,72000,72000,30000,30000,30000,0.2,0.2,0.2,5.00E-06,5.00E-06,5.00E-06,36712000000,34422000000,34893000000,12780000000,11757000000,12338000000,0.3405,0.3569,0.325,3.07E-05,4.05E-05,4.14E-05
1,0,1,0,0,1,1,1,0,1,1,1,1,1,0,0,1,1,1,1,1,0,0,1,0,45,0.587427021,0.324691936,1.579631791,20000,0.4,6.00E-05,0.017,3000,72000,72000,72000,30000,30000,30000,0.2,0.2,0.2,5.00E-06,5.00E-06,5.00E-06,36627000000,34549000000,34435000000,12915000000,11290000000,11761000000,0.3343,0.3607,0.3319,3.07E-05,3.94E-05,4.48E-05
0,1,1,1,0,1,1,0,1,0,1,0,0,0,0,0,1,0,1,1,1,0,1,1,1,45,0.392704351,0.284169867,1.016446907,20000,0.4,6.00E-05,0.017,3000,72000,72000,72000,30000,30000,30000,0.2,0.2,0.2,5.00E-06,5.00E-06,5.00E-06,37209000000,35122000000,35163000000,13063000000,11694000000,12237000000,0.3335,0.3563,0.3281,3.01E-05,3.90E-05,4.27E-05
1,1,1,1,1,0,1,1,0,0,1,1,1,0,1,1,0,1,1,1,0,1,1,0,1,45,0.789469065,0.374985703,1.961827023,20000,0.4,6.00E-05,0.017,3000,72000,72000,72000,30000,30000,30000,0.2,0.2,0.2,5.00E-06,5.00E-06,5.00E-06,38417000000,36234000000,35939000000,13607000000,11676000000,12143000000,0.3257,0.3556,0.3265,2.87E-05,3.71E-05,4.38E-05
0,1,1,0,0,0,0,1,0,0,0,0,1,0,1,0,0,1,1,0,1,1,1,1,1,45,0.222464288,0.119569691,0.561974401,20000,0.4,6.00E-05,0.017,3000,72000,72000,72000,30000,30000,30000,0.2,0.2,0.2,5.00E-06,5.00E-06,5.00E-06,37996000000,35713000000,35602000000,13380000000,11682000000,12169000000,0.3292,0.3573,0.3263,2.91E-05,3.80E-05,4.34E-05
0,1,0,1,0,1,0,0,0,1,1,0,1,0,0,1,0,1,1,0,1,1,1,0,1,45,0.217190646,0.257215691,0.519025144,20000,0.4,6.00E-05,0.017,3000,72000,72000,72000,30000,30000,30000,0.2,0.2,0.2,5.00E-06,5.00E-06,5.00E-06,39080000000,37127000000,37955000000,13600000000,12603000000,13438000000,0.3339,0.3364,0.3122,2.88E-05,3.79E-05,3.68E-05
0,1,0,1,1,1,0,1,0,1,0,0,0,1,0,0,1,1,0,1,0,1,1,1,0,45,0.646288167,0.251129731,1.596189848,20000,0.4,6.00E-05,0.017,3000,72000,72000,72000,30000,30000,30000,0.2,0.2,0.2,5.00E-06,5.00E-06,5.00E-06,38606000000,36874000000,36213000000,13824000000,11479000000,11975000000,0.3212,0.3513,0.3295,2.86E-05,3.60E-05,4.52E-05
1,0,0,0,1,0,0,0,0,1,1,0,0,0,0,0,1,1,1,1,0,0,1,0,1,45,0.900625827,0.205986855,2.102339861,20000,0.4,6.00E-05,0.017,3000,72000,72000,72000,30000,30000,30000,0.2,0.2,0.2,5.00E-06,5.00E-06,5.00E-06,40214000000,38544000000,37695000000,14529000000,11523000000,12021000000,0.3144,0.3436,0.3237,2.70E-05,3.39E-05,4.56E-05
0,1,1,1,1,1,1,0,1,0,0,0,0,1,0,1,1,0,0,1,0,0,0,0,1,45,0.263660113,0.263445624,0.640548326,20000,0.4,6.00E-05,0.017,3000,72000,72000,72000,30000,30000,30000,0.2,0.2,0.2,5.00E-06,5.00E-06,5.00E-06,38412000000,36162000000,36785000000,13378000000,12361000000,13103000000,0.3349,0.3465,0.317,2.90E-05,3.87E-05,3.86E-05
1,0,0,1,1,1,1,0,0,0,1,0,0,1,0,0,1,0,1,0,1,1,1,1,0,45,0.873160112,0.18660212,2.12426653,20000,0.4,6.00E-05,0.017,3000,72000,72000,72000,30000,30000,30000,0.2,0.2,0.2,5.00E-06,5.00E-06,5.00E-06,39476000000,37918000000,37046000000,14280000000,11287000000,11755000000,0.317,0.3456,0.3268,2.78E-05,3.45E-05,4.68E-05
0,1,1,1,1,1,0,1,1,1,1,0,0,0,1,1,0,1,1,0,0,1,1,0,1,45,0.670499648,0.373572666,1.668319879,20000,0.4,6.00E-05,0.017,3000,72000,72000,72000,30000,30000,30000,0.2,0.2,0.2,5.00E-06,5.00E-06,5.00E-06,38186000000,36110000000,35833000000,13502000000,11752000000,12261000000,0.3263,0.355,0.3277,2.90E-05,3.74E-05,4.33E-05
0,1,1,0,1,1,1,0,0,0,1,0,1,1,0,1,1,0,1,1,0,0,0,1,1,45,0.761087674,0.225900271,1.803267338,20000,0.4,6.00E-05,0.017,3000,72000,72000,72000,30000,30000,30000,0.2,0.2,0.2,5.00E-06,5.00E-06,5.00E-06,39680000000,37949000000,37152000000,14281000000,11544000000,12037000000,0.3164,0.3471,0.326,2.74E-05,3.47E-05,4.53E-05
1,1,0,0,1,0,0,0,0,1,0,0,1,1,0,1,0,0,1,0,1,0,0,1,0,45,0.706156873,0.237513187,1.808848473,20000,0.4,6.00E-05,0.017,3000,72000,72000,72000,30000,30000,30000,0.2,0.2,0.2,5.00E-06,5.00E-06,5.00E-06,38136000000,36234000000,35703000000,13588000000,11227000000,11678000000,0.3247,0.3546,0.3296,2.91E-05,3.68E-05,4.62E-05
1,1,0,0,1,0,0,1,0,1,1,1,0,0,0,1,1,0,1,1,1,0,0,1,0,45,0.233540431,0.373804165,0.548576772,20000,0.4,6.00E-05,0.017,3000,72000,72000,72000,30000,30000,30000,0.2,0.2,0.2,5.00E-06,5.00E-06,5.00E-06,40549000000,38177000000,39959000000,13898000000,13047000000,14122000000,0.3381,0.3252,0.2965,2.74E-05,3.81E-05,3.34E-05
1,1,1,1,1,0,0,1,0,1,1,1,0,1,0,1,1,1,1,1,0,0,0,0,0,45,0.805860521,0.39860591,2.007696877,20000,0.4,6.00E-05,0.017,3000,72000,72000,72000,30000,30000,30000,0.2,0.2,0.2,5.00E-06,5.00E-06,5.00E-06,38328000000,36347000000,36090000000,13623000000,11679000000,12210000000,0.3264,0.3522,0.3264,2.89E-05,3.71E-05,4.36E-05
1,0,1,1,0,0,1,0,0,0,0,1,1,1,1,1,1,0,0,1,0,1,0,1,0,45,0.54175887,0.26173842,1.359643497,20000,0.4,6.00E-05,0.017,3000,72000,72000,72000,30000,30000,30000,0.2,0.2,0.2,5.00E-06,5.00E-06,5.00E-06,38142000000,36285000000,35827000000,13566000000,11568000000,12080000000,0.3247,0.3536,0.3296,2.91E-05,3.70E-05,4.43E-05
0,0,0,0,1,1,1,1,1,1,0,1,0,1,1,1,1,1,1,0,0,1,0,1,0,45,0.309008728,0.219121814,0.786064058,20000,0.4,6.00E-05,0.017,3000,72000,72000,72000,30000,30000,30000,0.2,0.2,0.2,5.00E-06,5.00E-06,5.00E-06,37623000000,35509000000,35585000000,13219000000,11815000000,12385000000,0.3323,0.3543,0.3261,2.97E-05,3.86E-05,4.21E-05
0,0,1,1,0,1,0,0,0,0,1,1,1,0,1,1,1,0,0,0,0,0,0,0,0,45,0.664734509,0.3551956,1.652704858,20000,0.4,6.00E-05,0.017,3000,72000,72000,72000,30000,30000,30000,0.2,0.2,0.2,5.00E-06,5.00E-06,5.00E-06,38303000000,35957000000,35875000000,13496000000,11794000000,12275000000,0.3284,0.3564,0.3248,2.88E-05,3.77E-05,4.29E-05
0,1,0,1,1,1,0,0,0,1,1,1,0,1,0,1,0,0,1,0,1,1,0,1,0,45,0.733528665,0.263414526,1.723963177,20000,0.4,6.00E-05,0.017,3000,72000,72000,72000,30000,30000,30000,0.2,0.2,0.2,5.00E-06,5.00E-06,5.00E-06,39640000000,37781000000,37108000000,14181000000,11721000000,12243000000,0.3173,0.3483,0.3254,2.75E-05,3.51E-05,4.42E-05
0,0,0,0,1,0,1,1,1,1,1,1,0,1,0,1,1,1,1,1,1,1,0,1,0,45,0.815709427,0.282719293,2.027793465,20000,0.4,6.00E-05,0.017,3000,72000,72000,72000,30000,30000,30000,0.2,0.2,0.2,5.00E-06,5.00E-06,5.00E-06,38709000000,36864000000,36254000000,13861000000,11404000000,11870000000,0.3217,0.3518,0.3282,2.85E-05,3.60E-05,4.56E-05
1,0,1,0,0,1,0,1,0,0,1,1,1,1,1,0,1,0,0,1,1,1,1,1,0,45,0.594959561,0.143340094,1.465719182,20000,0.4,6.00E-05,0.017,3000,72000,72000,72000,30000,30000,30000,0.2,0.2,0.2,5.00E-06,5.00E-06,5.00E-06,39188000000,37577000000,36760000000,14127000000,11268000000,11731000000,0.3184,0.3475,0.3276,2.81E-05,3.50E-05,4.67E-05
0,1,0,1,0,1,1,1,1,0,1,0,1,1,0,1,0,0,1,1,1,0,1,0,0,45,0.904653754,0.231083931,2.174139019,20000,0.4,6.00E-05,0.017,3000,72000,72000,72000,30000,30000,30000,0.2,0.2,0.2,5.00E-06,5.00E-06,5.00E-06,39522000000,37925000000,37027000000,14266000000,11383000000,11856000000,0.3162,0.3466,0.3273,2.77E-05,3.45E-05,4.63E-05
1,1,0,1,0,0,1,0,0,0,0,0,1,0,1,1,1,0,1,1,0,1,1,1,1,45,0.954032966,0.114029066,2.377741641,20000,0.4,6.00E-05,0.017,3000,72000,72000,72000,30000,30000,30000,0.2,0.2,0.2,5.00E-06,5.00E-06,5.00E-06,39482000000,38306000000,37246000000,14394000000,11032000000,11522000000,0.3159,0.3408,0.3277,2.80E-05,3.39E-05,4.86E-05
0,0,0,0,1,1,1,1,0,0,1,1,1,0,0,1,1,1,0,1,1,1,0,1,0,45,0.247589121,0.35605302,0.604063735,20000,0.4,6.00E-05,0.017,3000,72000,72000,72000,30000,30000,30000,0.2,0.2,0.2,5.00E-06,5.00E-06,5.00E-06,38979000000,36617000000,38131000000,13396000000,12599000000,13536000000,0.3424,0.335,0.3047,2.88E-05,3.94E-05,3.56E-05
1,1,0,0,0,1,0,1,0,0,1,0,0,1,0,0,1,1,1,1,0,0,1,1,1,45,0.725669652,0.170730774,1.623332557,20000,0.4,6.00E-05,0.017,3000,72000,72000,72000,30000,30000,30000,0.2,0.2,0.2,5.00E-06,5.00E-06,5.00E-06,40897000000,39271000000,38327000000,14837000000,11723000000,12254000000,0.3109,0.3408,0.3219,2.63E-05,3.31E-05,4.49E-05
1,0,1,0,1,0,1,0,0,1,0,0,1,1,0,1,1,1,0,0,1,0,1,1,1,45,0.694217854,0.323964993,1.716938082,20000,0.4,6.00E-05,0.017,3000,72000,72000,72000,30000,30000,30000,0.2,0.2,0.2,5.00E-06,5.00E-06,5.00E-06,38399000000,36504000000,35997000000,13671000000,11602000000,12097000000,0.3233,0.3535,0.3291,2.88E-05,3.66E-05,4.44E-05
1,0,1,0,0,1,0,1,0,1,1,1,1,1,0,0,1,1,0,0,0,0,0,0,0,45,0.890969563,0.337260886,2.105151443,20000,0.4,6.00E-05,0.017,3000,72000,72000,72000,30000,30000,30000,0.2,0.2,0.2,5.00E-06,5.00E-06,5.00E-06,39514000000,37465000000,36929000000,14089000000,11771000000,12261000000,0.3192,0.3505,0.3245,2.75E-05,3.55E-05,4.38E-05
1,0,1,1,0,0,0,0,1,1,1,1,0,0,0,0,0,1,0,1,0,1,0,1,0,45,0.490735615,0.211154742,1.15858163,20000,0.4,6.00E-05,0.017,3000,72000,72000,72000,30000,30000,30000,0.2,0.2,0.2,5.00E-06,5.00E-06,5.00E-06,39172000000,37438000000,36762000000,14036000000,11741000000,12269000000,0.3186,0.349,0.3277,2.80E-05,3.54E-05,4.40E-05
1,1,1,0,1,1,1,1,1,0,1,1,1,0,1,0,0,0,1,0,1,1,1,1,1,45,0.758844952,0.208248255,1.861044271,20000,0.4,6.00E-05,0.017,3000,72000,72000,72000,30000,30000,30000,0.2,0.2,0.2,5.00E-06,5.00E-06,5.00E-06,39189000000,37377000000,36691000000,14092000000,11372000000,11821000000,0.3196,0.3494,0.3264,2.81E-05,3.52E-05,4.60E-05
0,0,0,1,1,1,1,1,1,1,0,0,1,0,0,1,0,1,0,1,1,0,0,0,1,45,0.313465809,0.3875374,0.779299002,20000,0.4,6.00E-05,0.017,3000,72000,72000,72000,30000,30000,30000,0.2,0.2,0.2,5.00E-06,5.00E-06,5.00E-06,38204000000,35808000000,36973000000,13167000000,12356000000,13215000000,0.342,0.3431,0.3115,2.93E-05,3.99E-05,3.73E-05
0,1,1,1,1,1,0,0,1,0,0,0,1,1,1,1,1,0,1,1,0,0,0,1,0,45,0.681229108,0.251557785,1.672661591,20000,0.4,6.00E-05,0.017,3000,72000,72000,72000,30000,30000,30000,0.2,0.2,0.2,5.00E-06,5.00E-06,5.00E-06,38786000000,36873000000,36305000000,13878000000,11512000000,11981000000,0.3217,0.3522,0.3276,2.84E-05,3.60E-05,4.50E-05
0,1,0,0,1,0,0,0,1,1,0,0,0,0,1,1,1,1,0,1,1,0,0,0,0,45,0.646584707,0.371813147,1.524278851,20000,0.4,6.00E-05,0.017,3000,72000,72000,72000,30000,30000,30000,0.2,0.2,0.2,5.00E-06,5.00E-06,5.00E-06,39143000000,36925000000,36761000000,13846000000,12108000000,12640000000,0.324,0.3513,0.3226,2.79E-05,3.65E-05,4.17E-05
1,1,1,1,1,0,1,0,0,1,1,0,1,0,1,1,1,1,0,1,0,1,1,1,0,45,0.567803166,0.22437006,1.517619089,20000,0.4,6.00E-05,0.017,3000,72000,72000,72000,30000,30000,30000,0.2,0.2,0.2,5.00E-06,5.00E-06,5.00E-06,37098000000,35180000000,34814000000,13188000000,11099000000,11548000000,0.3302,0.3583,0.3322,3.03E-05,3.82E-05,4.63E-05
1,0,1,1,1,0,1,0,0,1,1,0,1,0,0,1,1,1,1,1,0,0,0,0,0,45,0.328309807,0.178144096,0.768023278,20000,0.4,6.00E-05,0.017,3000,72000,72000,72000,30000,30000,30000,0.2,0.2,0.2,5.00E-06,5.00E-06,5.00E-06,39303000000,37393000000,37068000000,14001000000,12046000000,12652000000,0.3217,0.3473,0.3236,2.78E-05,3.59E-05,4.20E-05
1,0,1,0,0,1,1,1,1,0,0,1,1,0,1,0,0,0,1,0,1,1,1,1,0,45,0.624515767,0.321289253,1.529662915,20000,0.4,6.00E-05,0.017,3000,72000,72000,72000,30000,30000,30000,0.2,0.2,0.2,5.00E-06,5.00E-06,5.00E-06,38439000000,36428000000,36053000000,13657000000,11750000000,12250000000,0.3245,0.3538,0.3276,2.87E-05,3.68E-05,4.35E-05
1,1,1,1,1,1,1,0,0,1,0,0,1,1,0,0,0,1,1,1,0,1,0,1,1,45,0.471362317,0.100086368,1.194475245,20000,0.4,6.00E-05,0.017,3000,72000,72000,72000,30000,30000,30000,0.2,0.2,0.2,5.00E-06,5.00E-06,5.00E-06,38845000000,37259000000,36501000000,13989000000,11104000000,11560000000,0.3205,0.3478,0.328,2.85E-05,3.54E-05,4.74E-05
0,0,0,1,0,0,1,1,1,1,1,0,1,0,0,1,1,1,0,1,1,0,0,0,0,45,0.970226918,0.14880277,2.279838831,20000,0.4,6.00E-05,0.017,3000,72000,72000,72000,30000,30000,30000,0.2,0.2,0.2,5.00E-06,5.00E-06,5.00E-06,40370000000,38973000000,37955000000,14689000000,11358000000,11851000000,0.3128,0.3398,0.3239,2.69E-05,3.33E-05,4.69E-05
1,0,0,1,0,1,1,1,0,0,0,0,0,1,0,1,1,1,1,1,1,0,0,1,1,45,0.274868523,0.371370198,0.676193249,20000,0.4,6.00E-05,0.017,3000,72000,72000,72000,30000,30000,30000,0.2,0.2,0.2,5.00E-06,5.00E-06,5.00E-06,38684000000,36249000000,37683000000,13287000000,12493000000,13427000000,0.3428,0.3384,0.3066,2.90E-05,3.98E-05,3.61E-05
0,1,1,1,0,0,1,1,0,1,0,0,1,1,0,0,1,1,0,1,1,1,1,1,0,45,0.523750698,0.125516799,1.164252324,20000,0.4,6.00E-05,0.017,3000,72000,72000,72000,30000,30000,30000,0.2,0.2,0.2,5.00E-06,5.00E-06,5.00E-06,40945000000,39236000000,38301000000,14837000000,11746000000,12270000000,0.3108,0.3418,0.3218,2.62E-05,3.31E-05,4.48E-05
0,0,1,0,1,1,0,0,0,0,0,1,1,0,0,0,1,1,1,0,0,0,1,0,1,45,0.376335029,0.112416006,0.866834022,20000,0.4,6.00E-05,0.017,3000,72000,72000,72000,30000,30000,30000,0.2,0.2,0.2,5.00E-06,5.00E-06,5.00E-06,40208000000,38357000000,37618000000,14437000000,11731000000,12254000000,0.3149,0.3458,0.3233,2.69E-05,3.44E-05,4.44E-05
0,1,1,1,0,1,1,1,1,0,1,1,1,1,1,1,0,1,0,1,0,1,1,1,0,45,0.667995748,0.362924495,1.614578304,20000,0.4,6.00E-05,0.017,3000,72000,72000,72000,30000,30000,30000,0.2,0.2,0.2,5.00E-06,5.00E-06,5.00E-06,38721000000,36301000000,36173000000,13625000000,11940000000,12404000000,0.3262,0.3562,0.3238,2.83E-05,3.72E-05,4.25E-05
1,1,1,0,0,1,1,1,1,1,0,0,1,1,1,1,0,1,0,0,1,0,0,0,1,45,0.362633728,0.252901479,0.89723704,20000,0.4,6.00E-05,0.017,3000,72000,72000,72000,30000,30000,30000,0.2,0.2,0.2,5.00E-06,5.00E-06,5.00E-06,38122000000,35743000000,35938000000,13363000000,12016000000,12569000000,0.3319,0.3548,0.3227,2.90E-05,3.84E-05,4.13E-05
0,0,0,1,1,1,1,1,0,0,0,0,1,0,1,1,0,1,0,0,1,0,1,1,1,45,0.628392274,0.101999571,1.572978702,20000,0.4,6.00E-05,0.017,3000,72000,72000,72000,30000,30000,30000,0.2,0.2,0.2,5.00E-06,5.00E-06,5.00E-06,39251000000,37917000000,36985000000,14232000000,11082000000,11563000000,0.3176,0.3433,0.3277,2.82E-05,3.45E-05,4.79E-05
1,0,1,1,1,0,0,0,1,0,0,1,0,1,1,0,1,0,0,0,0,1,0,0,0,45,0.259197006,0.223074951,0.658464721,20000,0.4,6.00E-05,0.017,3000,72000,72000,72000,30000,30000,30000,0.2,0.2,0.2,5.00E-06,5.00E-06,5.00E-06,37632000000,35278000000,35740000000,13088000000,12021000000,12633000000,0.3366,0.3537,0.3216,2.98E-05,3.94E-05,4.04E-05
0,1,0,1,1,1,0,1,0,1,0,1,1,0,0,1,0,1,1,1,0,1,1,0,0,45,0.811576616,0.277409149,1.818791184,20000,0.4,6.00E-05,0.017,3000,72000,72000,72000,30000,30000,30000,0.2,0.2,0.2,5.00E-06,5.00E-06,5.00E-06,40405000000,38711000000,37874000000,14577000000,11893000000,12442000000,0.3129,0.3438,0.3237,2.67E-05,3.38E-05,4.38E-05
0,0,1,1,1,0,1,1,1,1,0,0,0,0,1,1,1,1,0,1,1,0,1,0,0,45,0.702758232,0.369058006,1.668131155,20000,0.4,6.00E-05,0.017,3000,72000,72000,72000,30000,30000,30000,0.2,0.2,0.2,5.00E-06,5.00E-06,5.00E-06,39149000000,36976000000,36704000000,13872000000,12011000000,12540000000,0.3229,0.3517,0.3237,2.79E-05,3.64E-05,4.23E-05
1,1,0,0,0,1,1,0,0,1,1,0,0,0,0,0,0,0,0,1,0,1,0,0,1,45,0.636549565,0.372841549,1.690159442,20000,0.4,6.00E-05,0.017,3000,72000,72000,72000,30000,30000,30000,0.2,0.2,0.2,5.00E-06,5.00E-06,5.00E-06,37014000000,34675000000,34657000000,12986000000,11435000000,11870000000,0.3341,0.362,0.3291,3.02E-05,3.93E-05,4.43E-05
0,0,0,0,0,1,0,0,1,0,0,0,0,1,1,0,1,1,1,0,1,0,0,1,0,45,0.946679016,0.235161244,2.502624251,20000,0.4,6.00E-05,0.017,3000,72000,72000,72000,30000,30000,30000,0.2,0.2,0.2,5.00E-06,5.00E-06,5.00E-06,37839000000,36215000000,35550000000,13590000000,10922000000,11364000000,0.325,0.3525,0.3315,2.96E-05,3.66E-05,4.79E-05
0,0,0,1,0,0,0,1,1,1,1,0,1,1,1,1,1,0,0,1,0,1,1,0,1,45,0.95481358,0.238013641,2.120619256,20000,0.4,6.00E-05,0.017,3000,72000,72000,72000,30000,30000,30000,0.2,0.2,0.2,5.00E-06,5.00E-06,5.00E-06,40929000000,39153000000,38282000000,14805000000,11806000000,12331000000,0.3113,0.3423,0.3213,2.62E-05,3.33E-05,4.44E-05
1,1,0,1,1,1,1,1,1,0,1,0,1,0,0,0,1,0,0,1,0,1,0,0,0,45,0.795231344,0.191663761,2.041550635,20000,0.4,6.00E-05,0.017,3000,72000,72000,72000,30000,30000,30000,0.2,0.2,0.2,5.00E-06,5.00E-06,5.00E-06,38381000000,36779000000,36034000000,13800000000,11041000000,11484000000,0.3222,0.3503,0.3301,2.90E-05,3.59E-05,4.76E-05
1,0,0,0,0,1,1,0,0,0,0,0,0,1,1,1,0,0,1,1,0,1,1,0,0,45,0.277912058,0.131781646,0.615729814,20000,0.4,6.00E-05,0.017,3000,72000,72000,72000,30000,30000,30000,0.2,0.2,0.2,5.00E-06,5.00E-06,5.00E-06,40325000000,38132000000,37762000000,14387000000,12283000000,12844000000,0.3176,0.3473,0.3199,2.67E-05,3.49E-05,4.15E-05
1,1,0,0,0,0,1,1,1,0,1,0,0,0,0,0,0,1,0,1,0,1,0,0,0,45,0.436497996,0.152566796,1.08763315,20000,0.4,6.00E-05,0.017,3000,72000,72000,72000,30000,30000,30000,0.2,0.2,0.2,5.00E-06,5.00E-06,5.00E-06,38647000000,36761000000,36162000000,13818000000,11394000000,11854000000,0.322,0.3527,0.3284,2.85E-05,3.61E-05,4.56E-05
0,0,0,1,1,1,1,1,0,1,0,1,1,0,0,0,1,1,1,1,0,0,0,0,0,45,0.936782803,0.224023584,2.454227101,20000,0.4,6.00E-05,0.017,3000,72000,72000,72000,30000,30000,30000,0.2,0.2,0.2,5.00E-06,5.00E-06,5.00E-06,38164000000,36556000000,35940000000,13724000000,11016000000,11466000000,0.3244,0.35,0.3294,2.93E-05,3.63E-05,4.74E-05
0,0,1,1,1,0,0,1,1,0,1,0,0,0,0,0,0,1,0,0,0,0,0,0,1,45,0.82930436,0.147889019,1.937304759,20000,0.4,6.00E-05,0.017,3000,72000,72000,72000,30000,30000,30000,0.2,0.2,0.2,5.00E-06,5.00E-06,5.00E-06,40453000000,38907000000,37951000000,14674000000,11434000000,11926000000,0.313,0.3413,0.3232,2.68E-05,3.34E-05,4.64E-05
0,1,1,0,1,0,1,1,1,0,0,0,0,0,0,0,1,0,0,1,0,0,1,1,1,45,0.626709008,0.202683235,1.503281065,20000,0.4,6.00E-05,0.017,3000,72000,72000,72000,30000,30000,30000,0.2,0.2,0.2,5.00E-06,5.00E-06,5.00E-06,39368000000,37444000000,36784000000,14099000000,11550000000,12014000000,0.3188,0.3503,0.326,2.78E-05,3.53E-05,4.51E-05
1,0,0,0,0,1,0,1,0,1,0,0,1,0,0,0,1,1,0,0,0,0,1,1,0,45,0.439855268,0.258786737,1.072225049,20000,0.4,6.00E-05,0.017,3000,72000,72000,72000,30000,30000,30000,0.2,0.2,0.2,5.00E-06,5.00E-06,5.00E-06,38447000000,36105000000,36031000000,13525000000,11945000000,12446000000,0.3277,0.3558,0.3244,2.86E-05,3.76E-05,4.23E-05
1,1,0,0,1,1,1,1,1,0,0,0,0,1,0,1,1,1,1,0,0,1,1,1,0,45,0.210969629,0.200870355,0.535405303,20000,0.4,6.00E-05,0.017,3000,72000,72000,72000,30000,30000,30000,0.2,0.2,0.2,5.00E-06,5.00E-06,5.00E-06,37615000000,35262000000,35900000000,13067000000,12069000000,12745000000,0.3386,0.3516,0.3196,2.98E-05,3.97E-05,3.98E-05
1,1,1,1,1,0,1,1,1,0,0,0,0,1,0,0,0,1,0,0,0,0,1,1,1,45,0.447538621,0.390380449,1.131948371,20000,0.4,6.00E-05,0.017,3000,72000,72000,72000,30000,30000,30000,0.2,0.2,0.2,5.00E-06,5.00E-06,5.00E-06,37620000000,35003000000,35652000000,13018000000,12039000000,12644000000,0.3392,0.3556,0.3193,2.96E-05,4.00E-05,4.02E-05
0,0,1,1,1,0,0,1,1,0,1,0,0,0,0,1,0,0,1,1,0,0,0,1,1,45,0.302291831,0.318494857,0.694680802,20000,0.4,6.00E-05,0.017,3000,72000,72000,72000,30000,30000,30000,0.2,0.2,0.2,5.00E-06,5.00E-06,5.00E-06,39252000000,36639000000,37643000000,13598000000,12687000000,13478000000,0.3362,0.3437,0.3095,2.79E-05,3.85E-05,3.69E-05
0,1,0,1,0,0,1,1,0,1,1,0,0,0,0,1,1,0,1,0,0,0,1,1,0,45,0.788808667,0.17010173,1.764312299,20000,0.4,6.00E-05,0.017,3000,72000,72000,72000,30000,30000,30000,0.2,0.2,0.2,5.00E-06,5.00E-06,5.00E-06,40906000000,39397000000,38346000000,14867000000,11664000000,12189000000,0.3099,0.34,0.3228,2.63E-05,3.29E-05,4.54E-05
1,0,1,0,0,1,0,0,0,0,1,1,1,1,0,1,1,1,1,0,0,0,0,1,0,45,0.833027011,0.267591086,2.240821204,20000,0.4,6.00E-05,0.017,3000,72000,72000,72000,30000,30000,30000,0.2,0.2,0.2,5.00E-06,5.00E-06,5.00E-06,37282000000,35447000000,35013000000,13297000000,10974000000,11416000000,0.3292,0.3564,0.3317,3.02E-05,3.78E-05,4.71E-05
0,0,1,0,0,1,1,0,0,0,0,1,0,1,1,0,1,0,1,1,0,1,1,1,1,45,0.379341648,0.352415539,0.93425351,20000,0.4,6.00E-05,0.017,3000,72000,72000,72000,30000,30000,30000,0.2,0.2,0.2,5.00E-06,5.00E-06,5.00E-06,38164000000,35809000000,36363000000,13285000000,12248000000,12883000000,0.3353,0.3502,0.3186,2.93E-05,3.89E-05,3.94E-05
0,0,0,0,0,0,0,1,0,0,1,0,0,1,0,0,0,0,0,0,0,1,1,0,0,45,0.661890674,0.121239969,1.535525289,20000,0.4,6.00E-05,0.017,3000,72000,72000,72000,30000,30000,30000,0.2,0.2,0.2,5.00E-06,5.00E-06,5.00E-06,40693000000,39064000000,38187000000,14743000000,11534000000,12046000000,0.3128,0.3406,0.3215,2.66E-05,3.33E-05,4.57E-05
0,1,1,0,0,1,1,1,1,0,1,1,0,0,0,1,0,1,0,1,0,1,1,0,0,45,0.857007134,0.13649328,2.088295446,20000,0.4,6.00E-05,0.017,3000,72000,72000,72000,30000,30000,30000,0.2,0.2,0.2,5.00E-06,5.00E-06,5.00E-06,39670000000,38227000000,37262000000,14397000000,11186000000,11650000000,0.3158,0.3435,0.3263,2.77E-05,3.40E-05,4.76E-05
1,0,1,1,1,0,0,0,0,0,1,1,0,0,0,1,1,0,1,1,0,0,0,0,0,45,0.832977087,0.261090313,2.192768826,20000,0.4,6.00E-05,0.017,3000,72000,72000,72000,30000,30000,30000,0.2,0.2,0.2,5.00E-06,5.00E-06,5.00E-06,37772000000,35968000000,35503000000,13511000000,11112000000,11557000000,0.327,0.3538,0.33,2.96E-05,3.71E-05,4.66E-05
1,1,1,0,1,0,1,1,1,0,1,1,1,0,1,0,0,0,1,0,1,0,1,1,1,45,0.279597086,0.284810833,0.691487653,20000,0.4,6.00E-05,0.017,3000,72000,72000,72000,30000,30000,30000,0.2,0.2,0.2,5.00E-06,5.00E-06,5.00E-06,38149000000,35974000000,36575000000,13301000000,12260000000,12994000000,0.3358,0.3467,0.3181,2.93E-05,3.88E-05,3.90E-05
1,1,0,0,0,1,1,1,0,0,0,0,0,1,1,1,1,1,1,1,1,1,0,1,0,45,0.651245609,0.31654338,1.602421003,20000,0.4,6.00E-05,0.017,3000,72000,72000,72000,30000,30000,30000,0.2,0.2,0.2,5.00E-06,5.00E-06,5.00E-06,38536000000,36325000000,36076000000,13657000000,11742000000,12223000000,0.3258,0.3549,0.3256,2.85E-05,3.70E-05,4.35E-05
1,1,1,0,1,0,0,0,0,1,1,0,0,0,0,1,0,0,0,0,0,1,0,0,0,45,0.216147869,0.318343749,0.532563993,20000,0.4,6.00E-05,0.017,3000,72000,72000,72000,30000,30000,30000,0.2,0.2,0.2,5.00E-06,5.00E-06,5.00E-06,38677000000,36101000000,37873000000,13237000000,12499000000,13456000000,0.347,0.3366,0.3026,2.90E-05,4.04E-05,3.54E-05
1,0,1,1,1,0,0,0,1,1,1,0,1,0,1,0,1,1,1,0,0,1,0,0,1,45,0.314821833,0.174559538,0.770314175,20000,0.4,6.00E-05,0.017,3000,72000,72000,72000,30000,30000,30000,0.2,0.2,0.2,5.00E-06,5.00E-06,5.00E-06,38358000000,36417000000,36085000000,13621000000,11816000000,12348000000,0.325,0.3527,0.3276,2.89E-05,3.69E-05,4.30E-05
1,1,0,0,1,1,0,1,1,0,0,0,0,1,0,1,0,0,1,0,1,0,1,0,0,60,0.461402294,0.217212277,1.198217128,20000,0.4,6.00E-05,0.017,3000,72000,72000,72000,30000,30000,30000,0.2,0.2,0.2,5.00E-06,5.00E-06,5.00E-06,45461000000,42769000000,41652000000,16569000000,13530000000,14098000000,0.2916,0.3377,0.307,2.14E-05,2.94E-05,3.89E-05
0,1,0,1,1,1,0,1,1,1,0,0,0,0,0,0,0,0,0,0,1,1,0,1,1,60,0.526255444,0.381008403,1.374000065,20000,0.4,6.00E-05,0.017,3000,72000,72000,72000,30000,30000,30000,0.2,0.2,0.2,5.00E-06,5.00E-06,5.00E-06,45505000000,42126000000,42129000000,16223000000,14041000000,14764000000,0.3023,0.3357,0.2963,2.11E-05,3.12E-05,3.55E-05
0,0,1,0,0,0,1,1,0,0,0,1,1,0,1,0,1,0,1,0,0,0,0,1,0,60,0.71212887,0.19835528,1.789899015,20000,0.4,6.00E-05,0.017,3000,72000,72000,72000,30000,30000,30000,0.2,0.2,0.2,5.00E-06,5.00E-06,5.00E-06,46830000000,44386000000,42828000000,17352000000,13485000000,13943000000,0.2838,0.3313,0.3042,2.03E-05,2.72E-05,3.98E-05
1,0,0,0,1,0,0,0,1,1,1,0,0,0,0,0,0,0,0,1,0,1,1,0,1,60,0.265163265,0.15749441,0.642844066,20000,0.4,6.00E-05,0.017,3000,72000,72000,72000,30000,30000,30000,0.2,0.2,0.2,5.00E-06,5.00E-06,5.00E-06,47111000000,44234000000,43411000000,17154000000,14385000000,14978000000,0.2884,0.3296,0.2977,1.99E-05,2.81E-05,3.58E-05
1,1,1,0,1,1,1,1,1,1,0,0,0,0,1,0,0,1,1,1,0,0,1,0,1,60,0.917297757,0.246262041,2.396304066,20000,0.4,6.00E-05,0.017,3000,72000,72000,72000,30000,30000,30000,0.2,0.2,0.2,5.00E-06,5.00E-06,5.00E-06,46384000000,43906000000,42506000000,17156000000,13281000000,13803000000,0.287,0.3319,0.3045,2.06E-05,2.79E-05,4.03E-05
0,0,1,1,1,0,0,1,0,0,0,0,1,0,1,0,1,0,1,0,1,0,0,0,0,60,0.487215911,0.371015938,1.386025975,20000,0.4,6.00E-05,0.017,3000,72000,72000,72000,30000,30000,30000,0.2,0.2,0.2,5.00E-06,5.00E-06,5.00E-06,42256000000,39014000000,39241000000,14807000000,12894000000,13803000000,0.3166,0.3464,0.307,2.39E-05,3.56E-05,3.82E-05
1,1,0,1,0,0,0,0,0,0,0,1,1,0,0,1,0,0,1,1,0,1,0,1,1,60,0.908168236,0.191506951,2.602794469,20000,0.4,6.00E-05,0.017,3000,72000,72000,72000,30000,30000,30000,0.2,0.2,0.2,5.00E-06,5.00E-06,5.00E-06,43057000000,40636000000,39805000000,15457000000,12081000000,12745000000,0.3046,0.3398,0.3126,2.34E-05,3.27E-05,4.35E-05
0,0,0,0,0,1,0,0,1,1,0,0,1,1,1,1,1,0,0,1,1,1,0,0,0,60,0.892624472,0.233885571,2.201654129,20000,0.4,6.00E-05,0.017,3000,72000,72000,72000,30000,30000,30000,0.2,0.2,0.2,5.00E-06,5.00E-06,5.00E-06,47737000000,45190000000,43717000000,17680000000,13751000000,14235000000,0.2815,0.3274,0.2996,1.96E-05,2.66E-05,3.87E-05
1,1,0,0,1,0,0,0,1,0,0,1,0,1,1,1,0,0,0,0,0,0,0,1,0,60,0.679184014,0.32618575,1.725429336,20000,0.4,6.00E-05,0.017,3000,72000,72000,72000,30000,30000,30000,0.2,0.2,0.2,5.00E-06,5.00E-06,5.00E-06,46254000000,43518000000,42407000000,16849000000,13839000000,14387000000,0.2888,0.3345,0.3037,2.08E-05,2.86E-05,3.79E-05
0,1,1,1,0,0,0,0,0,1,0,1,1,1,0,1,1,1,0,0,0,1,1,0,0,60,0.23802104,0.22759907,0.643180928,20000,0.4,6.00E-05,0.017,3000,72000,72000,72000,30000,30000,30000,0.2,0.2,0.2,5.00E-06,5.00E-06,5.00E-06,44403000000,40894000000,41401000000,15616000000,13920000000,14831000000,0.311,0.3376,0.296,2.21E-05,3.34E-05,3.46E-05
1,1,0,0,0,0,1,1,1,1,0,1,0,1,1,0,0,0,0,0,0,0,1,1,0,60,0.333604505,0.343854445,0.92009209,20000,0.4,6.00E-05,0.017,3000,72000,72000,72000,30000,30000,30000,0.2,0.2,0.2,5.00E-06,5.00E-06,5.00E-06,43970000000,40623000000,41191000000,15490000000,13797000000,14751000000,0.3131,0.3367,0.297,2.26E-05,3.38E-05,3.47E-05
0,0,0,1,1,0,1,1,1,1,0,1,0,1,0,0,1,0,1,1,0,1,1,0,1,60,0.7991473,0.262070361,1.98167271,20000,0.4,6.00E-05,0.017,3000,72000,72000,72000,30000,30000,30000,0.2,0.2,0.2,5.00E-06,5.00E-06,5.00E-06,47088000000,44739000000,43115000000,17435000000,13705000000,14221000000,0.2818,0.3298,0.3042,2.02E-05,2.69E-05,3.90E-05
0,1,1,0,0,1,0,0,0,1,1,1,1,1,1,0,1,1,0,0,1,1,0,0,0,60,0.839519074,0.202515587,1.997052053,20000,0.4,6.00E-05,0.017,3000,72000,72000,72000,30000,30000,30000,0.2,0.2,0.2,5.00E-06,5.00E-06,5.00E-06,48601000000,46301000000,44531000000,18138000000,13961000000,14430000000,0.2759,0.3229,0.2984,1.90E-05,2.53E-05,3.83E-05
1,1,1,0,0,0,0,1,0,1,1,0,0,0,1,1,1,1,1,0,1,1,0,0,0,60,0.353715908,0.313598276,0.932881151,20000,0.4,6.00E-05,0.017,3000,72000,72000,72000,30000,30000,30000,0.2,0.2,0.2,5.00E-06,5.00E-06,5.00E-06,45188000000,41909000000,42030000000,16090000000,14184000000,14999000000,0.3039,0.335,0.2969,2.15E-05,3.17E-05,3.45E-05
1,0,1,1,0,0,0,1,1,0,1,0,1,1,1,1,1,0,0,1,1,1,1,0,0,60,0.728780137,0.354497325,1.89377403,20000,0.4,6.00E-05,0.017,3000,72000,72000,72000,30000,30000,30000,0.2,0.2,0.2,5.00E-06,5.00E-06,5.00E-06,45931000000,42856000000,41976000000,16658000000,13803000000,14376000000,0.2921,0.3385,0.303,2.09E-05,2.95E-05,3.78E-05
1,0,0,0,1,0,1,1,1,1,1,1,1,0,0,0,0,1,0,1,1,0,0,0,1,60,0.54862651,0.215518025,1.466260101,20000,0.4,6.00E-05,0.017,3000,72000,72000,72000,30000,30000,30000,0.2,0.2,0.2,5.00E-06,5.00E-06,5.00E-06,45213000000,42381000000,41339000000,16481000000,13294000000,13821000000,0.2937,0.3397,0.3069,2.15E-05,2.98E-05,3.98E-05
1,1,1,0,0,0,0,0,0,1,0,1,1,0,1,1,1,0,1,1,1,0,1,1,1,60,0.289630974,0.203432759,0.789412497,20000,0.4,6.00E-05,0.017,3000,72000,72000,72000,30000,30000,30000,0.2,0.2,0.2,5.00E-06,5.00E-06,5.00E-06,44187000000,41076000000,40818000000,15778000000,13513000000,14232000000,0.3044,0.3408,0.3042,2.23E-05,3.22E-05,3.75E-05
1,1,1,0,0,0,1,0,0,1,0,1,1,1,1,1,0,1,1,0,0,0,0,1,1,60,0.879207998,0.355674854,2.304987763,20000,0.4,6.00E-05,0.017,3000,72000,72000,72000,30000,30000,30000,0.2,0.2,0.2,5.00E-06,5.00E-06,5.00E-06,45456000000,42954000000,41684000000,16682000000,13366000000,13916000000,0.2905,0.3362,0.308,2.14E-05,2.90E-05,3.97E-05
1,1,1,0,0,1,0,0,0,1,1,0,0,1,0,1,1,1,1,1,1,1,1,1,0,60,0.464641067,0.348776002,1.182367516,20000,0.4,6.00E-05,0.017,3000,72000,72000,72000,30000,30000,30000,0.2,0.2,0.2,5.00E-06,5.00E-06,5.00E-06,45867000000,42542000000,42587000000,16367000000,14225000000,14955000000,0.3014,0.3328,0.2945,2.08E-05,3.08E-05,3.49E-05
1,0,0,1,1,0,1,0,1,0,1,1,0,1,0,1,0,1,1,1,0,0,1,0,1,60,0.993954649,0.294397599,2.400628145,20000,0.4,6.00E-05,0.017,3000,72000,72000,72000,30000,30000,30000,0.2,0.2,0.2,5.00E-06,5.00E-06,5.00E-06,47537000000,45333000000,43486000000,17682000000,13758000000,14234000000,0.2784,0.3278,0.3041,1.98E-05,2.61E-05,3.91E-05
0,0,1,1,0,0,1,0,0,0,1,0,1,0,0,1,1,0,0,0,1,0,0,0,1,60,0.229332625,0.13206753,0.544072832,20000,0.4,6.00E-05,0.017,3000,72000,72000,72000,30000,30000,30000,0.2,0.2,0.2,5.00E-06,5.00E-06,5.00E-06,47464000000,44794000000,43788000000,17311000000,14374000000,14962000000,0.2855,0.3267,0.2978,1.97E-05,2.75E-05,3.59E-05
1,0,0,1,1,1,0,1,0,0,1,0,1,1,1,1,0,1,0,0,0,1,1,0,0,60,0.483936943,0.367302915,1.168610005,20000,0.4,6.00E-05,0.017,3000,72000,72000,72000,30000,30000,30000,0.2,0.2,0.2,5.00E-06,5.00E-06,5.00E-06,47057000000,44303000000,43643000000,17073000000,14654000000,15371000000,0.2893,0.3271,0.297,2.02E-05,2.84E-05,3.42E-05
1,1,0,1,0,0,1,0,0,1,0,0,0,1,0,1,0,1,0,1,1,0,1,1,1,60,0.294415083,0.339252187,0.843306281,20000,0.4,6.00E-05,0.017,3000,72000,72000,72000,30000,30000,30000,0.2,0.2,0.2,5.00E-06,5.00E-06,5.00E-06,42094000000,39123000000,40030000000,14515000000,13076000000,14332000000,0.3233,0.3358,0.3011,2.45E-05,3.68E-05,3.52E-05
1,0,0,1,1,1,0,0,0,1,1,0,1,1,0,0,0,0,1,1,1,0,1,1,0,60,0.696785735,0.220692543,1.994172416,20000,0.4,6.00E-05,0.017,3000,72000,72000,72000,30000,30000,30000,0.2,0.2,0.2,5.00E-06,5.00E-06,5.00E-06,42803000000,40050000000,39452000000,15222000000,12266000000,13000000000,0.3071,0.3442,0.3122,2.35E-05,3.36E-05,4.22E-05
0,1,1,0,1,0,1,0,1,1,0,0,1,1,1,0,0,0,1,0,1,1,1,1,1,60,0.354641386,0.304458217,0.863152169,20000,0.4,6.00E-05,0.017,3000,72000,72000,72000,30000,30000,30000,0.2,0.2,0.2,5.00E-06,5.00E-06,5.00E-06,46967000000,44095000000,43859000000,16943000000,14681000000,15462000000,0.2939,0.3245,0.2931,2.01E-05,2.90E-05,3.36E-05
1,1,1,0,1,1,0,1,0,0,0,1,1,0,1,0,1,1,1,0,0,1,0,1,1,60,0.646060433,0.235657413,1.540456231,20000,0.4,6.00E-05,0.017,3000,72000,72000,72000,30000,30000,30000,0.2,0.2,0.2,5.00E-06,5.00E-06,5.00E-06,47739000000,45427000000,43706000000,17697000000,14011000000,14519000000,0.2784,0.3274,0.3026,1.97E-05,2.62E-05,3.80E-05
0,0,0,1,1,1,0,0,1,1,1,1,1,0,0,0,1,1,1,1,0,1,0,1,0,60,0.916232168,0.166780363,2.497458926,20000,0.4,6.00E-05,0.017,3000,72000,72000,72000,30000,30000,30000,0.2,0.2,0.2,5.00E-06,5.00E-06,5.00E-06,45525000000,43577000000,41967000000,16905000000,12711000000,13257000000,0.2887,0.3297,0.3091,2.16E-05,2.83E-05,4.26E-05
1,1,1,0,1,1,1,1,0,1,1,0,1,1,0,0,0,1,1,0,1,1,1,1,0,60,0.351132449,0.124350633,0.849905651,20000,0.4,6.00E-05,0.017,3000,72000,72000,72000,30000,30000,30000,0.2,0.2,0.2,5.00E-06,5.00E-06,5.00E-06,47743000000,44981000000,43719000000,17588000000,14077000000,14562000000,0.283,0.3288,0.2983,1.94E-05,2.68E-05,3.74E-05
0,1,1,1,0,1,1,0,0,0,0,0,1,0,0,1,0,1,0,0,0,0,0,0,0,60,0.875233687,0.249665626,2.365659029,20000,0.4,6.00E-05,0.017,3000,72000,72000,72000,30000,30000,30000,0.2,0.2,0.2,5.00E-06,5.00E-06,5.00E-06,45313000000,42767000000,41526000000,16620000000,12992000000,13510000000,0.2921,0.3365,0.3076,2.16E-05,2.93E-05,4.11E-05
1,0,1,1,0,1,1,0,0,0,1,1,0,1,1,1,0,1,1,0,1,1,0,1,0,60,0.89810119,0.297550062,2.424897969,20000,0.4,6.00E-05,0.017,3000,72000,72000,72000,30000,30000,30000,0.2,0.2,0.2,5.00E-06,5.00E-06,5.00E-06,44896000000,42424000000,41130000000,16446000000,12959000000,13500000000,0.2926,0.3383,0.3102,2.19E-05,2.96E-05,4.12E-05
0,0,1,1,0,0,1,0,1,0,1,0,0,0,0,0,0,1,1,1,1,1,0,1,0,60,0.501016115,0.288569645,1.253015962,20000,0.4,6.00E-05,0.017,3000,72000,72000,72000,30000,30000,30000,0.2,0.2,0.2,5.00E-06,5.00E-06,5.00E-06,46140000000,43492000000,42441000000,16832000000,13991000000,14576000000,0.2895,0.3335,0.3039,2.09E-05,2.87E-05,3.72E-05
0,0,0,1,0,1,0,1,1,0,1,1,0,0,0,1,0,1,0,0,1,0,1,0,0,60,0.277848387,0.13430717,0.706523587,20000,0.4,6.00E-05,0.017,3000,72000,72000,72000,30000,30000,30000,0.2,0.2,0.2,5.00E-06,5.00E-06,5.00E-06,46118000000,43366000000,42219000000,16870000000,13833000000,14392000000,0.289,0.3359,0.3047,2.07E-05,2.86E-05,3.80E-05
0,0,0,1,0,0,1,0,1,1,1,1,1,0,1,0,0,1,1,0,1,0,1,0,0,60,0.837255088,0.16153582,2.335301253,20000,0.4,6.00E-05,0.017,3000,72000,72000,72000,30000,30000,30000,0.2,0.2,0.2,5.00E-06,5.00E-06,5.00E-06,44514000000,42582000000,41089000000,16402000000,12444000000,13005000000,0.293,0.3332,0.3124,2.25E-05,2.95E-05,4.33E-05
1,0,0,0,1,0,1,0,0,1,1,1,1,0,0,1,0,0,0,1,0,0,0,1,1,60,0.473387951,0.211431176,1.339947803,20000,0.4,6.00E-05,0.017,3000,72000,72000,72000,30000,30000,30000,0.2,0.2,0.2,5.00E-06,5.00E-06,5.00E-06,43213000000,40059000000,39586000000,15435000000,12784000000,13402000000,0.3064,0.3479,0.3097,2.32E-05,3.31E-05,4.05E-05
1,1,1,0,0,1,0,1,0,0,1,1,0,1,1,0,1,0,1,0,0,1,0,1,1,60,0.498481981,0.153228605,1.346963224,20000,0.4,6.00E-05,0.017,3000,72000,72000,72000,30000,30000,30000,0.2,0.2,0.2,5.00E-06,5.00E-06,5.00E-06,45086000000,42790000000,41376000000,16570000000,12944000000,13502000000,0.291,0.3359,0.3103,2.18E-05,2.92E-05,4.14E-05
1,0,1,0,1,0,0,1,1,0,0,0,1,1,0,0,1,0,1,1,0,0,0,0,0,60,0.646067922,0.160456718,1.647888407,20000,0.4,6.00E-05,0.017,3000,72000,72000,72000,30000,30000,30000,0.2,0.2,0.2,5.00E-06,5.00E-06,5.00E-06,46808000000,44546000000,42908000000,17378000000,13347000000,13849000000,0.2833,0.3293,0.3048,2.04E-05,2.71E-05,4.03E-05
1,0,1,1,1,1,0,1,0,1,1,1,1,1,1,0,1,0,1,0,0,0,0,1,0,60,0.227946332,0.392359336,0.573099462,20000,0.4,6.00E-05,0.017,3000,72000,72000,72000,30000,30000,30000,0.2,0.2,0.2,5.00E-06,5.00E-06,5.00E-06,47283000000,44326000000,45839000000,16741000000,15006000000,16374000000,0.3084,0.3068,0.2758,2.02E-05,3.08E-05,2.90E-05
1,1,0,1,1,1,1,0,0,1,0,0,1,0,1,1,1,1,1,1,0,0,0,1,0,60,0.649178403,0.276949377,1.765139246,20000,0.4,6.00E-05,0.017,3000,72000,72000,72000,30000,30000,30000,0.2,0.2,0.2,5.00E-06,5.00E-06,5.00E-06,44949000000,42099000000,41193000000,16315000000,13281000000,13867000000,0.2958,0.3399,0.3067,2.18E-05,3.03E-05,3.95E-05
1,0,1,0,1,1,0,0,0,1,0,1,0,1,0,0,0,0,1,1,0,1,0,1,0,60,0.750952435,0.106693306,1.993544128,20000,0.4,6.00E-05,0.017,3000,72000,72000,72000,30000,30000,30000,0.2,0.2,0.2,5.00E-06,5.00E-06,5.00E-06,45960000000,44371000000,42351000000,17206000000,12700000000,13182000000,0.2836,0.3266,0.3107,2.13E-05,2.71E-05,4.32E-05
0,1,1,0,1,0,0,1,0,1,0,0,0,0,1,1,0,0,0,0,1,1,1,1,0,60,0.362521211,0.219854394,1.00777711,20000,0.4,6.00E-05,0.017,3000,72000,72000,72000,30000,30000,30000,0.2,0.2,0.2,5.00E-06,5.00E-06,5.00E-06,43824000000,40663000000,40299000000,15657000000,13293000000,13990000000,0.3047,0.3444,0.3067,2.27E-05,3.26E-05,3.84E-05
0,1,0,0,0,0,0,1,1,1,0,1,0,0,1,0,0,1,0,1,0,1,1,0,1,60,0.5176859,0.384568948,1.349250812,20000,0.4,6.00E-05,0.017,3000,72000,72000,72000,30000,30000,30000,0.2,0.2,0.2,5.00E-06,5.00E-06,5.00E-06,45182000000,42362000000,41828000000,16312000000,13982000000,14717000000,0.2974,0.3353,0.3033,2.16E-05,3.05E-05,3.62E-05
1,1,1,0,0,1,0,1,1,1,0,0,1,1,0,0,1,0,0,1,0,0,1,0,1,60,0.528566496,0.139290203,1.308378711,20000,0.4,6.00E-05,0.017,3000,72000,72000,72000,30000,30000,30000,0.2,0.2,0.2,5.00E-06,5.00E-06,5.00E-06,47308000000,45178000000,43370000000,17603000000,13556000000,14061000000,0.2798,0.327,0.3044,2.01E-05,2.64E-05,3.97E-05
1,1,1,0,0,0,1,0,0,0,1,1,1,1,1,1,1,1,1,0,0,1,1,1,1,60,0.353913697,0.102917775,1.001149693,20000,0.4,6.00E-05,0.017,3000,72000,72000,72000,30000,30000,30000,0.2,0.2,0.2,5.00E-06,5.00E-06,5.00E-06,43852000000,41019000000,40262000000,15831000000,12586000000,13182000000,0.3019,0.3424,0.309,2.28E-05,3.19E-05,4.16E-05
1,1,1,0,0,1,0,1,0,1,0,1,0,1,0,0,1,0,1,0,1,1,0,1,1,60,0.846015297,0.224374078,2.065595107,20000,0.4,6.00E-05,0.017,3000,72000,72000,72000,30000,30000,30000,0.2,0.2,0.2,5.00E-06,5.00E-06,5.00E-06,47544000000,45477000000,43542000000,17732000000,13623000000,14121000000,0.2778,0.3264,0.3046,1.98E-05,2.60E-05,3.96E-05
0,1,1,1,1,1,1,1,1,1,0,0,0,1,1,1,0,0,1,0,1,0,1,1,0,60,0.251514387,0.192815468,0.675417155,20000,0.4,6.00E-05,0.017,3000,72000,72000,72000,30000,30000,30000,0.2,0.2,0.2,5.00E-06,5.00E-06,5.00E-06,44515000000,41126000000,41168000000,15820000000,13749000000,14490000000,0.3063,0.3402,0.2999,2.19E-05,3.24E-05,3.63E-05
1,1,1,0,0,0,1,0,1,1,0,0,1,1,1,1,1,0,0,1,0,0,1,1,1,60,0.787492452,0.286340921,2.161016991,20000,0.4,6.00E-05,0.017,3000,72000,72000,72000,30000,30000,30000,0.2,0.2,0.2,5.00E-06,5.00E-06,5.00E-06,44423000000,41871000000,40763000000,16205000000,12898000000,13458000000,0.2961,0.3398,0.3104,2.23E-05,3.04E-05,4.12E-05
0,0,0,0,1,0,1,1,1,0,0,1,0,0,1,0,0,1,0,0,0,0,1,1,1,60,0.473888138,0.125930357,1.210073839,20000,0.4,6.00E-05,0.017,3000,72000,72000,72000,30000,30000,30000,0.2,0.2,0.2,5.00E-06,5.00E-06,5.00E-06,46724000000,44502000000,42830000000,17347000000,13353000000,13873000000,0.2832,0.3295,0.3055,2.05E-05,2.71E-05,4.03E-05
1,1,1,1,1,0,1,0,1,1,0,0,1,0,0,1,1,1,0,0,0,0,0,0,0,60,0.965436336,0.125474506,2.479061327,20000,0.4,6.00E-05,0.017,3000,72000,72000,72000,30000,30000,30000,0.2,0.2,0.2,5.00E-06,5.00E-06,5.00E-06,47125000000,45511000000,43489000000,17754000000,13044000000,13560000000,0.2799,0.3214,0.3055,2.03E-05,2.60E-05,4.18E-05
1,0,1,1,0,1,1,0,1,1,0,1,1,1,0,1,0,1,1,1,0,0,1,0,0,60,0.979689508,0.160744799,2.326691273,20000,0.4,6.00E-05,0.017,3000,72000,72000,72000,30000,30000,30000,0.2,0.2,0.2,5.00E-06,5.00E-06,5.00E-06,48700000000,47009000000,44770000000,18353000000,13669000000,14172000000,0.272,0.318,0.3013,1.91E-05,2.44E-05,3.97E-05
1,1,0,1,1,1,0,1,0,1,1,1,1,0,1,1,0,0,1,0,0,1,1,0,0,60,0.901725974,0.337047833,2.237699332,20000,0.4,6.00E-05,0.017,3000,72000,72000,72000,30000,30000,30000,0.2,0.2,0.2,5.00E-06,5.00E-06,5.00E-06,46703000000,44283000000,42772000000,17215000000,13675000000,14171000000,0.284,0.3316,0.3049,2.05E-05,2.75E-05,3.90E-05
1,1,0,1,1,0,0,0,0,1,0,0,0,0,0,0,1,1,1,0,0,1,1,0,0,60,0.403779036,0.278720584,1.15394277,20000,0.4,6.00E-05,0.017,3000,72000,72000,72000,30000,30000,30000,0.2,0.2,0.2,5.00E-06,5.00E-06,5.00E-06,42301000000,38545000000,39127000000,14607000000,12889000000,13786000000,0.3207,0.3497,0.3028,2.37E-05,3.66E-05,3.78E-05
1,1,0,0,1,0,0,1,1,1,0,1,1,0,0,0,0,1,1,1,0,0,0,1,0,60,0.353539362,0.110341434,0.963083188,20000,0.4,6.00E-05,0.017,3000,72000,72000,72000,30000,30000,30000,0.2,0.2,0.2,5.00E-06,5.00E-06,5.00E-06,44970000000,42490000000,41247000000,16467000000,12935000000,13467000000,0.2931,0.3373,0.3091,2.19E-05,2.96E-05,4.13E-05
0,0,0,1,0,1,0,0,1,1,0,1,0,1,0,0,1,1,0,1,1,1,0,0,0,60,0.745772511,0.319668861,1.899083184,20000,0.4,6.00E-05,0.017,3000,72000,72000,72000,30000,30000,30000,0.2,0.2,0.2,5.00E-06,5.00E-06,5.00E-06,46130000000,43540000000,42249000000,16851000000,13661000000,14200000000,0.2877,0.3347,0.3057,2.09E-05,2.84E-05,3.87E-05
1,0,0,1,0,0,0,0,1,1,0,1,0,0,1,1,1,0,1,1,0,0,1,1,0,60,0.3447868,0.18318422,0.818206049,20000,0.4,6.00E-05,0.017,3000,72000,72000,72000,30000,30000,30000,0.2,0.2,0.2,5.00E-06,5.00E-06,5.00E-06,47610000000,44973000000,43768000000,17466000000,14440000000,15009000000,0.283,0.3279,0.2992,1.96E-05,2.70E-05,3.60E-05
0,0,0,0,0,1,0,0,0,0,1,0,0,0,0,1,0,1,0,1,0,0,1,0,0,60,0.665375499,0.378611568,1.803953389,20000,0.4,6.00E-05,0.017,3000,72000,72000,72000,30000,30000,30000,0.2,0.2,0.2,5.00E-06,5.00E-06,5.00E-06,44720000000,41135000000,40999000000,15936000000,13620000000,14232000000,0.3042,0.3437,0.3006,2.16E-05,3.20E-05,3.73E-05
1,0,0,0,1,0,0,0,0,1,0,0,0,1,0,1,1,0,1,0,1,1,0,1,1,60,0.792472138,0.223548085,1.902561277,20000,0.4,6.00E-05,0.017,3000,72000,72000,72000,30000,30000,30000,0.2,0.2,0.2,5.00E-06,5.00E-06,5.00E-06,48092000000,45629000000,44036000000,17892000000,13958000000,14426000000,0.2791,0.3261,0.2993,1.93E-05,2.59E-05,3.82E-05
1,0,0,0,0,0,1,0,1,1,0,0,1,0,1,1,1,0,1,0,0,0,1,1,0,60,0.477493488,0.301780448,1.208446019,20000,0.4,6.00E-05,0.017,3000,72000,72000,72000,30000,30000,30000,0.2,0.2,0.2,5.00E-06,5.00E-06,5.00E-06,45791000000,43370000000,42300000000,16707000000,13908000000,14564000000,0.2903,0.3321,0.3056,2.12E-05,2.90E-05,3.72E-05
1,0,1,1,0,0,1,0,1,1,0,1,1,1,0,0,0,0,0,0,1,1,1,0,0,60,0.560402386,0.318185042,1.368811166,20000,0.4,6.00E-05,0.017,3000,72000,72000,72000,30000,30000,30000,0.2,0.2,0.2,5.00E-06,5.00E-06,5.00E-06,46915000000,44189000000,43153000000,17155000000,14282000000,14879000000,0.2869,0.3308,0.3005,2.02E-05,2.80E-05,3.63E-05
0,0,0,0,1,0,0,1,1,0,1,1,0,1,1,0,1,1,1,1,1,0,1,1,0,60,0.609360916,0.343665343,1.519665313,20000,0.4,6.00E-05,0.017,3000,72000,72000,72000,30000,30000,30000,0.2,0.2,0.2,5.00E-06,5.00E-06,5.00E-06,46481000000,43694000000,42830000000,16926000000,14085000000,14679000000,0.2903,0.3316,0.3005,2.05E-05,2.87E-05,3.67E-05
0,0,0,0,0,0,1,0,0,0,0,0,1,1,1,1,0,0,0,1,1,0,0,0,0,60,0.705182944,0.291131746,1.728091149,20000,0.4,6.00E-05,0.017,3000,72000,72000,72000,30000,30000,30000,0.2,0.2,0.2,5.00E-06,5.00E-06,5.00E-06,47604000000,44524000000,43598000000,17396000000,14224000000,14742000000,0.2863,0.3307,0.2961,1.95E-05,2.76E-05,3.66E-05
0,0,0,1,1,1,0,1,0,1,0,0,0,0,0,0,1,1,1,0,0,1,1,1,1,60,0.940481108,0.111234717,2.250717191,20000,0.4,6.00E-05,0.017,3000,72000,72000,72000,30000,30000,30000,0.2,0.2,0.2,5.00E-06,5.00E-06,5.00E-06,48978000000,47416000000,45135000000,18563000000,13613000000,14134000000,0.2713,0.3149,0.3,1.89E-05,2.40E-05,3.99E-05
0,1,0,0,0,0,1,0,1,1,0,0,0,0,1,1,1,1,0,1,0,0,1,1,1,60,0.621200585,0.158865126,1.604325525,20000,0.4,6.00E-05,0.017,3000,72000,72000,72000,30000,30000,30000,0.2,0.2,0.2,5.00E-06,5.00E-06,5.00E-06,46458000000,44324000000,42677000000,17242000000,13258000000,13793000000,0.2844,0.3292,0.3063,2.08E-05,2.74E-05,4.06E-05
0,1,1,1,0,1,0,1,1,0,0,0,1,1,1,1,1,1,1,1,0,0,1,1,0,60,0.461152087,0.102397825,1.110290074,20000,0.4,6.00E-05,0.017,3000,72000,72000,72000,30000,30000,30000,0.2,0.2,0.2,5.00E-06,5.00E-06,5.00E-06,48229000000,45956000000,44191000000,18016000000,13768000000,14236000000,0.2775,0.324,0.2998,1.93E-05,2.55E-05,3.90E-05
1,1,1,0,1,0,0,0,1,0,0,0,1,1,1,1,0,0,1,0,0,1,1,0,0,60,0.466442686,0.13087782,1.302857437,20000,0.4,6.00E-05,0.017,3000,72000,72000,72000,30000,30000,30000,0.2,0.2,0.2,5.00E-06,5.00E-06,5.00E-06,44111000000,41657000000,40502000000,16084000000,12592000000,13129000000,0.2971,0.3398,0.3117,2.26E-05,3.07E-05,4.24E-05
1,0,1,1,0,0,0,1,1,1,1,1,0,1,0,0,1,0,0,1,1,1,1,0,1,60,0.316391358,0.396733797,0.824803579,20000,0.4,6.00E-05,0.017,3000,72000,72000,72000,30000,30000,30000,0.2,0.2,0.2,5.00E-06,5.00E-06,5.00E-06,45674000000,42853000000,43441000000,16253000000,14448000000,15471000000,0.306,0.3215,0.2904,2.16E-05,3.14E-05,3.22E-05
0,1,0,1,0,1,0,1,1,1,1,1,1,0,0,1,1,0,1,0,0,1,1,1,1,60,0.91062912,0.259088524,2.210886073,20000,0.4,6.00E-05,0.017,3000,72000,72000,72000,30000,30000,30000,0.2,0.2,0.2,5.00E-06,5.00E-06,5.00E-06,47518000000,45342000000,43529000000,17673000000,13700000000,14177000000,0.2789,0.3269,0.3037,1.99E-05,2.62E-05,3.92E-05
0,1,1,1,1,1,1,1,1,1,0,1,0,1,1,1,1,1,0,0,1,0,0,1,0,60,0.214019471,0.301831316,0.584760186,20000,0.4,6.00E-05,0.017,3000,72000,72000,72000,30000,30000,30000,0.2,0.2,0.2,5.00E-06,5.00E-06,5.00E-06,44700000000,41505000000,42691000000,15597000000,14005000000,15247000000,0.316,0.3244,0.2883,2.21E-05,3.39E-05,3.23E-05
1,0,1,0,1,1,0,0,0,1,0,0,0,1,0,0,1,0,1,1,0,1,1,1,1,60,0.837986434,0.118696869,2.074480186,20000,0.4,6.00E-05,0.017,3000,72000,72000,72000,30000,30000,30000,0.2,0.2,0.2,5.00E-06,5.00E-06,5.00E-06,47889000000,46231000000,44101000000,18047000000,13334000000,13841000000,0.2761,0.3199,0.3035,1.97E-05,2.52E-05,4.08E-05
1,1,0,1,0,1,1,0,1,0,0,1,0,1,0,1,0,1,0,1,0,1,0,0,1,60,0.572484768,0.257216699,1.457803274,20000,0.4,6.00E-05,0.017,3000,72000,72000,72000,30000,30000,30000,0.2,0.2,0.2,5.00E-06,5.00E-06,5.00E-06,45701000000,43308000000,41889000000,16757000000,13542000000,14098000000,0.2878,0.3354,0.3088,2.13E-05,2.86E-05,3.92E-05
1,1,1,0,1,1,1,1,1,0,0,1,1,0,1,0,1,1,0,1,0,0,1,1,0,60,0.333876735,0.171875353,0.790478569,20000,0.4,6.00E-05,0.017,3000,72000,72000,72000,30000,30000,30000,0.2,0.2,0.2,5.00E-06,5.00E-06,5.00E-06,47651000000,45033000000,43788000000,17488000000,14383000000,14950000000,0.2826,0.3277,0.2993,1.96E-05,2.70E-05,3.62E-05
1,0,1,1,1,1,1,1,0,0,1,0,0,1,0,0,0,0,1,1,0,1,1,0,1,60,0.490293808,0.238428137,1.368108347,20000,0.4,6.00E-05,0.017,3000,72000,72000,72000,30000,30000,30000,0.2,0.2,0.2,5.00E-06,5.00E-06,5.00E-06,43650000000,40830000000,40066000000,15719000000,12939000000,13575000000,0.3016,0.3443,0.3109,2.29E-05,3.20E-05,4.03E-05
0,0,0,1,1,1,0,0,1,1,0,1,1,1,0,0,0,1,1,0,0,0,1,1,0,60,0.484133281,0.189407539,1.242143817,20000,0.4,6.00E-05,0.017,3000,72000,72000,72000,30000,30000,30000,0.2,0.2,0.2,5.00E-06,5.00E-06,5.00E-06,46501000000,43439000000,42409000000,16964000000,13782000000,14287000000,0.2892,0.3368,0.3016,2.03E-05,2.86E-05,3.82E-05
0,1,0,1,1,1,1,0,1,1,1,1,0,1,0,1,0,0,0,0,0,0,0,1,0,60,0.510246283,0.28860151,1.411285642,20000,0.4,6.00E-05,0.017,3000,72000,72000,72000,30000,30000,30000,0.2,0.2,0.2,5.00E-06,5.00E-06,5.00E-06,43996000000,40696000000,40363000000,15679000000,13296000000,13974000000,0.3045,0.3451,0.3057,2.24E-05,3.26E-05,3.84E-05
1,0,1,1,1,1,0,1,0,1,1,1,1,1,1,0,1,1,0,0,1,0,1,0,0,60,0.898118874,0.279873177,2.526276554,20000,0.4,6.00E-05,0.017,3000,72000,72000,72000,30000,30000,30000,0.2,0.2,0.2,5.00E-06,5.00E-06,5.00E-06,44014000000,41369000000,40387000000,15981000000,12626000000,13234000000,0.299,0.3414,0.3107,2.26E-05,3.12E-05,4.19E-05
1,1,0,1,0,1,0,0,1,0,0,0,1,1,1,1,0,1,0,1,0,1,0,1,0,60,0.934667181,0.165406904,2.326013493,20000,0.4,6.00E-05,0.017,3000,72000,72000,72000,30000,30000,30000,0.2,0.2,0.2,5.00E-06,5.00E-06,5.00E-06,47215000000,45500000000,43339000000,17735000000,13198000000,13667000000,0.2777,0.3245,0.3071,2.02E-05,2.58E-05,4.15E-05
0,0,0,0,1,1,1,1,1,1,1,1,1,1,0,1,0,1,0,0,0,1,1,0,1,60,0.538750738,0.394574773,1.483739106,20000,0.4,6.00E-05,0.017,3000,72000,72000,72000,30000,30000,30000,0.2,0.2,0.2,5.00E-06,5.00E-06,5.00E-06,43928000000,40575000000,40583000000,15583000000,13511000000,14266000000,0.3081,0.3428,0.3026,2.25E-05,3.31E-05,3.70E-05
0,1,0,1,0,0,0,0,1,1,1,0,1,1,1,1,1,0,1,1,0,1,1,1,1,60,0.252560903,0.335818456,0.709142192,20000,0.4,6.00E-05,0.017,3000,72000,72000,72000,30000,30000,30000,0.2,0.2,0.2,5.00E-06,5.00E-06,5.00E-06,43325000000,39893000000,41298000000,15011000000,13588000000,14858000000,0.3242,0.3316,0.2909,2.32E-05,3.60E-05,3.32E-05
0,0,1,0,1,1,0,1,1,1,1,1,1,1,1,0,1,1,1,1,0,1,0,0,0,60,0.762137922,0.196186133,1.94263226,20000,0.4,6.00E-05,0.017,3000,72000,72000,72000,30000,30000,30000,0.2,0.2,0.2,5.00E-06,5.00E-06,5.00E-06,46953000000,44522000000,43034000000,17404000000,13443000000,13941000000,0.2842,0.3295,0.3028,2.03E-05,2.72E-05,3.98E-05
1,0,0,1,1,0,0,1,1,1,0,0,1,1,0,0,1,1,1,1,0,0,0,0,0,60,0.237706873,0.270089109,0.646345826,20000,0.4,6.00E-05,0.017,3000,72000,72000,72000,30000,30000,30000,0.2,0.2,0.2,5.00E-06,5.00E-06,5.00E-06,44445000000,40919000000,41832000000,15517000000,13894000000,14986000000,0.315,0.333,0.2918,2.20E-05,3.41E-05,3.37E-05
0,0,1,0,1,1,1,1,1,1,1,1,1,0,0,0,0,0,1,1,1,1,1,0,1,60,0.401453564,0.312401364,1.020381756,20000,0.4,6.00E-05,0.017,3000,72000,72000,72000,30000,30000,30000,0.2,0.2,0.2,5.00E-06,5.00E-06,5.00E-06,46085000000,43081000000,42751000000,16598000000,14309000000,15053000000,0.2962,0.3315,0.2976,2.08E-05,3.00E-05,3.49E-05
1,0,0,1,0,0,1,0,1,1,1,1,1,1,0,1,1,0,0,0,0,0,1,0,1,60,0.622385134,0.128939808,1.478794772,20000,0.4,6.00E-05,0.017,3000,72000,72000,72000,30000,30000,30000,0.2,0.2,0.2,5.00E-06,5.00E-06,5.00E-06,47957000000,46239000000,43981000000,18074000000,13522000000,13981000000,0.2741,0.3224,0.305,1.96E-05,2.50E-05,4.04E-05
1,0,1,0,0,0,0,0,1,0,1,0,1,1,0,1,1,0,0,1,1,1,0,1,1,60,0.930534644,0.32742796,2.633392467,20000,0.4,6.00E-05,0.017,3000,72000,72000,72000,30000,30000,30000,0.2,0.2,0.2,5.00E-06,5.00E-06,5.00E-06,43327000000,40654000000,39767000000,15645000000,12516000000,13129000000,0.3021,0.3443,0.3129,2.32E-05,3.21E-05,4.21E-05
1,0,0,0,0,0,1,0,0,1,0,1,0,0,0,0,0,1,1,0,1,0,0,0,1,60,0.535301728,0.21775409,1.299955048,20000,0.4,6.00E-05,0.017,3000,72000,72000,72000,30000,30000,30000,0.2,0.2,0.2,5.00E-06,5.00E-06,5.00E-06,47503000000,44857000000,43475000000,17512000000,14108000000,14626000000,0.2822,0.3299,0.3007,1.97E-05,2.69E-05,3.74E-05
0,1,1,1,0,1,0,1,1,0,1,0,0,0,0,0,0,1,1,1,1,0,1,1,0,60,0.305866479,0.385542325,0.851147879,20000,0.4,6.00E-05,0.017,3000,72000,72000,72000,30000,30000,30000,0.2,0.2,0.2,5.00E-06,5.00E-06,5.00E-06,43556000000,40401000000,41334000000,15256000000,13693000000,14828000000,0.3182,0.3318,0.295,2.31E-05,3.47E-05,3.39E-05
0,0,1,1,1,0,1,1,1,1,0,1,0,1,1,1,1,1,1,0,0,0,1,0,0,60,0.406539905,0.397252519,1.074398409,20000,0.4,6.00E-05,0.017,3000,72000,72000,72000,30000,30000,30000,0.2,0.2,0.2,5.00E-06,5.00E-06,5.00E-06,45010000000,41722000000,42091000000,15975000000,14134000000,15026000000,0.3073,0.3331,0.2951,2.15E-05,3.22E-05,3.42E-05
1,0,1,1,0,1,0,1,1,1,0,1,0,1,0,0,1,1,0,1,1,0,1,0,1,60,0.696979885,0.106417101,1.793603544,20000,0.4,6.00E-05,0.017,3000,72000,72000,72000,30000,30000,30000,0.2,0.2,0.2,5.00E-06,5.00E-06,5.00E-06,46663000000,45091000000,42969000000,17494000000,12944000000,13446000000,0.2801,0.3243,0.3088,2.07E-05,2.64E-05,4.23E-05
1,0,1,0,1,1,0,0,0,1,1,0,1,0,0,0,0,1,1,1,0,1,1,0,1,60,0.317933712,0.320845234,0.757408705,20000,0.4,6.00E-05,0.017,3000,72000,72000,72000,30000,30000,30000,0.2,0.2,0.2,5.00E-06,5.00E-06,5.00E-06,47609000000,44871000000,44730000000,17210000000,15107000000,15934000000,0.2918,0.3194,0.29,1.99E-05,2.83E-05,3.19E-05
0,0,1,0,0,0,1,1,1,1,1,1,0,1,0,0,1,1,1,1,0,1,1,1,1,60,0.283122496,0.291393055,0.706703692,20000,0.4,6.00E-05,0.017,3000,72000,72000,72000,30000,30000,30000,0.2,0.2,0.2,5.00E-06,5.00E-06,5.00E-06,46582000000,43469000000,43821000000,16656000000,14691000000,15588000000,0.3009,0.3237,0.2891,2.04E-05,3.02E-05,3.25E-05
1,1,1,0,1,1,0,1,0,0,0,1,1,0,1,1,1,0,1,0,0,1,1,0,1,60,0.230096557,0.300477366,0.559116471,20000,0.4,6.00E-05,0.017,3000,72000,72000,72000,30000,30000,30000,0.2,0.2,0.2,5.00E-06,5.00E-06,5.00E-06,47461000000,45212000000,45321000000,17162000000,14973000000,15971000000,0.2947,0.3105,0.2878,2.03E-05,2.83E-05,3.14E-05
1,0,1,0,1,1,1,1,0,1,1,1,1,1,1,0,1,1,0,0,1,1,1,1,0,60,0.78921344,0.386937212,2.187882134,20000,0.4,6.00E-05,0.017,3000,72000,72000,72000,30000,30000,30000,0.2,0.2,0.2,5.00E-06,5.00E-06,5.00E-06,44126000000,40818000000,40407000000,15785000000,13188000000,13788000000,0.3037,0.3453,0.3054,2.23E-05,3.22E-05,3.91E-05
1,1,0,0,0,0,1,0,0,1,0,1,0,0,0,0,0,0,1,1,0,0,0,0,1,60,0.226232137,0.141648971,0.587547363,20000,0.4,6.00E-05,0.017,3000,72000,72000,72000,30000,30000,30000,0.2,0.2,0.2,5.00E-06,5.00E-06,5.00E-06,45587000000,42353000000,41885000000,16423000000,13988000000,14608000000,0.2972,0.3384,0.3007,2.11E-05,3.04E-05,3.66E-05
1,0,0,1,0,1,1,1,0,1,0,0,0,1,0,0,1,1,1,1,1,1,1,1,0,60,0.524560789,0.347247246,1.313937628,20000,0.4,6.00E-05,0.017,3000,72000,72000,72000,30000,30000,30000,0.2,0.2,0.2,5.00E-06,5.00E-06,5.00E-06,46335000000,43472000000,42883000000,16779000000,14244000000,14909000000,0.2931,0.3308,0.2988,2.06E-05,2.92E-05,3.56E-05
0,1,1,0,1,0,0,0,0,1,1,1,1,0,1,0,0,0,1,0,0,1,1,0,1,60,0.986509873,0.226904494,2.7472082,20000,0.4,6.00E-05,0.017,3000,72000,72000,72000,30000,30000,30000,0.2,0.2,0.2,5.00E-06,5.00E-06,5.00E-06,44474000000,42384000000,40976000000,16354000000,12523000000,13095000000,0.2938,0.335,0.3121,2.24E-05,2.98E-05,4.29E-05
1,1,0,1,0,1,0,1,1,1,0,0,1,1,0,0,1,0,0,0,0,0,0,1,0,60,0.886316416,0.279297427,2.13772088,20000,0.4,6.00E-05,0.017,3000,72000,72000,72000,30000,30000,30000,0.2,0.2,0.2,5.00E-06,5.00E-06,5.00E-06,47710000000,45267000000,43653000000,17692000000,13872000000,14344000000,0.28,0.3279,0.3013,1.96E-05,2.63E-05,3.85E-05
1,1,0,0,1,1,1,1,1,0,0,1,0,0,0,1,1,0,0,1,0,0,0,1,1,60,0.307666687,0.319594028,0.878486747,20000,0.4,6.00E-05,0.017,3000,72000,72000,72000,30000,30000,30000,0.2,0.2,0.2,5.00E-06,5.00E-06,5.00E-06,42284000000,38632000000,39883000000,14412000000,13096000000,14369000000,0.3269,0.3409,0.2965,2.39E-05,3.79E-05,3.49E-05
0,1,0,0,1,1,0,1,1,0,0,0,1,1,0,0,1,1,0,0,0,0,1,1,0,60,0.441754084,0.269369274,1.245879512,20000,0.4,6.00E-05,0.017,3000,72000,72000,72000,30000,30000,30000,0.2,0.2,0.2,5.00E-06,5.00E-06,5.00E-06,42929000000,39851000000,39539000000,15254000000,12965000000,13680000000,0.3085,0.3469,0.3097,2.35E-05,3.37E-05,3.93E-05
1,0,0,1,1,1,0,1,1,0,0,1,0,0,1,1,1,0,0,0,1,1,1,0,0,60,0.999121976,0.306895097,2.743663719,20000,0.4,6.00E-05,0.017,3000,72000,72000,72000,30000,30000,30000,0.2,0.2,0.2,5.00E-06,5.00E-06,5.00E-06,44530000000,42080000000,40837000000,16296000000,12776000000,13319000000,0.2946,0.339,0.311,2.23E-05,3.01E-05,4.18E-05
0,1,0,1,0,1,0,0,0,1,1,0,0,1,0,1,1,0,0,1,1,1,1,0,0,60,0.972802836,0.181576471,2.723450677,20000,0.4,6.00E-05,0.017,3000,72000,72000,72000,30000,30000,30000,0.2,0.2,0.2,5.00E-06,5.00E-06,5.00E-06,44399000000,42437000000,40971000000,16341000000,12385000000,12945000000,0.2937,0.3338,0.3126,2.26E-05,2.97E-05,4.35E-05
1,0,1,1,1,0,1,1,1,1,0,0,1,1,1,0,0,0,1,0,1,0,1,1,0,60,0.533144106,0.266386771,1.38327706,20000,0.4,6.00E-05,0.017,3000,72000,72000,72000,30000,30000,30000,0.2,0.2,0.2,5.00E-06,5.00E-06,5.00E-06,45709000000,42471000000,41815000000,16517000000,13811000000,14344000000,0.2953,0.3395,0.3016,2.10E-05,2.99E-05,3.76E-05
1,0,0,1,0,1,0,0,0,1,1,0,1,0,0,1,0,0,0,0,1,1,0,1,1,60,0.385820422,0.283815239,1.059070104,20000,0.4,6.00E-05,0.017,3000,72000,72000,72000,30000,30000,30000,0.2,0.2,0.2,5.00E-06,5.00E-06,5.00E-06,43993000000,40640000000,40616000000,15620000000,13591000000,14351000000,0.3073,0.343,0.3029,2.24E-05,3.30E-05,3.68E-05
0,0,1,1,0,1,1,0,1,1,0,0,1,0,0,1,0,0,1,1,0,1,0,1,1,0,0.929965555,0.192125552,1.55544478,20000,0.4,6.00E-05,0.007,3000,230000,23000,23000,9000,9000,9000,0.26,0.26,0.26,1.50E-05,1.00E-05,1.00E-05,62860000000,64515000000,26029000000,7911800000,8004000000,8040200000,0.1347,0.4535,0.4637,2.70E-05,2.66E-05,5.95E-05
1,0,1,1,0,1,1,1,0,0,1,0,0,1,0,0,0,0,0,0,0,1,0,1,1,0,0.852549464,0.265802218,1.494061722,20000,0.4,6.00E-05,0.007,3000,230000,23000,23000,9000,9000,9000,0.26,0.26,0.26,1.50E-05,1.00E-05,1.00E-05,60111000000,59627000000,25542000000,7890100000,8137300000,8112500000,0.1493,0.4644,0.465,2.75E-05,2.74E-05,5.90E-05
0,1,1,0,1,0,1,0,0,1,1,0,0,0,0,1,1,1,1,1,1,0,1,0,1,0,0.372250186,0.341714254,0.617162221,20000,0.4,6.00E-05,0.007,3000,230000,23000,23000,9000,9000,9000,0.26,0.26,0.26,1.50E-05,1.00E-05,1.00E-05,44956000000,43000000000,23535000000,7958000000,9326500000,8971800000,0.159,0.4926,0.4863,2.94E-05,2.94E-05,4.76E-05
1,1,1,1,0,0,1,1,1,0,1,1,1,0,0,0,1,0,0,1,1,0,0,1,1,0,0.76734685,0.212417923,1.217446023,20000,0.4,6.00E-05,0.007,3000,230000,23000,23000,9000,9000,9000,0.26,0.26,0.26,1.50E-05,1.00E-05,1.00E-05,63813000000,63376000000,25761000000,7938600000,8156700000,8130700000,0.1421,0.4574,0.4582,2.63E-05,2.62E-05,5.77E-05
1,0,0,1,0,0,0,1,0,0,1,1,0,1,1,0,1,0,1,0,0,0,0,1,0,0,0.72667258,0.212697073,1.100521669,20000,0.4,6.00E-05,0.007,3000,230000,23000,23000,9000,9000,9000,0.26,0.26,0.26,1.50E-05,1.00E-05,1.00E-05,63213000000,61508000000,25461000000,7955500000,8270500000,8193300000,0.1398,0.4661,0.459,2.62E-05,2.63E-05,5.63E-05
0,0,1,0,1,1,0,1,1,0,0,1,0,0,0,1,0,0,0,1,0,0,0,0,1,0,0.649315495,0.230687368,1.063229822,20000,0.4,6.00E-05,0.007,3000,230000,23000,23000,9000,9000,9000,0.26,0.26,0.26,1.50E-05,1.00E-05,1.00E-05,60969000000,58872000000,25279000000,7927600000,8300600000,8214200000,0.156,0.468,0.4604,2.67E-05,2.68E-05,5.69E-05
0,0,1,0,1,1,1,0,1,0,1,0,0,1,1,1,0,0,0,0,1,1,1,1,1,0,0.686837681,0.210447758,1.114515742,20000,0.4,6.00E-05,0.007,3000,230000,23000,23000,9000,9000,9000,0.26,0.26,0.26,1.50E-05,1.00E-05,1.00E-05,60273000000,62093000000,25447000000,7931400000,8175300000,8231100000,0.141,0.4579,0.4704,2.70E-05,2.64E-05,5.72E-05
1,1,1,1,1,0,1,1,0,1,1,1,0,1,1,1,1,0,1,0,0,0,0,1,0,0,0.566714961,0.310844768,1.094749469,20000,0.4,6.00E-05,0.007,3000,230000,23000,23000,9000,9000,9000,0.26,0.26,0.26,1.50E-05,1.00E-05,1.00E-05,52107000000,51599000000,24609000000,7806600000,8259100000,8226600000,0.1598,0.4809,0.4823,3.00E-05,2.98E-05,5.93E-05
0,1,1,0,1,0,1,1,0,1,0,1,0,0,1,1,1,1,0,0,0,1,0,0,0,0,0.411358058,0.171881593,0.739302646,20000,0.4,6.00E-05,0.007,3000,230000,23000,23000,9000,9000,9000,0.26,0.26,0.26,1.50E-05,1.00E-05,1.00E-05,60343000000,53784000000,25127000000,7871600000,8346800000,8070600000,0.1556,0.4886,0.4556,2.75E-05,2.87E-05,5.85E-05
0,0,1,0,1,1,0,0,0,1,0,1,1,0,1,1,0,1,0,1,1,0,1,1,0,0,0.444869328,0.362822642,0.673944895,20000,0.4,6.00E-05,0.007,3000,230000,23000,23000,9000,9000,9000,0.26,0.26,0.26,1.50E-05,1.00E-05,1.00E-05,46557000000,37251000000,22842000000,7999700000,9820200000,8965900000,0.1771,0.5218,0.4672,2.82E-05,3.03E-05,4.48E-05
0,0,0,1,1,1,1,1,1,1,0,1,0,1,1,0,1,1,0,1,1,0,0,1,0,0,0.995031531,0.353532998,1.658436089,20000,0.4,6.00E-05,0.007,3000,230000,23000,23000,9000,9000,9000,0.26,0.26,0.26,1.50E-05,1.00E-05,1.00E-05,59265000000,58859000000,25235000000,7916400000,8270300000,8228200000,0.1544,0.4657,0.4665,2.71E-05,2.69E-05,5.73E-05
0,0,1,0,0,0,1,0,1,1,1,1,0,1,0,1,0,1,1,1,0,0,1,1,1,0,0.724364349,0.379572405,1.137436003,20000,0.4,6.00E-05,0.007,3000,230000,23000,23000,9000,9000,9000,0.26,0.26,0.26,1.50E-05,1.00E-05,1.00E-05,55210000000,52126000000,24222000000,7950500000,8721900000,8548600000,0.1703,0.4856,0.4718,2.70E-05,2.71E-05,5.32E-05
0,0,0,0,1,0,0,0,0,1,0,1,0,0,1,1,0,0,0,0,0,1,0,1,1,0,0.836836719,0.206487516,1.603294834,20000,0.4,6.00E-05,0.007,3000,230000,23000,23000,9000,9000,9000,0.26,0.26,0.26,1.50E-05,1.00E-05,1.00E-05,60002000000,57997000000,25952000000,7813300000,7922200000,7870300000,0.148,0.47,0.4628,2.86E-05,2.90E-05,6.29E-05
1,0,1,0,1,0,1,0,1,0,1,0,0,0,1,1,1,1,0,0,1,1,1,0,0,0,0.672987601,0.305549297,1.178867625,20000,0.4,6.00E-05,0.007,3000,230000,23000,23000,9000,9000,9000,0.26,0.26,0.26,1.50E-05,1.00E-05,1.00E-05,55530000000,55115000000,24756000000,7892900000,8412600000,8313900000,0.166,0.4736,0.4727,2.79E-05,2.75E-05,5.70E-05
0,0,1,0,0,0,0,1,0,0,0,0,0,0,0,0,1,0,1,1,0,1,1,1,0,0,0.295660238,0.187128219,0.562946159,20000,0.4,6.00E-05,0.007,3000,230000,23000,23000,9000,9000,9000,0.26,0.26,0.26,1.50E-05,1.00E-05,1.00E-05,54651000000,51927000000,24733000000,7823900000,8330500000,8206100000,0.1591,0.485,0.4748,2.91E-05,2.94E-05,5.87E-05
0,0,1,0,1,1,0,1,1,0,0,0,1,1,0,1,1,1,1,1,1,0,1,0,1,0,0.428641286,0.129876059,0.659599492,20000,0.4,6.00E-05,0.007,3000,230000,23000,23000,9000,9000,9000,0.26,0.26,0.26,1.50E-05,1.00E-05,1.00E-05,64304000000,61146000000,25534000000,7950300000,8269900000,8153600000,0.1396,0.4685,0.4557,2.61E-05,2.65E-05,5.65E-05
0,1,0,0,1,0,1,1,0,0,1,1,1,1,1,0,0,1,1,1,1,1,1,1,1,0,0.881846583,0.295386614,1.411239513,20000,0.4,6.00E-05,0.007,3000,230000,23000,23000,9000,9000,9000,0.26,0.26,0.26,1.50E-05,1.00E-05,1.00E-05,61170000000,64006000000,25579000000,7932400000,8138900000,8203800000,0.1311,0.4553,0.4717,2.70E-05,2.62E-05,5.72E-05
1,0,0,1,0,1,1,0,1,1,0,0,0,1,1,0,1,0,1,1,0,1,0,1,1,0,0.939077171,0.226545585,1.520922717,20000,0.4,6.00E-05,0.007,3000,230000,23000,23000,9000,9000,9000,0.26,0.26,0.26,1.50E-05,1.00E-05,1.00E-05,66084000000,61983000000,25906000000,7928400000,8137200000,8006500000,0.1349,0.4686,0.4509,2.62E-05,2.69E-05,5.84E-05
1,0,0,0,0,0,0,1,1,0,1,1,1,0,1,1,0,1,1,1,0,1,0,1,0,0,0.400006337,0.272128049,0.770713911,20000,0.4,6.00E-05,0.007,3000,230000,23000,23000,9000,9000,9000,0.26,0.26,0.26,1.50E-05,1.00E-05,1.00E-05,45605000000,48561000000,23740000000,7812900000,8484400000,8526900000,0.1733,0.4801,0.4954,3.13E-05,2.96E-05,5.68E-05
0,0,1,0,1,1,1,0,1,1,0,0,1,1,1,1,0,0,0,1,1,1,1,0,0,0,0.532188718,0.246643757,0.922575545,20000,0.4,6.00E-05,0.007,3000,230000,23000,23000,9000,9000,9000,0.26,0.26,0.26,1.50E-05,1.00E-05,1.00E-05,53474000000,56666000000,24668000000,7897800000,8394200000,8412100000,0.1584,0.4665,0.4827,2.84E-05,2.71E-05,5.66E-05
1,0,0,0,0,0,1,1,0,1,0,1,0,0,1,1,0,1,0,1,0,0,1,1,0,0,0.500984405,0.364386844,0.978201476,20000,0.4,6.00E-05,0.007,3000,230000,23000,23000,9000,9000,9000,0.26,0.26,0.26,1.50E-05,1.00E-05,1.00E-05,46165000000,43195000000,23404000000,7797900000,8697100000,8471200000,0.1907,0.4975,0.482,3.11E-05,3.14E-05,5.62E-05
1,0,1,0,1,0,1,1,1,0,0,0,0,1,0,1,1,1,1,1,0,0,1,1,1,0,0.96232901,0.116367176,1.82781391,20000,0.4,6.00E-05,0.007,3000,230000,23000,23000,9000,9000,9000,0.26,0.26,0.26,1.50E-05,1.00E-05,1.00E-05,61712000000,61680000000,26417000000,7824500000,7805600000,7814600000,0.1351,0.463,0.4645,2.84E-05,2.84E-05,6.38E-05
1,0,1,1,0,0,1,0,1,0,1,0,0,0,0,1,1,0,1,1,0,1,0,1,0,0,0.944519407,0.363187753,1.832822375,20000,0.4,6.00E-05,0.007,3000,230000,23000,23000,9000,9000,9000,0.26,0.26,0.26,1.50E-05,1.00E-05,1.00E-05,54667000000,52932000000,25092000000,7797900000,8120600000,8039200000,0.1669,0.4771,0.4698,2.95E-05,2.97E-05,6.13E-05
1,0,0,0,1,0,1,0,0,1,1,0,0,0,0,1,0,0,1,1,0,1,0,0,1,0,0.558186165,0.351699741,1.033176437,20000,0.4,6.00E-05,0.007,3000,230000,23000,23000,9000,9000,9000,0.26,0.26,0.26,1.50E-05,1.00E-05,1.00E-05,52035000000,48822000000,24132000000,7857700000,8613300000,8371900000,0.1754,0.4946,0.4735,2.90E-05,2.91E-05,5.63E-05
0,0,1,0,0,0,0,0,0,0,1,0,0,1,1,1,1,1,1,0,0,0,0,0,0,0,0.582331485,0.199692865,1.098633015,20000,0.4,6.00E-05,0.007,3000,230000,23000,23000,9000,9000,9000,0.26,0.26,0.26,1.50E-05,1.00E-05,1.00E-05,57744000000,60442000000,25731000000,7830000000,7929700000,8023600000,0.1386,0.4602,0.4769,2.89E-05,2.81E-05,6.14E-05
0,1,1,1,1,1,0,0,1,1,0,1,1,0,0,0,1,1,1,1,0,0,0,1,1,0,0.327373629,0.20402425,0.515099125,20000,0.4,6.00E-05,0.007,3000,230000,23000,23000,9000,9000,9000,0.26,0.26,0.26,1.50E-05,1.00E-05,1.00E-05,49523000000,53728000000,23892000000,7953900000,8766600000,8749600000,0.1469,0.4823,0.4939,2.84E-05,2.65E-05,5.19E-05
0,1,1,1,1,1,0,1,0,1,1,0,1,0,0,1,0,1,0,0,1,0,1,0,0,0,0.25381445,0.105499125,0.421459558,20000,0.4,6.00E-05,0.007,3000,230000,23000,23000,9000,9000,9000,0.26,0.26,0.26,1.50E-05,1.00E-05,1.00E-05,61608000000,52733000000,24867000000,7917600000,8539200000,8154400000,0.16,0.494,0.4493,2.66E-05,2.82E-05,5.63E-05
0,1,0,0,0,0,0,0,0,0,0,0,1,1,1,1,1,0,1,1,1,1,1,0,1,0,0.546939881,0.249907487,1.047076938,20000,0.4,6.00E-05,0.007,3000,230000,23000,23000,9000,9000,9000,0.26,0.26,0.26,1.50E-05,1.00E-05,1.00E-05,54545000000,57085000000,25242000000,7817100000,8051200000,8132500000,0.1537,0.4642,0.4793,2.94E-05,2.85E-05,6.06E-05
1,1,0,1,0,0,1,0,0,1,1,1,0,1,1,1,1,0,0,1,0,0,1,1,0,0,0.791121776,0.152622098,1.20588675,20000,0.4,6.00E-05,0.007,3000,230000,23000,23000,9000,9000,9000,0.26,0.26,0.26,1.50E-05,1.00E-05,1.00E-05,65944000000,65572000000,26060000000,7949300000,8074700000,8054800000,0.1321,0.4547,0.455,2.61E-05,2.60E-05,5.81E-05
0,1,1,1,0,0,1,0,0,1,0,0,0,0,1,1,1,0,1,1,1,1,1,1,0,0,0.272580294,0.177070911,0.490862028,20000,0.4,6.00E-05,0.007,3000,230000,23000,23000,9000,9000,9000,0.26,0.26,0.26,1.50E-05,1.00E-05,1.00E-05,53040000000,50137000000,24202000000,7876600000,8598900000,8424700000,0.1652,0.4905,0.4776,2.85E-05,2.87E-05,5.57E-05
0,0,1,1,0,1,0,1,0,1,1,1,0,0,0,1,0,0,0,0,0,1,1,1,0,0,0.596718216,0.22923618,1.062976408,20000,0.4,6.00E-05,0.007,3000,230000,23000,23000,9000,9000,9000,0.26,0.26,0.26,1.50E-05,1.00E-05,1.00E-05,58404000000,58232000000,25338000000,7874300000,8192300000,8148900000,0.1539,0.4676,0.468,2.79E-05,2.75E-05,5.90E-05
0,0,1,1,1,0,0,0,1,0,1,0,1,1,0,1,0,1,0,1,1,0,1,0,1,0,0.87915774,0.335997591,1.735673418,20000,0.4,6.00E-05,0.007,3000,230000,23000,23000,9000,9000,9000,0.26,0.26,0.26,1.50E-05,1.00E-05,1.00E-05,55104000000,51400000000,25226000000,7752900000,8054400000,7892700000,0.1662,0.4864,0.4643,3.01E-05,3.10E-05,6.30E-05
0,0,1,1,1,0,1,1,1,0,1,1,0,0,0,1,0,1,1,1,1,1,1,1,1,0,0.545000613,0.145582224,0.841716038,20000,0.4,6.00E-05,0.007,3000,230000,23000,23000,9000,9000,9000,0.26,0.26,0.26,1.50E-05,1.00E-05,1.00E-05,64217000000,66316000000,25886000000,7949900000,8094600000,8137300000,0.1306,0.4504,0.4626,2.63E-05,2.57E-05,5.74E-05
1,0,1,0,1,1,1,1,1,1,0,0,1,0,1,1,0,1,0,0,1,1,1,1,0,0,0.287339153,0.105804945,0.493999319,20000,0.4,6.00E-05,0.007,3000,230000,23000,23000,9000,9000,9000,0.26,0.26,0.26,1.50E-05,1.00E-05,1.00E-05,59433000000,57699000000,25262000000,7896200000,8251600000,8161600000,0.1503,0.4726,0.4651,2.75E-05,2.75E-05,5.80E-05
0,0,0,0,0,1,1,1,0,1,0,0,1,1,1,1,1,1,1,1,0,1,0,1,0,0,0.814551553,0.129390859,1.299671924,20000,0.4,6.00E-05,0.007,3000,230000,23000,23000,9000,9000,9000,0.26,0.26,0.26,1.50E-05,1.00E-05,1.00E-05,66411000000,67535000000,26338000000,7935300000,7951500000,7990900000,0.1224,0.451,0.4584,2.64E-05,2.61E-05,5.93E-05
1,1,0,0,0,1,1,0,1,1,0,0,1,1,1,0,0,1,1,1,1,1,0,1,1,0,0.828488402,0.381568323,1.506731627,20000,0.4,6.00E-05,0.007,3000,230000,23000,23000,9000,9000,9000,0.26,0.26,0.26,1.50E-05,1.00E-05,1.00E-05,57265000000,57023000000,25184000000,7860000000,8216300000,8169300000,0.1538,0.4711,0.4714,2.82E-05,2.78E-05,5.90E-05
0,0,0,0,1,0,1,1,1,0,1,0,0,1,1,1,1,0,1,0,0,0,0,0,0,0,0.738888811,0.177430502,1.111395995,20000,0.4,6.00E-05,0.007,3000,230000,23000,23000,9000,9000,9000,0.26,0.26,0.26,1.50E-05,1.00E-05,1.00E-05,64228000000,66137000000,25856000000,7956700000,8111200000,8146400000,0.1299,0.4517,0.4626,2.63E-05,2.57E-05,5.71E-05
1,1,1,0,0,0,0,1,1,1,1,0,0,0,0,1,1,1,1,1,1,1,1,0,0,0,0.655559075,0.21911779,0.999921407,20000,0.4,6.00E-05,0.007,3000,230000,23000,23000,9000,9000,9000,0.26,0.26,0.26,1.50E-05,1.00E-05,1.00E-05,60381000000,64659000000,25423000000,7955400000,8198300000,8298900000,0.1316,0.4519,0.4746,2.68E-05,2.57E-05,5.60E-05
0,1,0,0,0,1,0,1,1,0,0,1,0,1,1,0,1,0,0,1,0,1,1,0,0,0,0.488272583,0.267727992,0.883649027,20000,0.4,6.00E-05,0.007,3000,230000,23000,23000,9000,9000,9000,0.26,0.26,0.26,1.50E-05,1.00E-05,1.00E-05,53711000000,49516000000,24269000000,7868700000,8579900000,8340700000,0.1798,0.4904,0.4689,2.83E-05,2.89E-05,5.66E-05
0,1,0,0,1,1,1,1,0,1,1,0,0,1,1,1,1,1,1,1,1,0,0,0,0,0,0.373527611,0.201265568,0.732165353,20000,0.4,6.00E-05,0.007,3000,230000,23000,23000,9000,9000,9000,0.26,0.26,0.26,1.50E-05,1.00E-05,1.00E-05,50067000000,52648000000,24672000000,7782600000,8138400000,8208500000,0.1641,0.4699,0.4866,3.08E-05,2.97E-05,6.03E-05
1,0,0,0,0,1,0,1,1,0,1,0,0,0,0,1,1,1,0,1,0,1,1,1,0,0,0.38544182,0.256918171,0.755351804,20000,0.4,6.00E-05,0.007,3000,230000,23000,23000,9000,9000,9000,0.26,0.26,0.26,1.50E-05,1.00E-05,1.00E-05,47076000000,47822000000,23939000000,7783300000,8401800000,8364400000,0.1684,0.4852,0.4905,3.15E-05,3.06E-05,5.82E-05
0,0,0,1,0,0,0,0,0,1,1,1,0,1,1,0,0,0,0,0,1,1,1,1,0,0,0.645655079,0.126298408,1.266830028,20000,0.4,6.00E-05,0.007,3000,230000,23000,23000,9000,9000,9000,0.26,0.26,0.26,1.50E-05,1.00E-05,1.00E-05,57212000000,58568000000,26035000000,7774200000,7786800000,7830900000,0.1439,0.4653,0.4736,2.99E-05,2.94E-05,6.44E-05
0,1,1,1,0,0,0,0,1,1,0,1,0,0,0,1,1,1,0,1,1,1,0,0,0,0,0.569117154,0.147423406,0.934609743,20000,0.4,6.00E-05,0.007,3000,230000,23000,23000,9000,9000,9000,0.26,0.26,0.26,1.50E-05,1.00E-05,1.00E-05,62966000000,64369000000,25861000000,7924600000,8072000000,8105300000,0.1336,0.4547,0.4651,2.68E-05,2.63E-05,5.84E-05
1,0,0,1,1,0,0,0,0,1,0,1,1,0,0,0,0,0,1,1,1,1,0,1,0,0,0.963324451,0.363086447,1.794908515,20000,0.4,6.00E-05,0.007,3000,230000,23000,23000,9000,9000,9000,0.26,0.26,0.26,1.50E-05,1.00E-05,1.00E-05,56520000000,57261000000,25316000000,7842000000,8127500000,8120500000,0.1525,0.4677,0.474,2.87E-05,2.83E-05,6.02E-05
1,0,1,0,1,1,0,0,0,1,0,1,1,0,1,0,0,0,1,0,0,0,1,0,0,0,0.893323788,0.121224284,1.377330425,20000,0.4,6.00E-05,0.007,3000,230000,23000,23000,9000,9000,9000,0.26,0.26,0.26,1.50E-05,1.00E-05,1.00E-05,68204000000,67190000000,26391000000,7947500000,7983300000,7968500000,0.1246,0.4535,0.4512,2.59E-05,2.61E-05,5.91E-05
0,1,1,0,1,0,1,1,0,0,0,0,0,0,0,0,1,1,0,0,1,1,0,0,1,0,0.889301798,0.259911252,1.362528436,20000,0.4,6.00E-05,0.007,3000,230000,23000,23000,9000,9000,9000,0.26,0.26,0.26,1.50E-05,1.00E-05,1.00E-05,64534000000,64218000000,25735000000,7951900000,8182500000,8135000000,0.1293,0.4599,0.4603,2.62E-05,2.61E-05,5.69E-05
0,1,1,1,1,0,0,0,1,1,0,0,0,1,1,1,1,1,0,0,1,0,1,1,1,0,0.930022626,0.25131794,1.836991118,20000,0.4,6.00E-05,0.007,3000,230000,23000,23000,9000,9000,9000,0.26,0.26,0.26,1.50E-05,1.00E-05,1.00E-05,55383000000,56285000000,25774000000,7752800000,7840700000,7843300000,0.1528,0.4688,0.4733,3.04E-05,3.00E-05,6.44E-05
1,1,0,0,1,1,0,1,0,0,0,1,0,0,1,0,1,0,0,1,0,1,0,0,0,0,0.754774086,0.190888248,1.142546033,20000,0.4,6.00E-05,0.007,3000,230000,23000,23000,9000,9000,9000,0.26,0.26,0.26,1.50E-05,1.00E-05,1.00E-05,65861000000,62089000000,25728000000,7953800000,8222500000,8094500000,0.1402,0.4664,0.45,2.59E-05,2.64E-05,5.70E-05
1,0,0,1,0,1,0,0,0,0,0,1,1,0,1,1,1,1,1,1,0,0,1,0,1,0,0.286943767,0.314089085,0.484064931,20000,0.4,6.00E-05,0.007,3000,230000,23000,23000,9000,9000,9000,0.26,0.26,0.26,1.50E-05,1.00E-05,1.00E-05,39189000000,40482000000,23649000000,7968900000,9535400000,9262900000,0.1578,0.4799,0.4892,3.11E-05,3.01E-05,4.43E-05
0,0,0,0,1,0,1,0,0,0,0,1,0,1,1,0,1,0,1,0,0,0,0,0,0,0,0.235622592,0.135268657,0.406589694,20000,0.4,6.00E-05,0.007,3000,230000,23000,23000,9000,9000,9000,0.26,0.26,0.26,1.50E-05,1.00E-05,1.00E-05,57965000000,52784000000,24721000000,7897300000,8540200000,8277800000,0.1502,0.4911,0.4657,2.76E-05,2.83E-05,5.59E-05
0,0,1,0,0,1,0,0,0,0,0,1,1,0,1,0,0,1,0,0,1,0,0,1,1,0,0.521344215,0.25359255,0.895736237,20000,0.4,6.00E-05,0.007,3000,230000,23000,23000,9000,9000,9000,0.26,0.26,0.26,1.50E-05,1.00E-05,1.00E-05,52502000000,55737000000,24497000000,7902800000,8422700000,8457300000,0.158,0.4695,0.4849,2.86E-05,2.72E-05,5.58E-05
1,1,1,0,1,1,1,0,1,1,1,1,1,0,0,0,1,1,0,1,0,0,1,1,1,0,0.950055236,0.207117024,1.75510316,20000,0.4,6.00E-05,0.007,3000,230000,23000,23000,9000,9000,9000,0.26,0.26,0.26,1.50E-05,1.00E-05,1.00E-05,61669000000,61171000000,26114000000,7850400000,7925700000,7911500000,0.1405,0.4625,0.4626,2.79E-05,2.79E-05,6.20E-05
1,1,1,0,0,0,0,0,0,0,1,0,1,0,1,1,0,1,0,0,0,1,0,0,1,0,0.747965329,0.114943515,1.32003468,20000,0.4,6.00E-05,0.007,3000,230000,23000,23000,9000,9000,9000,0.26,0.26,0.26,1.50E-05,1.00E-05,1.00E-05,64327000000,63792000000,26328000000,7885000000,7914200000,7908700000,0.132,0.4592,0.459,2.72E-05,2.72E-05,6.13E-05
1,0,1,0,0,0,1,0,0,0,1,0,0,1,0,0,0,0,0,0,1,0,1,0,1,0,0.696411772,0.382943708,1.125236922,20000,0.4,6.00E-05,0.007,3000,230000,23000,23000,9000,9000,9000,0.26,0.26,0.26,1.50E-05,1.00E-05,1.00E-05,54385000000,52081000000,24257000000,7939100000,8699200000,8528300000,0.1651,0.4848,0.4752,2.75E-05,2.75E-05,5.34E-05
1,0,1,1,0,0,0,0,0,0,0,0,0,1,1,1,1,0,1,0,1,0,0,0,1,0,0.930092817,0.128343179,1.574663025,20000,0.4,6.00E-05,0.007,3000,230000,23000,23000,9000,9000,9000,0.26,0.26,0.26,1.50E-05,1.00E-05,1.00E-05,65721000000,65609000000,26414000000,7906600000,7918600000,7922900000,0.1272,0.4556,0.4574,2.68E-05,2.67E-05,6.07E-05
0,1,0,1,0,1,0,1,0,1,1,0,0,0,0,1,1,0,1,1,0,1,1,0,1,0,0.639296631,0.330352197,1.067596545,20000,0.4,6.00E-05,0.007,3000,230000,23000,23000,9000,9000,9000,0.26,0.26,0.26,1.50E-05,1.00E-05,1.00E-05,51945000000,50948000000,24014000000,7925800000,8665200000,8590900000,0.18,0.4822,0.4784,2.78E-05,2.76E-05,5.39E-05
0,1,0,1,0,1,1,0,0,1,1,1,1,1,0,1,1,1,0,1,0,1,1,0,0,0,0.525540161,0.396558265,0.872526525,20000,0.4,6.00E-05,0.007,3000,230000,23000,23000,9000,9000,9000,0.26,0.26,0.26,1.50E-05,1.00E-05,1.00E-05,49742000000,47739000000,23694000000,7937400000,8990800000,8746600000,0.1622,0.504,0.4812,2.85E-05,2.79E-05,5.12E-05
0,0,0,1,1,1,1,1,0,1,0,0,0,1,0,0,0,0,1,0,1,0,1,0,0,0,0.487842297,0.390502425,0.833799273,20000,0.4,6.00E-05,0.007,3000,230000,23000,23000,9000,9000,9000,0.26,0.26,0.26,1.50E-05,1.00E-05,1.00E-05,42948000000,46884000000,23154000000,7930100000,8954500000,8990400000,0.1607,0.4943,0.5011,3.03E-05,2.79E-05,4.99E-05
0,0,1,1,0,1,1,1,0,0,1,0,1,1,0,1,0,0,0,0,0,0,1,1,1,0,0.523802734,0.327719555,0.949599538,20000,0.4,6.00E-05,0.007,3000,230000,23000,23000,9000,9000,9000,0.26,0.26,0.26,1.50E-05,1.00E-05,1.00E-05,51490000000,51030000000,24172000000,7868600000,8598800000,8429600000,0.1584,0.4885,0.4836,2.92E-05,2.85E-05,5.60E-05
0,1,0,0,1,0,0,1,1,0,1,0,1,1,1,1,1,0,0,0,0,1,1,1,1,0,0.374579697,0.282759074,0.693448862,20000,0.4,6.00E-05,0.007,3000,230000,23000,23000,9000,9000,9000,0.26,0.26,0.26,1.50E-05,1.00E-05,1.00E-05,44627000000,47773000000,23406000000,7869000000,8743500000,8784700000,0.167,0.4849,0.5004,3.07E-05,2.88E-05,5.36E-05
0,0,0,0,0,1,1,0,1,1,1,1,0,1,1,0,1,1,0,0,1,1,1,1,0,0,0.263147411,0.374343146,0.399817786,20000,0.4,6.00E-05,0.007,3000,230000,23000,23000,9000,9000,9000,0.26,0.26,0.26,1.50E-05,1.00E-05,1.00E-05,35578000000,42733000000,25120000000,8025600000,9446300000,9423300000,0.1346,0.4403,0.4506,3.27E-05,2.85E-05,4.08E-05
0,1,1,1,1,0,1,1,1,1,1,0,1,1,0,1,1,1,0,1,0,0,1,1,0,0,0.461656843,0.3434594,0.795631559,20000,0.4,6.00E-05,0.007,3000,230000,23000,23000,9000,9000,9000,0.26,0.26,0.26,1.50E-05,1.00E-05,1.00E-05,49933000000,47860000000,23787000000,7912700000,8846400000,8648500000,0.1695,0.4992,0.48,2.86E-05,2.83E-05,5.26E-05
1,0,1,0,1,1,0,0,0,0,1,1,1,1,0,1,1,1,0,0,0,0,0,0,1,0,0.359340665,0.198920612,0.626521797,20000,0.4,6.00E-05,0.007,3000,230000,23000,23000,9000,9000,9000,0.26,0.26,0.26,1.50E-05,1.00E-05,1.00E-05,53837000000,52982000000,24409000000,7895500000,8503200000,8425800000,0.1547,0.4828,0.4802,2.83E-05,2.80E-05,5.57E-05
0,1,1,1,1,0,0,0,0,0,0,1,0,0,0,0,0,1,0,1,1,1,1,0,1,0,0.571765581,0.113280113,1.099954986,20000,0.4,6.00E-05,0.007,3000,230000,23000,23000,9000,9000,9000,0.26,0.26,0.26,1.50E-05,1.00E-05,1.00E-05,59689000000,59924000000,26146000000,7807500000,7839000000,7846300000,0.1402,0.4654,0.4677,2.89E-05,2.88E-05,6.36E-05
1,1,1,1,1,0,1,0,1,0,1,0,0,0,0,0,0,0,1,1,1,1,0,0,0,0,0.3936719,0.398480532,0.667116797,20000,0.4,6.00E-05,0.007,3000,230000,23000,23000,9000,9000,9000,0.26,0.26,0.26,1.50E-05,1.00E-05,1.00E-05,38481000000,46843000000,23428000000,7953200000,9173100000,9317200000,0.1423,0.4785,0.5012,3.19E-05,2.79E-05,4.68E-05
1,1,0,1,0,1,1,0,0,1,1,1,0,0,0,0,1,1,1,1,1,0,1,1,0,0,0.862298331,0.20190476,1.632477064,20000,0.4,6.00E-05,0.007,3000,230000,23000,23000,9000,9000,9000,0.26,0.26,0.26,1.50E-05,1.00E-05,1.00E-05,60054000000,59035000000,25991000000,7823800000,7923900000,7895200000,0.1475,0.4663,0.4635,2.84E-05,2.86E-05,6.26E-05
1,1,1,0,1,0,1,0,0,0,1,0,1,0,1,0,0,0,1,0,1,1,0,0,0,0,0.417575241,0.354255674,0.711421954,20000,0.4,6.00E-05,0.007,3000,230000,23000,23000,9000,9000,9000,0.26,0.26,0.26,1.50E-05,1.00E-05,1.00E-05,42052000000,45460000000,23114000000,7938500000,9058900000,9099600000,0.1646,0.49,0.5003,3.04E-05,2.82E-05,4.89E-05
0,0,0,1,0,0,0,0,1,0,1,1,0,0,0,0,0,0,0,0,0,0,0,0,0,0,0.385505024,0.321623117,0.674229736,20000,0.4,6.00E-05,0.007,3000,230000,23000,23000,9000,9000,9000,0.26,0.26,0.26,1.50E-05,1.00E-05,1.00E-05,56147000000,55360000000,24903000000,7890300000,8461300000,8319400000,0.1419,0.4801,0.4734,2.80E-05,2.77E-05,5.55E-05
0,1,1,1,0,1,0,1,1,1,1,0,0,0,1,1,1,0,0,0,0,1,1,1,0,0,0.788148351,0.263534886,1.467645039,20000,0.4,6.00E-05,0.007,3000,230000,23000,23000,9000,9000,9000,0.26,0.26,0.26,1.50E-05,1.00E-05,1.00E-05,59933000000,59288000000,25752000000,7844500000,8023400000,8008300000,0.1476,0.4653,0.4661,2.81E-05,2.80E-05,6.11E-05
0,1,0,1,1,0,1,0,0,0,0,1,0,0,0,1,1,1,0,1,1,0,0,0,0,0,0.352044824,0.265022025,0.630595628,20000,0.4,6.00E-05,0.007,3000,230000,23000,23000,9000,9000,9000,0.26,0.26,0.26,1.50E-05,1.00E-05,1.00E-05,48744000000,47204000000,23692000000,7888400000,8743000000,8620100000,0.1605,0.4947,0.4877,2.94E-05,2.92E-05,5.33E-05
1,1,1,0,1,0,1,1,0,1,0,1,1,1,1,0,0,0,1,1,0,0,1,0,1,0,0.68759019,0.198958029,1.331813154,20000,0.4,6.00E-05,0.007,3000,230000,23000,23000,9000,9000,9000,0.26,0.26,0.26,1.50E-05,1.00E-05,1.00E-05,58911000000,56390000000,25772000000,7796800000,7960900000,7870400000,0.1491,0.476,0.4644,2.90E-05,2.95E-05,6.29E-05
1,0,0,1,0,0,0,1,1,1,1,0,1,1,1,1,1,0,1,1,0,0,0,0,1,0,0.576898646,0.172398687,0.870566138,20000,0.4,6.00E-05,0.007,3000,230000,23000,23000,9000,9000,9000,0.26,0.26,0.26,1.50E-05,1.00E-05,1.00E-05,63122000000,62798000000,25549000000,7957100000,8230800000,8196000000,0.146,0.4583,0.4578,2.61E-05,2.59E-05,5.64E-05
1,1,0,1,1,1,1,0,0,1,1,0,1,0,0,0,0,0,1,0,1,1,0,1,0,0,0.274588654,0.223640056,0.534291704,20000,0.4,6.00E-05,0.007,3000,230000,23000,23000,9000,9000,9000,0.26,0.26,0.26,1.50E-05,1.00E-05,1.00E-05,48108000000,42992000000,23524000000,7804800000,8742600000,8410800000,0.1843,0.504,0.4779,3.04E-05,3.15E-05,5.60E-05
0,1,1,1,1,1,1,1,0,1,1,1,0,1,1,0,0,1,0,0,0,1,1,1,0,0,0.498055327,0.38805732,0.851717314,20000,0.4,6.00E-05,0.007,3000,230000,23000,23000,9000,9000,9000,0.26,0.26,0.26,1.50E-05,1.00E-05,1.00E-05,47729000000,49281000000,23713000000,7916200000,8775500000,8725700000,0.1658,0.4897,0.4887,2.91E-05,2.77E-05,5.23E-05
1,1,0,1,1,1,0,0,1,0,1,1,0,0,1,1,0,0,1,1,1,0,0,0,1,0,0.890339348,0.307356064,1.465832542,20000,0.4,6.00E-05,0.007,3000,230000,23000,23000,9000,9000,9000,0.26,0.26,0.26,1.50E-05,1.00E-05,1.00E-05,62184000000,60363000000,25512000000,7919600000,8232500000,8124800000,0.1429,0.4686,0.4596,2.68E-05,2.68E-05,5.76E-05
0,0,1,1,0,0,0,0,1,0,1,0,1,0,0,1,1,1,0,1,1,1,0,0,0,0,0.559755692,0.162288681,0.965957572,20000,0.4,6.00E-05,0.007,3000,230000,23000,23000,9000,9000,9000,0.26,0.26,0.26,1.50E-05,1.00E-05,1.00E-05,61768000000,61507000000,25765000000,7895500000,8087700000,8067800000,0.1431,0.4615,0.4627,2.72E-05,2.70E-05,5.93E-05
1,1,1,0,1,1,1,0,1,0,1,0,1,0,0,1,1,1,1,0,1,1,0,0,1,0,0.508586637,0.344699307,0.858384453,20000,0.4,6.00E-05,0.007,3000,230000,23000,23000,9000,9000,9000,0.26,0.26,0.26,1.50E-05,1.00E-05,1.00E-05,51605000000,47491000000,23808000000,7923700000,8894700000,8612700000,0.176,0.5015,0.4737,2.80E-05,2.83E-05,5.25E-05
1,0,0,0,0,0,0,0,0,1,1,1,0,0,0,0,1,0,0,1,1,0,1,0,1,0,0.597002125,0.388930933,1.008173433,20000,0.4,6.00E-05,0.007,3000,230000,23000,23000,9000,9000,9000,0.26,0.26,0.26,1.50E-05,1.00E-05,1.00E-05,52127000000,48418000000,23892000000,7922300000,8847800000,8577200000,0.1741,0.4996,0.4734,2.80E-05,2.81E-05,5.30E-05
1,0,1,1,0,0,0,1,0,0,0,0,0,0,1,1,1,0,0,0,1,1,1,0,1,0,0.468433311,0.178381318,0.868311548,20000,0.4,6.00E-05,0.007,3000,230000,23000,23000,9000,9000,9000,0.26,0.26,0.26,1.50E-05,1.00E-05,1.00E-05,57896000000,57216000000,25384000000,7850400000,8125400000,8097700000,0.1557,0.4686,0.4681,2.82E-05,2.82E-05,6.00E-05
0,0,0,1,1,0,1,1,0,0,1,1,0,0,1,1,1,0,0,1,0,0,1,1,0,0,0.456310687,0.227700228,0.813474669,20000,0.4,6.00E-05,0.007,3000,230000,23000,23000,9000,9000,9000,0.26,0.26,0.26,1.50E-05,1.00E-05,1.00E-05,53548000000,57238000000,24782000000,7876600000,8349900000,8362600000,0.1557,0.4669,0.4834,2.87E-05,2.72E-05,5.75E-05
1,1,1,1,0,1,0,1,0,1,0,0,1,1,0,0,0,1,1,1,0,0,0,1,1,0,0.308781967,0.156464163,0.491370951,20000,0.4,6.00E-05,0.007,3000,230000,23000,23000,9000,9000,9000,0.26,0.26,0.26,1.50E-05,1.00E-05,1.00E-05,55468000000,55221000000,24467000000,7940300000,8603400000,8466000000,0.1568,0.4802,0.476,2.73E-05,2.67E-05,5.42E-05
1,0,0,1,1,1,0,0,0,0,0,1,1,0,1,0,1,1,1,0,0,1,0,0,1,0,0.217493137,0.205119255,0.353870834,20000,0.4,6.00E-05,0.007,3000,230000,23000,23000,9000,9000,9000,0.26,0.26,0.26,1.50E-05,1.00E-05,1.00E-05,41776000000,40482000000,22969000000,7976500000,9546200000,9194100000,0.1712,0.5067,0.4876,2.97E-05,2.90E-05,4.54E-05
1,0,1,1,0,0,1,1,1,0,1,1,0,0,1,0,0,0,0,1,1,0,1,0,1,0,0.670474023,0.314096862,1.190192287,20000,0.4,6.00E-05,0.007,3000,230000,23000,23000,9000,9000,9000,0.26,0.26,0.26,1.50E-05,1.00E-05,1.00E-05,56541000000,54236000000,24787000000,7884500000,8410800000,8297300000,0.1632,0.4788,0.47,2.78E-05,2.79E-05,5.73E-05
0,0,0,1,1,1,1,0,0,0,1,1,1,1,0,1,0,1,0,0,0,0,1,0,1,0,0.724969188,0.162444386,1.18062015,20000,0.4,6.00E-05,0.007,3000,230000,23000,23000,9000,9000,9000,0.26,0.26,0.26,1.50E-05,1.00E-05,1.00E-05,64922000000,63712000000,25991000000,7925900000,8074600000,8043200000,0.1359,0.4594,0.4564,2.65E-05,2.65E-05,5.88E-05
0,0,0,0,1,1,1,1,1,0,1,1,1,1,0,1,1,1,1,0,0,0,1,1,1,0,0.906025617,0.332378249,1.810488708,20000,0.4,6.00E-05,0.007,3000,230000,23000,23000,9000,9000,9000,0.26,0.26,0.26,1.50E-05,1.00E-05,1.00E-05,52677000000,52557000000,25352000000,7705000000,7870600000,7857500000,0.1642,0.4755,0.4756,3.14E-05,3.13E-05,6.46E-05
1,1,1,1,0,1,0,1,0,1,1,1,1,1,0,0,0,1,1,0,1,1,0,0,1,0,0.319055854,0.266246398,0.525098262,20000,0.4,6.00E-05,0.007,3000,230000,23000,23000,9000,9000,9000,0.26,0.26,0.26,1.50E-05,1.00E-05,1.00E-05,41961000000,46032000000,23097000000,7956400000,9171600000,9117900000,0.1571,0.4992,0.4979,3.03E-05,2.76E-05,4.81E-05
1,0,0,0,0,0,1,1,0,0,0,1,0,1,1,1,0,0,0,0,0,1,0,1,1,0,0.263868181,0.166244844,0.475804134,20000,0.4,6.00E-05,0.007,3000,230000,23000,23000,9000,9000,9000,0.26,0.26,0.26,1.50E-05,1.00E-05,1.00E-05,46042000000,49497000000,23610000000,7882100000,8661200000,8684600000,0.1784,0.4787,0.4933,3.00E-05,2.81E-05,5.42E-05
0,0,0,1,1,0,0,1,0,1,1,1,0,0,0,1,1,1,0,0,1,0,1,0,1,0,0.275732139,0.323786718,0.504975219,20000,0.4,6.00E-05,0.007,3000,230000,23000,23000,9000,9000,9000,0.26,0.26,0.26,1.50E-05,1.00E-05,1.00E-05,40883000000,37150000000,22983000000,7907400000,9615500000,8987000000,0.1835,0.5116,0.4746,3.11E-05,3.12E-05,4.66E-05
0,0,1,1,0,1,1,0,0,1,0,1,1,1,0,0,0,1,0,0,0,0,0,0,0,0,0.618025458,0.289481281,1.013972245,20000,0.4,6.00E-05,0.007,3000,230000,23000,23000,9000,9000,9000,0.26,0.26,0.26,1.50E-05,1.00E-05,1.00E-05,55130000000,61108000000,24905000000,7929700000,8327400000,8438100000,0.1439,0.4563,0.4856,2.78E-05,2.61E-05,5.56E-05
1,0,1,1,0,1,1,0,0,1,1,1,1,1,1,0,0,0,0,0,1,1,0,0,0,0,0.975737767,0.278105318,1.636247729,20000,0.4,6.00E-05,0.007,3000,230000,23000,23000,9000,9000,9000,0.26,0.26,0.26,1.50E-05,1.00E-05,1.00E-05,60482000000,64417000000,25740000000,7913200000,8040400000,8149800000,0.1315,0.4517,0.4736,2.74E-05,2.64E-05,5.85E-05
0,1,0,0,0,0,0,1,0,0,1,0,1,1,1,1,1,1,1,1,0,1,0,0,0,0,0.353282345,0.20897088,0.655068119,20000,0.4,6.00E-05,0.007,3000,230000,23000,23000,9000,9000,9000,0.26,0.26,0.26,1.50E-05,1.00E-05,1.00E-05,53858000000,55378000000,24790000000,7851500000,8228300000,8312400000,0.149,0.4722,0.4846,2.90E-05,2.83E-05,5.80E-05
0,1,0,0,0,1,0,1,1,1,1,1,0,1,1,0,1,0,0,1,0,1,1,0,0,0,0.852609128,0.106783615,1.405788043,20000,0.4,6.00E-05,0.007,3000,230000,23000,23000,9000,9000,9000,0.26,0.26,0.26,1.50E-05,1.00E-05,1.00E-05,66893000000,66632000000,26479000000,7920400000,7923800000,7921700000,0.1249,0.4544,0.4546,2.64E-05,2.64E-05,6.04E-05
0,0,0,0,1,1,0,1,0,1,1,1,1,1,1,1,0,0,0,1,0,1,0,0,0,0,0.369724379,0.199358469,0.707029616,20000,0.4,6.00E-05,0.007,3000,230000,23000,23000,9000,9000,9000,0.26,0.26,0.26,1.50E-05,1.00E-05,1.00E-05,52612000000,53997000000,24786000000,7819900000,8217500000,8229900000,0.1562,0.4735,0.4831,2.97E-05,2.90E-05,5.93E-05
1,0,1,1,1,0,1,0,0,0,0,1,1,1,1,1,1,1,0,0,0,1,1,1,0,0,0.614850361,0.305331796,0.944937611,20000,0.4,6.00E-05,0.007,3000,230000,23000,23000,9000,9000,9000,0.26,0.26,0.26,1.50E-05,1.00E-05,1.00E-05,51879000000,57683000000,24308000000,7959700000,8538400000,8664900000,0.1515,0.4643,0.4901,2.79E-05,2.60E-05,5.31E-05
1,1,0,0,0,1,0,0,1,1,1,0,0,1,1,1,1,1,1,0,0,1,1,1,0,0,0.492868453,0.185528825,0.840144792,20000,0.4,6.00E-05,0.007,3000,230000,23000,23000,9000,9000,9000,0.26,0.26,0.26,1.50E-05,1.00E-05,1.00E-05,60732000000,60671000000,25479000000,7903700000,8207300000,8151200000,0.1426,0.4655,0.4665,2.72E-05,2.69E-05,5.82E-05
1,0,0,1,1,0,0,0,1,1,0,0,1,1,0,0,0,0,1,0,0,1,0,1,1,0,0.602011227,0.110358517,0.976083213,20000,0.4,6.00E-05,0.007,3000,230000,23000,23000,9000,9000,9000,0.26,0.26,0.26,1.50E-05,1.00E-05,1.00E-05,67166000000,65656000000,26292000000,7929700000,7999800000,7957100000,0.1278,0.4571,0.4521,2.62E-05,2.64E-05,5.94E-05
0,0,0,0,0,1,1,0,1,0,0,1,0,0,0,1,1,0,1,0,1,0,0,0,1,0,0.491515009,0.293813908,0.87044967,20000,0.4,6.00E-05,0.007,3000,230000,23000,23000,9000,9000,9000,0.26,0.26,0.26,1.50E-05,1.00E-05,1.00E-05,53327000000,52509000000,24418000000,7891100000,8538600000,8441800000,0.156,0.4833,0.4799,2.85E-05,2.82E-05,5.55E-05
1,1,0,0,0,1,1,0,1,1,0,0,1,0,0,0,1,0,0,0,0,1,0,1,1,0,0.978355987,0.391262813,1.948072441,20000,0.4,6.00E-05,0.007,3000,230000,23000,23000,9000,9000,9000,0.26,0.26,0.26,1.50E-05,1.00E-05,1.00E-05,50908000000,51841000000,25032000000,7725200000,7964800000,7963500000,0.1671,0.4741,0.4794,3.16E-05,3.10E-05,6.33E-05
0,1,0,0,1,0,1,0,0,0,0,1,0,1,0,1,0,1,0,1,0,0,1,1,0,0,0.337152221,0.232440525,0.554225812,20000,0.4,6.00E-05,0.007,3000,230000,23000,23000,9000,9000,9000,0.26,0.26,0.26,1.50E-05,1.00E-05,1.00E-05,48268000000,44855000000,23266000000,7944300000,9121500000,8806200000,0.1812,0.5042,0.4839,2.83E-05,2.84E-05,5.03E-05
1,0,1,1,1,0,1,0,1,1,0,0,0,1,0,1,1,1,1,1,1,0,1,1,0,0,0.930006772,0.250334387,1.685416755,20000,0.4,6.00E-05,0.007,3000,230000,23000,23000,9000,9000,9000,0.26,0.26,0.26,1.50E-05,1.00E-05,1.00E-05,60975000000,60530000000,25865000000,7863100000,7996100000,7990600000,0.141,0.4645,0.4648,2.79E-05,2.78E-05,6.08E-05
1,1,0,0,1,0,0,0,1,1,0,0,1,1,0,1,1,0,1,0,1,1,0,0,0,15,0.486441427,0.395216629,1.033245841,20000,0.4,6.00E-05,0.007,3000,230000,23000,23000,9000,9000,9000,0.26,0.26,0.26,1.50E-05,1.00E-05,1.00E-05,44643000000,36139000000,23397000000,8429800000,8320800000,8229000000,0.2468,0.4664,0.4474,3.14E-05,3.75E-05,5.76E-05
0,0,1,0,1,0,0,1,1,0,1,1,0,1,1,0,0,0,0,1,0,1,1,1,0,15,0.837731056,0.10039267,1.585711721,20000,0.4,6.00E-05,0.007,3000,230000,23000,23000,9000,9000,9000,0.26,0.26,0.26,1.50E-05,1.00E-05,1.00E-05,62107000000,45495000000,25685000000,8740900000,7827800000,7843500000,0.2159,0.4504,0.4203,2.68E-05,3.32E-05,6.08E-05
1,1,0,0,1,0,1,1,0,0,0,0,0,0,1,0,0,1,1,1,0,0,0,1,1,15,0.301369693,0.248459629,0.666367573,20000,0.4,6.00E-05,0.007,3000,230000,23000,23000,9000,9000,9000,0.26,0.26,0.26,1.50E-05,1.00E-05,1.00E-05,42627000000,36567000000,23330000000,8416500000,8266300000,8331700000,0.2393,0.4608,0.4566,3.25E-05,3.76E-05,5.79E-05
1,1,1,0,0,0,1,0,1,1,0,1,0,1,1,1,1,1,1,1,1,1,0,1,1,15,0.62402239,0.349843495,1.259417051,20000,0.4,6.00E-05,0.007,3000,230000,23000,23000,9000,9000,9000,0.26,0.26,0.26,1.50E-05,1.00E-05,1.00E-05,50412000000,39463000000,24160000000,8564300000,8150800000,8153500000,0.2366,0.458,0.4384,2.95E-05,3.53E-05,5.80E-05
1,0,0,1,0,1,0,0,1,1,1,0,0,0,1,0,0,0,0,1,1,0,0,0,1,15,0.476498343,0.234454269,1.024696029,20000,0.4,6.00E-05,0.007,3000,230000,23000,23000,9000,9000,9000,0.26,0.26,0.26,1.50E-05,1.00E-05,1.00E-05,51220000000,39084000000,24442000000,8471800000,8002500000,7881000000,0.2398,0.47,0.4284,3.02E-05,3.71E-05,6.11E-05
1,1,0,1,1,0,0,0,1,1,0,1,1,0,1,0,1,1,0,1,1,1,1,1,0,15,0.488782263,0.157262565,1.099626092,20000,0.4,6.00E-05,0.007,3000,230000,23000,23000,9000,9000,9000,0.26,0.26,0.26,1.50E-05,1.00E-05,1.00E-05,50798000000,40195000000,24787000000,8475800000,7807900000,7811000000,0.2399,0.4609,0.4312,3.06E-05,3.69E-05,6.29E-05
1,1,0,1,1,0,1,1,1,1,0,1,1,0,0,1,1,0,1,1,1,1,0,1,0,15,0.405469171,0.312638129,0.76740851,20000,0.4,6.00E-05,0.007,3000,230000,23000,23000,9000,9000,9000,0.26,0.26,0.26,1.50E-05,1.00E-05,1.00E-05,51038000000,36150000000,23489000000,8559300000,8588300000,8446100000,0.2352,0.4723,0.4421,2.81E-05,3.57E-05,5.33E-05
0,1,1,1,0,0,0,0,1,1,0,0,0,1,0,0,1,1,0,0,1,0,1,0,1,15,0.513054138,0.251121034,1.117624603,20000,0.4,6.00E-05,0.007,3000,230000,23000,23000,9000,9000,9000,0.26,0.26,0.26,1.50E-05,1.00E-05,1.00E-05,46773000000,38847000000,24102000000,8470300000,8013200000,8041000000,0.2446,0.4568,0.4426,3.13E-05,3.69E-05,6.05E-05
0,1,0,1,0,0,0,1,1,1,1,1,0,1,0,0,1,0,1,1,1,0,0,1,0,15,0.311102112,0.271917543,0.655164541,20000,0.4,6.00E-05,0.007,3000,230000,23000,23000,9000,9000,9000,0.26,0.26,0.26,1.50E-05,1.00E-05,1.00E-05,41569000000,32483000000,22651000000,8351400000,8708800000,8439400000,0.2542,0.4812,0.4421,3.23E-05,3.89E-05,5.42E-05
1,0,1,1,1,1,0,1,0,1,1,0,0,1,1,0,0,1,0,0,0,1,1,1,1,15,0.989830486,0.351251833,2.102118862,20000,0.4,6.00E-05,0.007,3000,230000,23000,23000,9000,9000,9000,0.26,0.26,0.26,1.50E-05,1.00E-05,1.00E-05,50277000000,40773000000,24689000000,8519200000,7866300000,7874600000,0.2383,0.4568,0.4333,3.05E-05,3.61E-05,6.18E-05
1,1,1,0,1,0,1,0,0,1,1,0,0,1,1,1,1,1,1,0,0,0,1,0,0,15,0.470733577,0.380667092,0.957113418,20000,0.4,6.00E-05,0.007,3000,230000,23000,23000,9000,9000,9000,0.26,0.26,0.26,1.50E-05,1.00E-05,1.00E-05,42933000000,36031000000,23147000000,8486100000,8422700000,8511700000,0.2381,0.4547,0.4607,3.13E-05,3.66E-05,5.48E-05
1,1,1,0,0,1,0,0,1,0,1,1,0,0,0,0,0,1,1,0,0,0,1,1,1,15,0.828245181,0.15923961,1.653019525,20000,0.4,6.00E-05,0.007,3000,230000,23000,23000,9000,9000,9000,0.26,0.26,0.26,1.50E-05,1.00E-05,1.00E-05,57766000000,43964000000,25397000000,8663400000,7819500000,7852100000,0.2223,0.4514,0.428,2.82E-05,3.41E-05,6.15E-05
0,1,0,0,0,1,0,1,1,1,1,0,0,0,0,1,0,1,0,1,1,1,1,0,1,15,0.410588127,0.176728852,0.767018629,20000,0.4,6.00E-05,0.007,3000,230000,23000,23000,9000,9000,9000,0.26,0.26,0.26,1.50E-05,1.00E-05,1.00E-05,53914000000,41106000000,24336000000,8665500000,8170400000,8230000000,0.2262,0.4534,0.4401,2.79E-05,3.40E-05,5.66E-05
0,0,0,1,0,0,0,0,1,0,1,1,0,0,0,1,0,1,1,1,0,0,0,1,0,15,0.386707311,0.343510915,0.848758483,20000,0.4,6.00E-05,0.007,3000,230000,23000,23000,9000,9000,9000,0.26,0.26,0.26,1.50E-05,1.00E-05,1.00E-05,45233000000,35705000000,23423000000,8388200000,8268400000,8167700000,0.2419,0.4724,0.447,3.15E-05,3.84E-05,5.79E-05
0,0,0,0,0,0,0,1,0,1,1,0,0,0,0,0,1,0,1,1,1,1,0,1,1,15,0.816484029,0.271032675,1.566952031,20000,0.4,6.00E-05,0.007,3000,230000,23000,23000,9000,9000,9000,0.26,0.26,0.26,1.50E-05,1.00E-05,1.00E-05,55809000000,42777000000,24841000000,8678700000,7970400000,8064000000,0.2249,0.4488,0.4343,2.81E-05,3.38E-05,5.85E-05
0,0,0,0,1,1,0,1,1,0,1,1,0,1,0,1,0,1,1,0,1,1,0,1,1,15,0.758327825,0.36875858,1.339689809,20000,0.4,6.00E-05,0.007,3000,230000,23000,23000,9000,9000,9000,0.26,0.26,0.26,1.50E-05,1.00E-05,1.00E-05,52170000000,40644000000,23990000000,8722000000,8371900000,8450500000,0.2336,0.4493,0.4436,2.77E-05,3.28E-05,5.42E-05
1,1,1,0,1,0,0,1,0,0,0,1,1,0,1,0,0,1,0,0,1,0,1,0,0,15,0.887333246,0.282993431,1.693626669,20000,0.4,6.00E-05,0.007,3000,230000,23000,23000,9000,9000,9000,0.26,0.26,0.26,1.50E-05,1.00E-05,1.00E-05,58794000000,42481000000,24944000000,8674100000,8011800000,7985600000,0.2239,0.4575,0.4262,2.74E-05,3.40E-05,5.87E-05
1,1,1,1,0,0,1,0,1,1,1,0,0,1,1,1,0,0,1,0,0,1,0,0,1,15,0.800438045,0.389300185,1.68808116,20000,0.4,6.00E-05,0.007,3000,230000,23000,23000,9000,9000,9000,0.26,0.26,0.26,1.50E-05,1.00E-05,1.00E-05,46617000000,38651000000,24017000000,8487000000,8064300000,8072900000,0.2456,0.458,0.44,3.10E-05,3.65E-05,5.99E-05
1,0,1,0,1,0,0,1,1,1,1,0,1,0,0,1,1,1,0,0,0,1,0,0,0,15,0.304191061,0.177061349,0.675381692,20000,0.4,6.00E-05,0.007,3000,230000,23000,23000,9000,9000,9000,0.26,0.26,0.26,1.50E-05,1.00E-05,1.00E-05,45845000000,37337000000,23806000000,8427300000,8090700000,8080200000,0.248,0.4627,0.4421,3.15E-05,3.76E-05,5.98E-05
0,1,1,0,1,1,1,1,0,1,1,0,0,1,0,1,1,1,1,1,1,1,1,1,0,15,0.57777967,0.368388768,1.204389701,20000,0.4,6.00E-05,0.007,3000,230000,23000,23000,9000,9000,9000,0.26,0.26,0.26,1.50E-05,1.00E-05,1.00E-05,45334000000,37633000000,23699000000,8471900000,8163400000,8174200000,0.246,0.4599,0.4446,3.12E-05,3.68E-05,5.85E-05
1,0,1,1,1,0,1,0,1,1,0,1,1,1,1,0,1,0,0,1,1,0,1,0,1,15,0.441584127,0.376397578,0.908492604,20000,0.4,6.00E-05,0.007,3000,230000,23000,23000,9000,9000,9000,0.26,0.26,0.26,1.50E-05,1.00E-05,1.00E-05,45793000000,33711000000,23048000000,8412200000,8648000000,8362400000,0.2533,0.4828,0.4376,3.05E-05,3.79E-05,5.50E-05
0,0,1,0,1,0,1,0,0,0,0,0,1,0,0,1,0,1,1,0,1,0,0,1,0,15,0.839555304,0.373670131,1.703981203,20000,0.4,6.00E-05,0.007,3000,230000,23000,23000,9000,9000,9000,0.26,0.26,0.26,1.50E-05,1.00E-05,1.00E-05,50915000000,39260000000,24239000000,8554300000,8127100000,8093300000,0.2443,0.4601,0.433,2.95E-05,3.55E-05,5.89E-05
0,0,0,1,0,0,1,1,1,1,0,1,1,1,0,1,1,1,1,0,0,1,0,0,0,15,0.912927474,0.205400318,1.996778469,20000,0.4,6.00E-05,0.007,3000,230000,23000,23000,9000,9000,9000,0.26,0.26,0.26,1.50E-05,1.00E-05,1.00E-05,52581000000,41986000000,25169000000,8526200000,7732400000,7741900000,0.2313,0.4584,0.4304,3.02E-05,3.61E-05,6.36E-05
0,1,1,1,1,0,1,0,0,0,1,0,1,0,1,1,0,0,0,1,1,0,0,0,0,15,0.749415947,0.190533285,1.365969671,20000,0.4,6.00E-05,0.007,3000,230000,23000,23000,9000,9000,9000,0.26,0.26,0.26,1.50E-05,1.00E-05,1.00E-05,58779000000,44708000000,25158000000,8756500000,7963300000,8035500000,0.2185,0.4444,0.428,2.71E-05,3.26E-05,5.82E-05
1,1,1,1,1,1,1,0,1,0,1,1,1,1,0,0,1,1,0,1,0,1,1,0,1,15,0.900874643,0.175299593,1.810029722,20000,0.4,6.00E-05,0.007,3000,230000,23000,23000,9000,9000,9000,0.26,0.26,0.26,1.50E-05,1.00E-05,1.00E-05,58739000000,43570000000,25425000000,8647200000,7820400000,7811200000,0.2242,0.4564,0.4228,2.79E-05,3.44E-05,6.17E-05
0,0,0,1,0,1,1,0,1,1,1,1,1,1,0,0,1,0,0,0,1,1,1,0,0,15,0.450300578,0.298280883,0.94738122,20000,0.4,6.00E-05,0.007,3000,230000,23000,23000,9000,9000,9000,0.26,0.26,0.26,1.50E-05,1.00E-05,1.00E-05,43122000000,38129000000,23567000000,8474100000,8123400000,8288800000,0.235,0.4527,0.4557,3.21E-05,3.67E-05,5.81E-05
0,1,1,0,0,1,0,0,0,1,0,1,0,1,0,0,0,0,1,0,1,0,0,0,0,15,0.694605462,0.148685132,1.248413033,20000,0.4,6.00E-05,0.007,3000,230000,23000,23000,9000,9000,9000,0.26,0.26,0.26,1.50E-05,1.00E-05,1.00E-05,61341000000,45367000000,25372000000,8776400000,7952100000,7979500000,0.2165,0.4462,0.4221,2.65E-05,3.25E-05,5.86E-05
0,0,1,1,1,0,1,0,1,0,0,0,1,1,0,1,1,1,0,0,1,0,1,0,0,15,0.469425102,0.238407736,0.934518955,20000,0.4,6.00E-05,0.007,3000,230000,23000,23000,9000,9000,9000,0.26,0.26,0.26,1.50E-05,1.00E-05,1.00E-05,51471000000,39166000000,24114000000,8575600000,8211000000,8176000000,0.2375,0.4603,0.4391,2.91E-05,3.52E-05,5.77E-05
1,1,0,0,1,1,0,0,0,0,0,1,1,1,0,0,1,0,0,0,0,0,0,1,0,15,0.350903261,0.190739439,0.677216908,20000,0.4,6.00E-05,0.007,3000,230000,23000,23000,9000,9000,9000,0.26,0.26,0.26,1.50E-05,1.00E-05,1.00E-05,49856000000,40337000000,24025000000,8633500000,8227400000,8341500000,0.231,0.4488,0.45,2.91E-05,3.42E-05,5.63E-05
0,0,1,1,1,1,0,0,0,1,1,1,1,0,1,0,1,1,0,0,1,1,0,1,1,15,0.215207165,0.284422177,0.485545056,20000,0.4,6.00E-05,0.007,3000,230000,23000,23000,9000,9000,9000,0.26,0.26,0.26,1.50E-05,1.00E-05,1.00E-05,34760000000,32275000000,22374000000,8324700000,8710000000,8829800000,0.2397,0.4547,0.4656,3.53E-05,3.91E-05,5.16E-05
1,1,0,1,0,0,1,0,0,0,1,0,0,0,1,0,0,0,1,0,0,1,0,0,1,15,0.482573868,0.262767214,0.988334688,20000,0.4,6.00E-05,0.007,3000,230000,23000,23000,9000,9000,9000,0.26,0.26,0.26,1.50E-05,1.00E-05,1.00E-05,47750000000,38108000000,23857000000,8516300000,8216800000,8159600000,0.244,0.4613,0.442,3.03E-05,3.61E-05,5.83E-05
1,0,0,0,1,1,1,1,1,0,0,1,0,0,1,1,1,1,1,1,1,1,1,0,1,15,0.264924716,0.116591265,0.49639084,20000,0.4,6.00E-05,0.007,3000,230000,23000,23000,9000,9000,9000,0.26,0.26,0.26,1.50E-05,1.00E-05,1.00E-05,53947000000,42171000000,24508000000,8687100000,8117800000,8207400000,0.2253,0.4483,0.4393,2.78E-05,3.35E-05,5.71E-05
1,0,1,0,1,0,0,1,0,1,0,0,1,0,1,1,1,0,0,0,1,1,0,0,1,15,0.519955664,0.186358693,1.045638858,20000,0.4,6.00E-05,0.007,3000,230000,23000,23000,9000,9000,9000,0.26,0.26,0.26,1.50E-05,1.00E-05,1.00E-05,55101000000,40898000000,24741000000,8593100000,8026400000,7955700000,0.2347,0.4612,0.4258,2.86E-05,3.51E-05,5.98E-05
0,0,1,0,0,1,0,0,1,0,1,1,1,1,0,0,0,0,1,1,1,0,0,0,0,15,0.751786373,0.316485145,1.523359368,20000,0.4,6.00E-05,0.007,3000,230000,23000,23000,9000,9000,9000,0.26,0.26,0.26,1.50E-05,1.00E-05,1.00E-05,51591000000,41087000000,24505000000,8591500000,8000100000,8076900000,0.2307,0.4526,0.4405,2.94E-05,3.49E-05,5.93E-05
0,1,1,1,0,0,0,1,1,0,1,0,1,0,0,0,0,0,0,0,0,1,1,1,0,15,0.645016178,0.254292649,1.19121807,20000,0.4,6.00E-05,0.007,3000,230000,23000,23000,9000,9000,9000,0.26,0.26,0.26,1.50E-05,1.00E-05,1.00E-05,60220000000,43102000000,24956000000,8709600000,8077000000,8034700000,0.2214,0.4561,0.4238,2.67E-05,3.34E-05,5.79E-05
0,1,1,1,0,1,1,1,1,1,1,0,0,0,1,1,1,1,0,1,0,0,1,1,1,15,0.413437252,0.313346148,0.808692288,20000,0.4,6.00E-05,0.007,3000,230000,23000,23000,9000,9000,9000,0.26,0.26,0.26,1.50E-05,1.00E-05,1.00E-05,46925000000,38967000000,23676000000,8593700000,8350800000,8486500000,0.2282,0.4486,0.4593,2.98E-05,3.48E-05,5.51E-05
0,1,0,0,0,0,0,0,0,1,1,0,1,1,1,0,0,1,1,0,0,0,1,0,1,15,0.729351915,0.202230061,1.430047894,20000,0.4,6.00E-05,0.007,3000,230000,23000,23000,9000,9000,9000,0.26,0.26,0.26,1.50E-05,1.00E-05,1.00E-05,57251000000,42711000000,25065000000,8655900000,7928600000,7940400000,0.228,0.4541,0.4257,2.78E-05,3.44E-05,5.99E-05
0,1,0,0,0,0,1,0,0,0,1,0,1,1,0,0,0,1,0,0,1,1,1,0,1,15,0.290208184,0.167734753,0.557366181,20000,0.4,6.00E-05,0.007,3000,230000,23000,23000,9000,9000,9000,0.26,0.26,0.26,1.50E-05,1.00E-05,1.00E-05,51637000000,38532000000,23876000000,8596400000,8320600000,8331400000,0.2348,0.4602,0.4427,2.82E-05,3.51E-05,5.56E-05
1,0,0,0,0,0,1,1,1,0,1,1,1,1,0,1,0,1,1,1,0,0,1,0,0,15,0.819034675,0.36447293,1.669788949,20000,0.4,6.00E-05,0.007,3000,230000,23000,23000,9000,9000,9000,0.26,0.26,0.26,1.50E-05,1.00E-05,1.00E-05,50784000000,40546000000,24435000000,8566900000,8000100000,8049400000,0.2337,0.4539,0.4389,2.97E-05,3.55E-05,5.94E-05
0,0,1,0,1,0,1,1,1,0,1,0,1,0,0,0,1,0,0,1,1,0,0,1,1,15,0.407633717,0.143083518,0.727745896,20000,0.4,6.00E-05,0.007,3000,230000,23000,23000,9000,9000,9000,0.26,0.26,0.26,1.50E-05,1.00E-05,1.00E-05,56097000000,42380000000,24623000000,8735500000,8182300000,8190800000,0.2363,0.4465,0.4289,2.70E-05,3.28E-05,5.66E-05
0,0,1,1,1,0,0,0,0,0,0,0,0,1,0,1,1,0,1,0,1,1,1,0,0,15,0.568531744,0.201720615,1.14144876,20000,0.4,6.00E-05,0.007,3000,230000,23000,23000,9000,9000,9000,0.26,0.26,0.26,1.50E-05,1.00E-05,1.00E-05,53905000000,42061000000,24805000000,8616300000,7935700000,8003600000,0.2277,0.4521,0.4365,2.90E-05,3.46E-05,5.99E-05
1,1,1,0,0,0,1,1,0,0,1,0,1,0,0,0,1,0,1,1,1,0,0,1,0,15,0.266592699,0.146207424,0.591431358,20000,0.4,6.00E-05,0.007,3000,230000,23000,23000,9000,9000,9000,0.26,0.26,0.26,1.50E-05,1.00E-05,1.00E-05,44934000000,37285000000,23782000000,8433300000,8084100000,8105100000,0.2543,0.4574,0.441,3.18E-05,3.72E-05,5.99E-05
0,0,1,0,1,0,0,1,1,1,0,0,0,0,0,0,1,1,0,0,0,0,1,0,1,15,0.486987398,0.166847595,0.967544993,20000,0.4,6.00E-05,0.007,3000,230000,23000,23000,9000,9000,9000,0.26,0.26,0.26,1.50E-05,1.00E-05,1.00E-05,58704000000,41905000000,24981000000,8627600000,7983700000,7912900000,0.2264,0.4625,0.4241,2.76E-05,3.47E-05,5.98E-05
0,0,1,0,0,0,0,0,0,0,1,0,0,1,0,1,0,0,1,0,0,0,0,1,1,15,0.425158851,0.281356107,0.80570778,20000,0.4,6.00E-05,0.007,3000,230000,23000,23000,9000,9000,9000,0.26,0.26,0.26,1.50E-05,1.00E-05,1.00E-05,52621000000,38612000000,23936000000,8613500000,8407000000,8345200000,0.2342,0.4646,0.4368,2.79E-05,3.46E-05,5.52E-05
1,0,0,0,1,0,1,0,1,0,1,1,0,1,0,0,1,0,1,1,0,0,0,0,1,15,0.359787442,0.275273845,0.695753674,20000,0.4,6.00E-05,0.007,3000,230000,23000,23000,9000,9000,9000,0.26,0.26,0.26,1.50E-05,1.00E-05,1.00E-05,50893000000,35744000000,23420000000,8538400000,8667000000,8445200000,0.2414,0.4782,0.4394,2.82E-05,3.61E-05,5.39E-05
1,1,1,0,0,1,1,1,0,1,0,1,0,0,0,1,1,0,0,1,0,0,1,0,0,15,0.344328293,0.211984916,0.701697712,20000,0.4,6.00E-05,0.007,3000,230000,23000,23000,9000,9000,9000,0.26,0.26,0.26,1.50E-05,1.00E-05,1.00E-05,48802000000,38705000000,23960000000,8530400000,8158200000,8182300000,0.2349,0.4585,0.4461,3.01E-05,3.60E-05,5.78E-05
1,0,0,1,0,0,0,0,1,0,1,1,1,0,1,0,1,0,0,1,1,0,1,0,1,15,0.775802062,0.373829701,1.728395669,20000,0.4,6.00E-05,0.007,3000,230000,23000,23000,9000,9000,9000,0.26,0.26,0.26,1.50E-05,1.00E-05,1.00E-05,47038000000,37635000000,24000000000,8432400000,8025400000,8018500000,0.2519,0.4632,0.4364,3.12E-05,3.76E-05,6.06E-05
0,1,1,0,1,0,0,0,1,0,0,1,0,1,1,0,1,1,0,0,1,1,1,1,0,15,0.253018231,0.251114719,0.478619675,20000,0.4,6.00E-05,0.007,3000,230000,23000,23000,9000,9000,9000,0.26,0.26,0.26,1.50E-05,1.00E-05,1.00E-05,41755000000,33330000000,22800000000,8524400000,8979100000,8923100000,0.236,0.4634,0.459,3.03E-05,3.58E-05,4.89E-05
1,0,1,0,0,0,0,0,1,1,0,0,1,1,1,1,1,1,0,1,1,1,0,1,0,15,0.312371578,0.147271044,0.625966512,20000,0.4,6.00E-05,0.007,3000,230000,23000,23000,9000,9000,9000,0.26,0.26,0.26,1.50E-05,1.00E-05,1.00E-05,49256000000,39428000000,24100000000,8580900000,8153900000,8185200000,0.2461,0.4514,0.4387,2.96E-05,3.50E-05,5.80E-05
1,0,0,1,1,1,0,1,1,0,1,0,0,0,1,1,1,0,1,1,0,0,0,1,0,15,0.614633623,0.198753092,1.230730591,20000,0.4,6.00E-05,0.007,3000,230000,23000,23000,9000,9000,9000,0.26,0.26,0.26,1.50E-05,1.00E-05,1.00E-05,56420000000,41883000000,24913000000,8617600000,7949800000,7935900000,0.2287,0.4579,0.4297,2.82E-05,3.49E-05,6.00E-05
0,1,0,0,1,1,1,0,0,1,1,1,1,1,1,1,0,0,0,0,1,0,0,1,0,15,0.554054588,0.241915688,1.106807841,20000,0.4,6.00E-05,0.007,3000,230000,23000,23000,9000,9000,9000,0.26,0.26,0.26,1.50E-05,1.00E-05,1.00E-05,52332000000,40607000000,24409000000,8601200000,8077200000,8110900000,0.2343,0.4553,0.4382,2.90E-05,3.48E-05,5.86E-05
1,0,1,1,1,1,0,0,1,1,0,1,0,1,0,1,1,0,0,0,0,0,1,1,0,15,0.760448714,0.353293428,1.582153102,20000,0.4,6.00E-05,0.007,3000,230000,23000,23000,9000,9000,9000,0.26,0.26,0.26,1.50E-05,1.00E-05,1.00E-05,49189000000,39569000000,24294000000,8502900000,8027600000,7997300000,0.2385,0.4622,0.4371,3.05E-05,3.65E-05,6.04E-05
1,1,1,1,0,1,0,0,1,0,1,1,0,1,1,1,0,0,0,0,1,1,0,1,1,15,0.521770811,0.166148892,1.136092858,20000,0.4,6.00E-05,0.007,3000,230000,23000,23000,9000,9000,9000,0.26,0.26,0.26,1.50E-05,1.00E-05,1.00E-05,50906000000,40973000000,24825000000,8505600000,7808400000,7825400000,0.2334,0.4594,0.4336,3.04E-05,3.64E-05,6.26E-05
1,1,0,0,0,1,0,1,1,0,1,1,0,0,1,0,0,1,1,0,1,0,0,1,0,15,0.768284301,0.202341324,1.406705516,20000,0.4,6.00E-05,0.007,3000,230000,23000,23000,9000,9000,9000,0.26,0.26,0.26,1.50E-05,1.00E-05,1.00E-05,59787000000,44089000000,25131000000,8741700000,8008700000,8031000000,0.2221,0.4492,0.4259,2.68E-05,3.29E-05,5.84E-05
1,1,1,0,1,0,0,1,1,0,1,0,1,1,1,1,1,0,1,0,1,0,1,1,1,15,0.711666403,0.188297141,1.255754594,20000,0.4,6.00E-05,0.007,3000,230000,23000,23000,9000,9000,9000,0.26,0.26,0.26,1.50E-05,1.00E-05,1.00E-05,59840000000,45149000000,25144000000,8788800000,8009900000,8073800000,0.2182,0.4426,0.4274,2.67E-05,3.22E-05,5.74E-05
0,1,1,1,0,0,0,0,0,0,1,1,1,0,0,1,1,0,0,0,1,1,0,0,0,15,0.235521357,0.278773119,0.44829681,20000,0.4,6.00E-05,0.007,3000,230000,23000,23000,9000,9000,9000,0.26,0.26,0.26,1.50E-05,1.00E-05,1.00E-05,44012000000,35950000000,23490000000,8567500000,8812800000,8828200000,0.2193,0.4566,0.4505,2.99E-05,3.52E-05,5.04E-05
0,0,1,0,1,1,1,1,1,0,0,0,0,0,1,0,1,0,1,1,0,1,0,0,0,15,0.498588503,0.337943259,1.017015519,20000,0.4,6.00E-05,0.007,3000,230000,23000,23000,9000,9000,9000,0.26,0.26,0.26,1.50E-05,1.00E-05,1.00E-05,42634000000,36952000000,23241000000,8505500000,8332000000,8468200000,0.2383,0.4529,0.4584,3.17E-05,3.60E-05,5.58E-05
0,1,1,0,0,1,0,0,1,1,0,0,1,1,0,1,0,0,1,0,1,1,0,1,0,15,0.721657376,0.315767728,1.371483148,20000,0.4,6.00E-05,0.007,3000,230000,23000,23000,9000,9000,9000,0.26,0.26,0.26,1.50E-05,1.00E-05,1.00E-05,53539000000,40717000000,24310000000,8653500000,8219300000,8233500000,0.2329,0.4553,0.4372,2.79E-05,3.41E-05,5.70E-05
1,1,1,0,0,1,0,0,0,0,1,1,1,1,1,1,0,1,0,1,0,1,0,0,0,15,0.472985582,0.237369048,0.832617181,20000,0.4,6.00E-05,0.007,3000,230000,23000,23000,9000,9000,9000,0.26,0.26,0.26,1.50E-05,1.00E-05,1.00E-05,52783000000,42225000000,24224000000,8741000000,8241300000,8416600000,0.221,0.4417,0.4487,2.76E-05,3.26E-05,5.45E-05
0,0,0,1,1,0,0,0,1,1,0,0,1,1,1,0,0,1,0,0,0,1,1,1,0,15,0.891493281,0.116607094,1.896365851,20000,0.4,6.00E-05,0.007,3000,230000,23000,23000,9000,9000,9000,0.26,0.26,0.26,1.50E-05,1.00E-05,1.00E-05,53912000000,43212000000,25432000000,8569400000,7707500000,7713900000,0.2263,0.457,0.4279,2.98E-05,3.55E-05,6.40E-05
1,1,0,0,1,0,1,0,1,0,0,0,1,0,1,0,0,1,0,0,1,0,0,0,1,15,0.559218258,0.222628892,1.156123801,20000,0.4,6.00E-05,0.007,3000,230000,23000,23000,9000,9000,9000,0.26,0.26,0.26,1.50E-05,1.00E-05,1.00E-05,50312000000,40352000000,24527000000,8530800000,7966700000,7958700000,0.2402,0.4583,0.4335,3.02E-05,3.60E-05,6.09E-05
1,1,0,0,1,0,1,0,1,1,1,1,0,0,0,1,0,0,1,1,0,0,1,0,1,15,0.438146574,0.209633657,0.922335859,20000,0.4,6.00E-05,0.007,3000,230000,23000,23000,9000,9000,9000,0.26,0.26,0.26,1.50E-05,1.00E-05,1.00E-05,47204000000,38994000000,24088000000,8489400000,8050900000,8049400000,0.2403,0.4593,0.441,3.10E-05,3.65E-05,6.01E-05
0,1,0,1,1,1,0,1,0,1,0,0,0,0,0,0,0,0,1,0,1,0,0,1,0,15,0.414038382,0.321331055,0.759126575,20000,0.4,6.00E-05,0.007,3000,230000,23000,23000,9000,9000,9000,0.26,0.26,0.26,1.50E-05,1.00E-05,1.00E-05,47441000000,35566000000,23183000000,8590100000,8779200000,8697100000,0.2392,0.4652,0.4519,2.84E-05,3.51E-05,5.10E-05
1,1,0,0,1,0,0,1,0,1,1,1,0,1,1,0,0,1,0,0,1,1,0,0,0,15,0.549222333,0.274691055,0.976214815,20000,0.4,6.00E-05,0.007,3000,230000,23000,23000,9000,9000,9000,0.26,0.26,0.26,1.50E-05,1.00E-05,1.00E-05,52443000000,41254000000,24104000000,8723900000,8279200000,8395600000,0.2333,0.4442,0.4467,2.76E-05,3.28E-05,5.47E-05
1,1,1,0,0,1,1,1,1,1,0,1,0,1,0,0,1,0,0,1,0,0,1,0,0,15,0.6374546,0.339743982,1.15605319,20000,0.4,6.00E-05,0.007,3000,230000,23000,23000,9000,9000,9000,0.26,0.26,0.26,1.50E-05,1.00E-05,1.00E-05,53626000000,40621000000,24112000000,8689900000,8300700000,8380800000,0.2282,0.4528,0.4443,2.76E-05,3.35E-05,5.49E-05
0,0,0,1,1,0,1,1,1,0,0,0,1,0,0,1,1,1,1,0,0,1,0,1,1,15,0.670775643,0.289518659,1.3104561,20000,0.4,6.00E-05,0.007,3000,230000,23000,23000,9000,9000,9000,0.26,0.26,0.26,1.50E-05,1.00E-05,1.00E-05,54942000000,41267000000,24585000000,8632900000,8090400000,8099900000,0.2313,0.4561,0.4347,2.81E-05,3.44E-05,5.85E-05
1,1,1,0,1,1,0,0,0,0,1,0,0,1,0,0,1,0,0,1,0,0,0,1,0,15,0.37012007,0.210962128,0.713684606,20000,0.4,6.00E-05,0.007,3000,230000,23000,23000,9000,9000,9000,0.26,0.26,0.26,1.50E-05,1.00E-05,1.00E-05,46665000000,38801000000,23602000000,8614500000,8309400000,8472200000,0.2386,0.4475,0.4547,2.95E-05,3.44E-05,5.52E-05
1,0,0,0,1,0,0,1,1,1,1,0,1,1,1,0,1,1,1,1,1,1,1,1,1,15,0.82585668,0.106693936,1.688985515,20000,0.4,6.00E-05,0.007,3000,230000,23000,23000,9000,9000,9000,0.26,0.26,0.26,1.50E-05,1.00E-05,1.00E-05,56036000000,44050000000,25530000000,8629600000,7739300000,7753100000,0.2224,0.4535,0.4265,2.89E-05,3.46E-05,6.30E-05
1,1,0,1,0,0,0,0,0,1,1,1,0,0,1,1,1,1,0,1,0,0,1,1,1,15,0.356908374,0.369118241,0.742044022,20000,0.4,6.00E-05,0.007,3000,230000,23000,23000,9000,9000,9000,0.26,0.26,0.26,1.50E-05,1.00E-05,1.00E-05,36994000000,33981000000,22593000000,8411100000,8640300000,8743600000,0.2369,0.457,0.4625,3.39E-05,3.74E-05,5.29E-05
1,0,1,0,1,1,0,1,0,0,1,1,1,0,1,0,0,0,1,0,0,0,1,1,0,15,0.823696284,0.341434658,1.667503292,20000,0.4,6.00E-05,0.007,3000,230000,23000,23000,9000,9000,9000,0.26,0.26,0.26,1.50E-05,1.00E-05,1.00E-05,53125000000,40091000000,24454000000,8571100000,8070800000,8026800000,0.2363,0.4612,0.4334,2.90E-05,3.55E-05,5.92E-05
1,0,1,0,1,1,0,0,0,0,0,0,1,0,1,1,0,0,0,0,0,1,1,0,1,15,0.518522034,0.380046308,0.920754709,20000,0.4,6.00E-05,0.007,3000,230000,23000,23000,9000,9000,9000,0.26,0.26,0.26,1.50E-05,1.00E-05,1.00E-05,47445000000,35441000000,23111000000,8607700000,8882000000,8722700000,0.2312,0.4712,0.4472,2.86E-05,3.46E-05,5.03E-05
0,1,0,1,0,1,0,1,0,0,0,0,0,0,1,1,1,1,1,1,0,0,1,0,1,15,0.781503439,0.214662026,1.609363472,20000,0.4,6.00E-05,0.007,3000,230000,23000,23000,9000,9000,9000,0.26,0.26,0.26,1.50E-05,1.00E-05,1.00E-05,51057000000,41636000000,24818000000,8570700000,7864500000,7900200000,0.2358,0.4518,0.4336,3.01E-05,3.53E-05,6.14E-05
1,1,1,1,1,0,0,1,0,1,0,0,0,1,0,1,0,0,0,1,0,1,1,0,0,15,0.415426953,0.29900953,0.862155929,20000,0.4,6.00E-05,0.007,3000,230000,23000,23000,9000,9000,9000,0.26,0.26,0.26,1.50E-05,1.00E-05,1.00E-05,41676000000,37891000000,23399000000,8484700000,8188900000,8395600000,0.2404,0.445,0.4619,3.22E-05,3.66E-05,5.72E-05
1,0,0,1,0,0,1,1,1,1,0,1,0,1,1,1,0,1,0,1,0,0,0,0,0,15,0.397276674,0.375044114,0.76429547,20000,0.4,6.00E-05,0.007,3000,230000,23000,23000,9000,9000,9000,0.26,0.26,0.26,1.50E-05,1.00E-05,1.00E-05,41546000000,34683000000,22931000000,8540500000,8752000000,8890100000,0.2369,0.4505,0.467,3.04E-05,3.57E-05,5.02E-05
0,1,0,0,1,1,0,0,0,1,1,1,1,0,0,1,0,1,0,0,1,1,1,0,0,15,0.575669864,0.116930849,1.2646684,20000,0.4,6.00E-05,0.007,3000,230000,23000,23000,9000,9000,9000,0.26,0.26,0.26,1.50E-05,1.00E-05,1.00E-05,52597000000,41725000000,25164000000,8518200000,7741300000,7736300000,0.2326,0.46,0.4292,3.02E-05,3.63E-05,6.38E-05
1,1,0,0,1,0,1,1,0,1,1,1,1,0,1,1,1,0,1,1,0,1,0,0,0,15,0.800807311,0.22387453,1.517585907,20000,0.4,6.00E-05,0.007,3000,230000,23000,23000,9000,9000,9000,0.26,0.26,0.26,1.50E-05,1.00E-05,1.00E-05,60081000000,43602000000,25170000000,8700300000,7945600000,7948100000,0.2207,0.4542,0.4249,2.70E-05,3.37E-05,5.92E-05
0,1,0,1,0,1,1,0,1,0,1,0,1,0,0,0,1,0,0,1,1,1,1,1,1,15,0.953080693,0.36868292,1.993315239,20000,0.4,6.00E-05,0.007,3000,230000,23000,23000,9000,9000,9000,0.26,0.26,0.26,1.50E-05,1.00E-05,1.00E-05,49305000000,39800000000,24422000000,8506200000,7948100000,7948400000,0.241,0.4593,0.4344,3.04E-05,3.64E-05,6.09E-05
1,0,0,0,0,0,1,0,0,1,1,0,0,0,0,0,0,1,1,1,0,1,1,1,1,15,0.887814619,0.391008691,1.725468772,20000,0.4,6.00E-05,0.007,3000,230000,23000,23000,9000,9000,9000,0.26,0.26,0.26,1.50E-05,1.00E-05,1.00E-05,50149000000,41403000000,24303000000,8649800000,8066000000,8241000000,0.2311,0.4423,0.4462,2.91E-05,3.38E-05,5.75E-05
0,0,0,0,0,1,0,0,0,1,1,0,1,1,1,0,1,1,0,0,0,1,1,0,1,15,0.277584467,0.309784083,0.502885437,20000,0.4,6.00E-05,0.007,3000,230000,23000,23000,9000,9000,9000,0.26,0.26,0.26,1.50E-05,1.00E-05,1.00E-05,40329000000,34870000000,23170000000,8586100000,8958100000,9100500000,0.2139,0.4425,0.4664,3.02E-05,3.50E-05,4.72E-05
1,0,1,0,1,1,1,0,1,0,0,0,1,0,0,0,1,1,0,0,0,1,0,0,1,15,0.665647017,0.302750241,1.216369509,20000,0.4,6.00E-05,0.007,3000,230000,23000,23000,9000,9000,9000,0.26,0.26,0.26,1.50E-05,1.00E-05,1.00E-05,53244000000,39970000000,24101000000,8679900000,8342600000,8305800000,0.2449,0.4541,0.4333,2.76E-05,3.36E-05,5.55E-05
1,1,0,0,1,0,0,0,1,0,1,0,1,1,1,1,1,1,0,0,1,1,1,0,1,15,0.325581647,0.375106465,0.575034849,20000,0.4,6.00E-05,0.007,3000,230000,23000,23000,9000,9000,9000,0.26,0.26,0.26,1.50E-05,1.00E-05,1.00E-05,40700000000,33664000000,23083000000,8575000000,9137200000,9081400000,0.2169,0.4487,0.4613,2.98E-05,3.49E-05,4.62E-05
0,1,0,0,0,0,1,1,1,1,1,0,1,0,1,0,0,1,0,0,1,0,0,1,0,15,0.8167012,0.257791257,1.632822159,20000,0.4,6.00E-05,0.007,3000,230000,23000,23000,9000,9000,9000,0.26,0.26,0.26,1.50E-05,1.00E-05,1.00E-05,55287000000,41790000000,24839000000,8621100000,7962600000,7990500000,0.2318,0.4562,0.4305,2.84E-05,3.48E-05,5.99E-05
0,1,1,1,0,1,0,1,1,1,1,0,1,1,1,0,0,1,1,1,0,1,1,0,1,15,0.47246772,0.190012383,0.836806454,20000,0.4,6.00E-05,0.007,3000,230000,23000,23000,9000,9000,9000,0.26,0.26,0.26,1.50E-05,1.00E-05,1.00E-05,58734000000,42458000000,24694000000,8733500000,8209600000,8145700000,0.228,0.454,0.4244,2.67E-05,3.30E-05,5.63E-05
1,0,0,1,1,1,1,1,0,0,0,1,1,1,1,1,0,0,0,1,0,1,0,1,0,15,0.447024583,0.380555099,0.889469361,20000,0.4,6.00E-05,0.007,3000,230000,23000,23000,9000,9000,9000,0.26,0.26,0.26,1.50E-05,1.00E-05,1.00E-05,40053000000,35523000000,22748000000,8524500000,8722100000,8827800000,0.2331,0.4512,0.4713,3.16E-05,3.58E-05,5.21E-05
0,0,0,0,0,1,0,1,0,1,0,1,0,0,1,0,1,1,0,1,1,0,0,0,1,15,0.498538528,0.399979012,0.98561071,20000,0.4,6.00E-05,0.007,3000,230000,23000,23000,9000,9000,9000,0.26,0.26,0.26,1.50E-05,1.00E-05,1.00E-05,48095000000,36245000000,23482000000,8526300000,8524300000,8442700000,0.2382,0.4652,0.4482,2.92E-05,3.63E-05,5.42E-05
1,0,1,0,1,1,0,0,0,0,1,1,0,0,0,0,1,1,0,0,0,1,1,1,1,15,0.877812807,0.380551469,1.866292798,20000,0.4,6.00E-05,0.007,3000,230000,23000,23000,9000,9000,9000,0.26,0.26,0.26,1.50E-05,1.00E-05,1.00E-05,49258000000,39988000000,24446000000,8504500000,7944400000,7966700000,0.2404,0.4585,0.4355,3.07E-05,3.63E-05,6.10E-05
1,0,1,1,1,0,0,1,0,1,0,1,0,1,0,1,1,1,0,1,0,1,0,0,1,15,0.600639989,0.129041771,1.246258683,20000,0.4,6.00E-05,0.007,3000,230000,23000,23000,9000,9000,9000,0.26,0.26,0.26,1.50E-05,1.00E-05,1.00E-05,51931000000,42105000000,25056000000,8557400000,7795800000,7800100000,0.2328,0.4563,0.4291,3.00E-05,3.57E-05,6.27E-05
0,0,0,1,1,0,0,1,0,0,0,1,0,0,1,0,0,0,0,0,1,0,0,0,1,15,0.902992771,0.385519406,1.885120022,20000,0.4,6.00E-05,0.007,3000,230000,23000,23000,9000,9000,9000,0.26,0.26,0.26,1.50E-05,1.00E-05,1.00E-05,49263000000,40526000000,24522000000,8522300000,7905200000,7929800000,0.2395,0.4541,0.4364,3.06E-05,3.60E-05,6.10E-05
1,0,0,0,1,1,0,0,1,1,1,0,1,0,1,0,1,0,0,1,0,1,0,0,0,15,0.604960214,0.384920243,1.085205393,20000,0.4,6.00E-05,0.007,3000,230000,23000,23000,9000,9000,9000,0.26,0.26,0.26,1.50E-05,1.00E-05,1.00E-05,52204000000,38421000000,23740000000,8660800000,8570600000,8447800000,0.2392,0.4596,0.4416,2.75E-05,3.39E-05,5.34E-05
0,0,0,1,1,0,0,1,1,0,0,1,1,0,0,1,0,0,0,1,1,1,0,0,0,15,0.669481811,0.338308529,1.452983614,20000,0.4,6.00E-05,0.007,3000,230000,23000,23000,9000,9000,9000,0.26,0.26,0.26,1.50E-05,1.00E-05,1.00E-05,46331000000,39633000000,24186000000,8487300000,7957000000,8047000000,0.2404,0.4505,0.4468,3.16E-05,3.64E-05,6.07E-05
1,1,0,1,0,1,1,0,0,1,0,0,0,0,1,0,0,0,1,0,1,1,0,1,1,15,0.906847961,0.399095437,1.76782566,20000,0.4,6.00E-05,0.007,3000,230000,23000,23000,9000,9000,9000,0.26,0.26,0.26,1.50E-05,1.00E-05,1.00E-05,56793000000,40656000000,24579000000,8617400000,8108100000,8049100000,0.2297,0.464,0.4295,2.76E-05,3.50E-05,5.83E-05
1,1,1,1,1,0,1,0,0,1,1,0,0,0,1,1,0,0,1,0,1,1,1,0,0,15,0.718667469,0.25415302,1.547772634,20000,0.4,6.00E-05,0.007,3000,230000,23000,23000,9000,9000,9000,0.26,0.26,0.26,1.50E-05,1.00E-05,1.00E-05,50707000000,40753000000,24738000000,8511000000,7838100000,7869000000,0.2383,0.457,0.434,3.04E-05,3.63E-05,6.20E-05
1,0,0,1,0,0,1,1,0,0,1,1,0,1,0,0,0,1,0,0,0,1,0,0,0,15,0.823904442,0.228593419,1.594248179,20000,0.4,6.00E-05,0.007,3000,230000,23000,23000,9000,9000,9000,0.26,0.26,0.26,1.50E-05,1.00E-05,1.00E-05,57104000000,42991000000,25058000000,8677800000,7945300000,7972600000,0.2311,0.4494,0.4274,2.77E-05,3.38E-05,5.96E-05
0,0,1,0,0,0,1,1,0,1,1,0,0,0,0,1,1,1,0,1,1,0,1,1,0,15,0.808947492,0.213152796,1.562421652,20000,0.4,6.00E-05,0.007,3000,230000,23000,23000,9000,9000,9000,0.26,0.26,0.26,1.50E-05,1.00E-05,1.00E-05,57832000000,43144000000,25105000000,8678400000,7933500000,7946500000,0.2267,0.4516,0.4273,2.77E-05,3.38E-05,5.97E-05
1,0,0,1,0,0,0,1,0,1,1,1,0,0,1,0,0,0,0,0,0,1,1,1,0,15,0.30276154,0.252510077,0.574827412,20000,0.4,6.00E-05,0.007,3000,230000,23000,23000,9000,9000,9000,0.26,0.26,0.26,1.50E-05,1.00E-05,1.00E-05,42164000000,36079000000,22972000000,8579700000,8723800000,8883100000,0.2322,0.4493,0.4672,3.02E-05,3.49E-05,5.13E-05
1,0,0,1,1,0,1,0,0,1,1,1,1,1,0,1,1,0,0,1,1,0,1,0,1,15,0.51167333,0.237806061,0.98429792,20000,0.4,6.00E-05,0.007,3000,230000,23000,23000,9000,9000,9000,0.26,0.26,0.26,1.50E-05,1.00E-05,1.00E-05,52786000000,40267000000,24252000000,8640500000,8228300000,8246100000,0.2396,0.4542,0.4361,2.81E-05,3.41E-05,5.71E-05
0,0,0,0,1,0,0,0,1,0,0,1,0,0,0,1,0,1,0,1,0,1,1,1,1,15,0.524201573,0.301065667,0.983400942,20000,0.4,6.00E-05,0.007,3000,230000,23000,23000,9000,9000,9000,0.26,0.26,0.26,1.50E-05,1.00E-05,1.00E-05,50079000000,40008000000,23929000000,8654100000,8291000000,8431200000,0.2317,0.4495,0.4492,2.83E-05,3.39E-05,5.53E-05
1,0,1,0,1,1,0,0,1,0,1,1,0,0,0,1,0,0,0,1,0,1,1,1,1,15,0.305698173,0.394945969,0.574489002,20000,0.4,6.00E-05,0.007,3000,230000,23000,23000,9000,9000,9000,0.26,0.26,0.26,1.50E-05,1.00E-05,1.00E-05,37832000000,31166000000,23137000000,8479300000,9409200000,9235500000,0.2262,0.4535,0.4507,3.13E-05,3.67E-05,4.47E-05
1,1,1,0,0,1,1,0,1,1,0,1,0,0,0,0,0,1,0,0,0,0,0,0,1,15,0.817315973,0.221928551,1.744051453,20000,0.4,6.00E-05,0.007,3000,230000,23000,23000,9000,9000,9000,0.26,0.26,0.26,1.50E-05,1.00E-05,1.00E-05,51193000000,41919000000,24962000000,8539600000,7780300000,7829000000,0.2314,0.4546,0.4341,3.04E-05,3.58E-05,6.26E-05
0,1,0,0,0,1,0,1,1,0,0,0,0,1,1,1,1,0,1,0,1,0,1,1,0,15,0.4150921,0.366244306,0.816793559,20000,0.4,6.00E-05,0.007,3000,230000,23000,23000,9000,9000,9000,0.26,0.26,0.26,1.50E-05,1.00E-05,1.00E-05,40251000000,33473000000,22559000000,8488700000,8848100000,8840400000,0.2391,0.4636,0.4613,3.13E-05,3.63E-05,5.06E-05
1,1,0,0,0,1,0,0,0,0,0,0,1,0,1,1,0,1,0,0,1,1,0,0,0,30,0.788752727,0.194549678,1.861359492,20000,0.4,6.00E-05,0.007,3000,230000,23000,23000,9000,9000,9000,0.26,0.26,0.26,1.50E-05,1.00E-05,1.00E-05,52035000000,30262000000,24280000000,10498000000,7741500000,7767700000,0.3542,0.441,0.3637,2.79E-05,4.32E-05,6.03E-05
1,0,1,0,1,1,1,1,1,0,0,0,0,1,1,1,1,0,1,1,0,1,1,1,0,30,0.745966726,0.292959109,1.692476366,20000,0.4,6.00E-05,0.007,3000,230000,23000,23000,9000,9000,9000,0.26,0.26,0.26,1.50E-05,1.00E-05,1.00E-05,51472000000,30285000000,23970000000,10603000000,7902300000,8061300000,0.349,0.4305,0.3789,2.73E-05,4.17E-05,5.76E-05
1,1,1,0,1,0,1,0,1,1,0,0,1,1,0,0,1,0,0,0,0,1,0,1,0,30,0.709622789,0.216891389,1.539962672,20000,0.4,6.00E-05,0.007,3000,230000,23000,23000,9000,9000,9000,0.26,0.26,0.26,1.50E-05,1.00E-05,1.00E-05,56597000000,30932000000,24285000000,10809000000,7899200000,7990000000,0.3496,0.4313,0.3659,2.58E-05,4.06E-05,5.70E-05
1,0,0,1,0,0,1,0,0,1,1,1,0,1,0,0,1,0,1,1,0,1,1,1,1,30,0.384529911,0.234793782,0.794189809,20000,0.4,6.00E-05,0.007,3000,230000,23000,23000,9000,9000,9000,0.26,0.26,0.26,1.50E-05,1.00E-05,1.00E-05,50408000000,29259000000,23230000000,10499000000,8314900000,8571400000,0.3404,0.4276,0.4031,2.60E-05,4.02E-05,5.26E-05
0,0,0,1,0,0,1,0,0,1,1,0,0,1,0,1,1,1,1,1,1,1,0,1,1,30,0.289051719,0.262374153,0.692807675,20000,0.4,6.00E-05,0.007,3000,230000,23000,23000,9000,9000,9000,0.26,0.26,0.26,1.50E-05,1.00E-05,1.00E-05,41594000000,28024000000,22803000000,9952400000,8121600000,8432600000,0.3396,0.4284,0.4141,2.99E-05,4.43E-05,5.49E-05
0,0,0,0,1,0,1,1,1,0,1,0,0,0,1,0,0,1,0,1,0,1,0,1,1,30,0.378792769,0.233763131,0.785729199,20000,0.4,6.00E-05,0.007,3000,230000,23000,23000,9000,9000,9000,0.26,0.26,0.26,1.50E-05,1.00E-05,1.00E-05,49571000000,29546000000,23299000000,10540000000,8270200000,8558200000,0.3376,0.4223,0.404,2.63E-05,4.02E-05,5.27E-05
1,0,0,0,1,0,0,0,0,1,0,0,0,1,0,0,0,1,1,1,0,1,1,1,1,30,0.897624322,0.218515028,2.068807216,20000,0.4,6.00E-05,0.007,3000,230000,23000,23000,9000,9000,9000,0.26,0.26,0.26,1.50E-05,1.00E-05,1.00E-05,52285000000,30556000000,24337000000,10610000000,7741800000,7795800000,0.3522,0.4371,0.3649,2.77E-05,4.26E-05,6.00E-05
0,0,0,0,1,0,1,1,1,0,0,0,1,0,0,1,1,1,0,1,0,0,0,1,0,30,0.618409196,0.367898494,1.432502466,20000,0.4,6.00E-05,0.007,3000,230000,23000,23000,9000,9000,9000,0.26,0.26,0.26,1.50E-05,1.00E-05,1.00E-05,45257000000,29160000000,23350000000,10254000000,7953000000,8207700000,0.3483,0.4293,0.3969,2.89E-05,4.36E-05,5.72E-05
0,1,0,0,1,0,1,0,1,1,0,1,1,0,0,0,0,1,1,0,0,1,1,1,0,30,0.724036989,0.376998973,1.797294154,20000,0.4,6.00E-05,0.007,3000,230000,23000,23000,9000,9000,9000,0.26,0.26,0.26,1.50E-05,1.00E-05,1.00E-05,48800000000,29182000000,23673000000,10197000000,7900900000,7962200000,0.3523,0.4448,0.3769,2.86E-05,4.42E-05,5.89E-05
0,1,1,1,0,0,0,0,1,1,0,1,0,0,1,1,1,1,0,0,0,1,1,1,0,30,0.633152946,0.371242653,1.517490775,20000,0.4,6.00E-05,0.007,3000,230000,23000,23000,9000,9000,9000,0.26,0.26,0.26,1.50E-05,1.00E-05,1.00E-05,47891000000,29308000000,23598000000,10250000000,7933400000,8077900000,0.3497,0.4396,0.3819,2.87E-05,4.38E-05,5.81E-05
0,1,1,0,1,0,1,0,1,1,0,1,1,0,1,1,0,0,0,0,0,0,0,1,0,30,0.454013766,0.251723932,1.034114732,20000,0.4,6.00E-05,0.007,3000,230000,23000,23000,9000,9000,9000,0.26,0.26,0.26,1.50E-05,1.00E-05,1.00E-05,48272000000,29224000000,23457000000,10349000000,8050800000,8215900000,0.3492,0.4345,0.3887,2.78E-05,4.25E-05,5.66E-05
1,0,0,0,1,1,0,1,1,1,0,0,0,0,0,0,1,0,1,1,1,0,1,0,1,30,0.680320344,0.120882081,1.48643826,20000,0.4,6.00E-05,0.007,3000,230000,23000,23000,9000,9000,9000,0.26,0.26,0.26,1.50E-05,1.00E-05,1.00E-05,58631000000,31519000000,24630000000,10961000000,7816100000,7857300000,0.3476,0.4325,0.3577,2.57E-05,4.04E-05,5.82E-05
0,1,0,1,0,0,0,1,0,1,0,1,0,1,0,0,0,1,0,1,0,1,1,1,0,30,0.481998785,0.110605459,1.03558345,20000,0.4,6.00E-05,0.007,3000,230000,23000,23000,9000,9000,9000,0.26,0.26,0.26,1.50E-05,1.00E-05,1.00E-05,58840000000,31288000000,24492000000,10916000000,7881800000,7940400000,0.3491,0.4322,0.3591,2.54E-05,4.02E-05,5.74E-05
1,0,1,1,1,1,0,1,0,0,1,1,1,1,0,1,0,1,0,1,1,1,1,1,1,30,0.798521811,0.351106109,1.682391811,20000,0.4,6.00E-05,0.007,3000,230000,23000,23000,9000,9000,9000,0.26,0.26,0.26,1.50E-05,1.00E-05,1.00E-05,57155000000,30696000000,24079000000,10746000000,8013800000,8089400000,0.3446,0.4331,0.3676,2.54E-05,4.04E-05,5.53E-05
0,0,0,1,1,1,1,0,1,1,0,1,1,1,0,0,0,1,1,0,0,0,0,0,0,30,0.274452309,0.217948082,0.605732645,20000,0.4,6.00E-05,0.007,3000,230000,23000,23000,9000,9000,9000,0.26,0.26,0.26,1.50E-05,1.00E-05,1.00E-05,47479000000,29694000000,23348000000,10483000000,8147300000,8505900000,0.3342,0.4206,0.4048,2.74E-05,4.13E-05,5.38E-05
1,1,0,1,0,0,0,0,1,1,0,1,0,1,0,1,1,1,1,0,0,1,1,0,1,30,0.798502773,0.24752969,1.947899963,20000,0.4,6.00E-05,0.007,3000,230000,23000,23000,9000,9000,9000,0.26,0.26,0.26,1.50E-05,1.00E-05,1.00E-05,50084000000,29806000000,24045000000,10379000000,7775200000,7843100000,0.3558,0.4399,0.3709,2.83E-05,4.36E-05,6.00E-05
1,1,1,0,0,0,0,0,0,0,1,1,0,1,0,1,0,1,1,0,0,1,1,1,1,30,0.898019797,0.170819955,2.174122719,20000,0.4,6.00E-05,0.007,3000,230000,23000,23000,9000,9000,9000,0.26,0.26,0.26,1.50E-05,1.00E-05,1.00E-05,51632000000,30399000000,24353000000,10536000000,7702600000,7746300000,0.3531,0.4397,0.3658,2.81E-05,4.32E-05,6.08E-05
1,0,0,1,0,1,1,1,1,1,0,0,1,1,0,1,0,0,0,0,1,1,0,1,0,30,0.917856532,0.325740148,2.238543578,20000,0.4,6.00E-05,0.007,3000,230000,23000,23000,9000,9000,9000,0.26,0.26,0.26,1.50E-05,1.00E-05,1.00E-05,49979000000,29808000000,23999000000,10359000000,7780200000,7849600000,0.3522,0.4409,0.3724,2.84E-05,4.37E-05,5.97E-05
0,0,1,1,1,1,1,0,1,0,1,1,0,0,0,1,1,1,0,1,1,1,0,0,1,30,0.667406963,0.345650196,1.42120126,20000,0.4,6.00E-05,0.007,3000,230000,23000,23000,9000,9000,9000,0.26,0.26,0.26,1.50E-05,1.00E-05,1.00E-05,52179000000,30172000000,23692000000,10661000000,8100200000,8336900000,0.3431,0.4254,0.3879,2.63E-05,4.04E-05,5.46E-05
1,1,0,1,1,1,1,1,1,0,0,0,0,0,1,1,1,1,0,0,0,0,1,0,1,30,0.216683974,0.260136915,0.457124581,20000,0.4,6.00E-05,0.007,3000,230000,23000,23000,9000,9000,9000,0.26,0.26,0.26,1.50E-05,1.00E-05,1.00E-05,35233000000,27198000000,22427000000,10009000000,8729400000,9445000000,0.3068,0.391,0.4508,2.97E-05,4.06E-05,4.58E-05
0,1,0,1,0,0,0,1,0,1,0,0,0,1,1,0,0,1,1,1,1,1,0,0,0,30,0.343598491,0.107941597,0.824192667,20000,0.4,6.00E-05,0.007,3000,230000,23000,23000,9000,9000,9000,0.26,0.26,0.26,1.50E-05,1.00E-05,1.00E-05,50309000000,29961000000,24062000000,10422000000,7781600000,7861200000,0.3539,0.4388,0.3716,2.83E-05,4.34E-05,5.98E-05
1,1,0,1,0,1,1,0,0,1,0,1,1,1,1,1,0,1,0,0,1,0,0,1,1,30,0.590767196,0.109172337,1.184617308,20000,0.4,6.00E-05,0.007,3000,230000,23000,23000,9000,9000,9000,0.26,0.26,0.26,1.50E-05,1.00E-05,1.00E-05,61155000000,31877000000,24631000000,11097000000,7885700000,7953100000,0.3447,0.4277,0.3551,2.48E-05,3.92E-05,5.63E-05
0,0,0,0,1,1,1,0,0,1,1,0,1,0,1,1,1,1,1,1,1,1,0,1,1,30,0.976494948,0.361433146,2.253612528,20000,0.4,6.00E-05,0.007,3000,230000,23000,23000,9000,9000,9000,0.26,0.26,0.26,1.50E-05,1.00E-05,1.00E-05,50739000000,30072000000,24040000000,10447000000,7787800000,7885000000,0.3517,0.4386,0.3718,2.80E-05,4.33E-05,5.92E-05
1,1,0,0,0,0,0,0,0,1,0,1,1,0,1,0,1,1,1,1,1,0,0,0,1,30,0.369852603,0.205104263,0.890842491,20000,0.4,6.00E-05,0.007,3000,230000,23000,23000,9000,9000,9000,0.26,0.26,0.26,1.50E-05,1.00E-05,1.00E-05,46531000000,29308000000,23554000000,10259000000,7901900000,8069300000,0.3493,0.4348,0.3867,2.92E-05,4.37E-05,5.82E-05
0,1,1,0,0,0,0,0,0,0,0,0,0,1,1,1,1,0,0,0,1,1,0,1,0,30,0.452535377,0.350257744,1.077246404,20000,0.4,6.00E-05,0.007,3000,230000,23000,23000,9000,9000,9000,0.26,0.26,0.26,1.50E-05,1.00E-05,1.00E-05,43431000000,28661000000,23085000000,10123000000,8043400000,8327800000,0.3443,0.4303,0.4027,2.96E-05,4.39E-05,5.63E-05
1,0,0,1,1,0,0,0,0,0,0,0,0,0,0,0,1,1,0,1,0,1,0,0,0,30,0.859631938,0.145641057,2.117861091,20000,0.4,6.00E-05,0.007,3000,230000,23000,23000,9000,9000,9000,0.26,0.26,0.26,1.50E-05,1.00E-05,1.00E-05,51899000000,30465000000,24412000000,10553000000,7689300000,7724500000,0.353,0.4403,0.3646,2.81E-05,4.32E-05,6.11E-05
1,1,0,0,1,1,0,0,0,0,0,1,0,1,1,0,1,1,1,0,0,0,0,1,0,30,0.505871892,0.210225006,1.236454651,20000,0.4,6.00E-05,0.007,3000,230000,23000,23000,9000,9000,9000,0.26,0.26,0.26,1.50E-05,1.00E-05,1.00E-05,48577000000,29641000000,23830000000,10329000000,7823200000,7950300000,0.352,0.4377,0.3793,2.86E-05,4.37E-05,5.93E-05
1,0,1,0,1,0,0,1,1,1,1,1,1,1,1,1,1,0,1,0,0,0,0,0,1,30,0.790389697,0.214765606,1.688202628,20000,0.4,6.00E-05,0.007,3000,230000,23000,23000,9000,9000,9000,0.26,0.26,0.26,1.50E-05,1.00E-05,1.00E-05,58561000000,31301000000,24422000000,10913000000,7896800000,7985700000,0.3467,0.4307,0.3618,2.54E-05,4.01E-05,5.68E-05
0,1,0,0,0,1,0,1,0,1,0,0,1,1,0,1,0,0,0,1,0,1,1,1,0,30,0.416936486,0.238532148,0.987957068,20000,0.4,6.00E-05,0.007,3000,230000,23000,23000,9000,9000,9000,0.26,0.26,0.26,1.50E-05,1.00E-05,1.00E-05,44536000000,29088000000,23291000000,10247000000,7975000000,8272200000,0.3486,0.4277,0.3997,2.91E-05,4.36E-05,5.73E-05
0,0,1,1,1,0,0,0,1,1,1,0,1,1,0,0,1,0,0,0,1,0,0,0,0,30,0.215550687,0.172363501,0.457997373,20000,0.4,6.00E-05,0.007,3000,230000,23000,23000,9000,9000,9000,0.26,0.26,0.26,1.50E-05,1.00E-05,1.00E-05,46366000000,29236000000,23130000000,10463000000,8267800000,8635000000,0.3338,0.4175,0.4118,2.70E-05,4.05E-05,5.22E-05
1,1,0,0,1,0,1,0,1,0,0,1,1,0,1,1,0,0,0,0,0,1,0,0,1,30,0.935709444,0.328345537,2.134261286,20000,0.4,6.00E-05,0.007,3000,230000,23000,23000,9000,9000,9000,0.26,0.26,0.26,1.50E-05,1.00E-05,1.00E-05,53158000000,30259000000,24102000000,10570000000,7879100000,7939600000,0.3506,0.4384,0.3702,2.70E-05,4.22E-05,5.85E-05
0,1,0,0,1,0,1,1,1,0,1,0,1,1,0,1,0,1,0,1,1,1,1,1,1,30,0.937532037,0.397812381,1.88901519,20000,0.4,6.00E-05,0.007,3000,230000,23000,23000,9000,9000,9000,0.26,0.26,0.26,1.50E-05,1.00E-05,1.00E-05,56822000000,30699000000,23950000000,10785000000,8090900000,8262300000,0.3419,0.4282,0.3779,2.52E-05,3.98E-05,5.43E-05
1,1,1,1,0,0,0,1,1,1,1,0,0,1,0,0,0,0,1,1,0,1,1,1,0,30,0.613929573,0.124545097,1.27838361,20000,0.4,6.00E-05,0.007,3000,230000,23000,23000,9000,9000,9000,0.26,0.26,0.26,1.50E-05,1.00E-05,1.00E-05,60151000000,31731000000,24618000000,11034000000,7857600000,7920300000,0.3452,0.4299,0.3566,2.51E-05,3.97E-05,5.70E-05
1,1,0,1,0,0,0,0,1,1,0,1,1,0,0,0,1,1,0,0,1,1,0,0,1,30,0.343992804,0.126857386,0.76648894,20000,0.4,6.00E-05,0.007,3000,230000,23000,23000,9000,9000,9000,0.26,0.26,0.26,1.50E-05,1.00E-05,1.00E-05,54303000000,30563000000,24129000000,10689000000,7913500000,8017300000,0.3488,0.4318,0.3706,2.65E-05,4.11E-05,5.72E-05
0,0,0,1,0,1,1,0,1,0,0,1,1,0,0,1,0,0,0,0,1,0,1,1,1,30,0.319916752,0.280190405,0.788096889,20000,0.4,6.00E-05,0.007,3000,230000,23000,23000,9000,9000,9000,0.26,0.26,0.26,1.50E-05,1.00E-05,1.00E-05,40560000000,28182000000,22742000000,9987500000,8094000000,8485000000,0.3348,0.4271,0.4173,3.04E-05,4.43E-05,5.54E-05
1,0,1,1,0,1,1,1,1,0,0,0,1,0,1,0,1,1,1,0,1,1,1,1,1,30,0.344576357,0.240201571,0.853540123,20000,0.4,6.00E-05,0.007,3000,230000,23000,23000,9000,9000,9000,0.26,0.26,0.26,1.50E-05,1.00E-05,1.00E-05,45833000000,28761000000,23345000000,10099000000,7961200000,8144700000,0.3491,0.4376,0.392,2.91E-05,4.43E-05,5.76E-05
0,1,1,1,1,0,0,0,1,0,0,1,0,0,1,1,1,0,0,1,0,1,1,0,1,30,0.654717308,0.333971753,1.478400506,20000,0.4,6.00E-05,0.007,3000,230000,23000,23000,9000,9000,9000,0.26,0.26,0.26,1.50E-05,1.00E-05,1.00E-05,53216000000,29889000000,23815000000,10480000000,8012300000,8105800000,0.3455,0.4394,0.3761,2.67E-05,4.20E-05,5.66E-05
1,0,0,1,0,0,1,1,1,1,1,0,1,0,0,0,1,0,1,1,1,0,0,1,0,30,0.771665906,0.104440808,1.825254784,20000,0.4,6.00E-05,0.007,3000,230000,23000,23000,9000,9000,9000,0.26,0.26,0.26,1.50E-05,1.00E-05,1.00E-05,52959000000,30575000000,24466000000,10592000000,7704300000,7727900000,0.3531,0.4414,0.3624,2.77E-05,4.31E-05,6.10E-05
0,1,0,0,1,0,0,0,1,1,1,1,0,0,0,1,1,1,1,1,0,0,1,0,1,30,0.216025995,0.132031212,0.520607522,20000,0.4,6.00E-05,0.007,3000,230000,23000,23000,9000,9000,9000,0.26,0.26,0.26,1.50E-05,1.00E-05,1.00E-05,45135000000,28873000000,23326000000,10154000000,7949200000,8157100000,0.3488,0.4335,0.3934,2.94E-05,4.39E-05,5.75E-05
0,1,1,1,0,1,0,0,0,0,1,0,1,0,0,0,1,0,0,1,1,1,1,1,1,30,0.893595679,0.333988281,2.125598975,20000,0.4,6.00E-05,0.007,3000,230000,23000,23000,9000,9000,9000,0.26,0.26,0.26,1.50E-05,1.00E-05,1.00E-05,49546000000,29894000000,23949000000,10400000000,7800600000,7924100000,0.3517,0.4371,0.376,2.83E-05,4.35E-05,5.93E-05
0,0,1,1,0,0,0,0,0,0,1,0,1,1,1,0,0,1,1,0,1,0,0,0,1,30,0.244425523,0.361274246,0.542386768,20000,0.4,6.00E-05,0.007,3000,230000,23000,23000,9000,9000,9000,0.26,0.26,0.26,1.50E-05,1.00E-05,1.00E-05,35813000000,27826000000,23230000000,10087000000,8638800000,9476900000,0.3079,0.3903,0.4282,3.04E-05,4.15E-05,4.68E-05
0,0,1,1,0,1,1,0,1,1,1,0,0,1,0,1,0,1,1,0,0,0,0,0,1,30,0.682537891,0.140246776,1.683777442,20000,0.4,6.00E-05,0.007,3000,230000,23000,23000,9000,9000,9000,0.26,0.26,0.26,1.50E-05,1.00E-05,1.00E-05,51432000000,30280000000,24314000000,10500000000,7710700000,7759700000,0.3538,0.4402,0.3665,2.81E-05,4.34E-05,6.08E-05
1,1,0,0,1,0,1,0,1,0,1,0,1,0,0,0,0,0,1,0,1,1,1,0,1,30,0.484751346,0.207541163,1.014799985,20000,0.4,6.00E-05,0.007,3000,230000,23000,23000,9000,9000,9000,0.26,0.26,0.26,1.50E-05,1.00E-05,1.00E-05,54159000000,30427000000,23879000000,10735000000,8060500000,8249700000,0.3483,0.4259,0.3792,2.58E-05,4.02E-05,5.50E-05
0,1,1,1,0,0,0,1,0,0,0,1,0,1,0,0,0,1,1,0,1,1,0,0,0,30,0.260954079,0.211116673,0.576763635,20000,0.4,6.00E-05,0.007,3000,230000,23000,23000,9000,9000,9000,0.26,0.26,0.26,1.50E-05,1.00E-05,1.00E-05,46427000000,29024000000,23122000000,10365000000,8289000000,8601900000,0.336,0.4255,0.4086,2.75E-05,4.15E-05,5.32E-05
1,1,1,1,0,1,1,0,1,1,0,1,0,0,0,1,0,0,0,1,1,0,1,0,1,30,0.977041588,0.142953076,2.219328107,20000,0.4,6.00E-05,0.007,3000,230000,23000,23000,9000,9000,9000,0.26,0.26,0.26,1.50E-05,1.00E-05,1.00E-05,56337000000,31292000000,24637000000,10865000000,7756400000,7787500000,0.3488,0.436,0.3595,2.65E-05,4.13E-05,5.97E-05
0,1,1,0,0,1,0,0,1,0,0,1,0,0,0,1,1,0,1,1,0,1,1,1,1,30,0.772167787,0.32010525,1.650445167,20000,0.4,6.00E-05,0.007,3000,230000,23000,23000,9000,9000,9000,0.26,0.26,0.26,1.50E-05,1.00E-05,1.00E-05,54306000000,30716000000,23992000000,10779000000,7992800000,8187600000,0.3437,0.4264,0.3781,2.59E-05,4.03E-05,5.56E-05
0,0,1,0,0,0,0,1,1,1,1,1,0,0,1,1,0,1,0,1,1,0,1,1,1,30,0.989454755,0.128199587,2.138724321,20000,0.4,6.00E-05,0.007,3000,230000,23000,23000,9000,9000,9000,0.26,0.26,0.26,1.50E-05,1.00E-05,1.00E-05,60991000000,31864000000,24785000000,11057000000,7805300000,7829100000,0.3456,0.4337,0.3534,2.52E-05,4.00E-05,5.83E-05
1,1,0,1,0,1,0,1,0,0,0,0,0,0,0,0,0,0,1,0,1,1,1,0,1,30,0.335350278,0.377628593,0.783211005,20000,0.4,6.00E-05,0.007,3000,230000,23000,23000,9000,9000,9000,0.26,0.26,0.26,1.50E-05,1.00E-05,1.00E-05,36775000000,26853000000,22305000000,9736300000,8389100000,8784300000,0.3323,0.419,0.4307,3.10E-05,4.44E-05,5.16E-05
1,1,1,0,0,0,0,1,0,1,1,1,1,1,1,1,0,0,0,1,1,1,0,0,1,30,0.861343274,0.260795207,2.130017613,20000,0.4,6.00E-05,0.007,3000,230000,23000,23000,9000,9000,9000,0.26,0.26,0.26,1.50E-05,1.00E-05,1.00E-05,50611000000,30040000000,24146000000,10420000000,7743900000,7806100000,0.3531,0.4404,0.37,2.83E-05,4.36E-05,6.03E-05
0,1,0,0,1,1,1,0,1,1,1,1,1,1,1,0,1,0,0,1,0,0,0,1,0,30,0.564672732,0.210287505,1.16716252,20000,0.4,6.00E-05,0.007,3000,230000,23000,23000,9000,9000,9000,0.26,0.26,0.26,1.50E-05,1.00E-05,1.00E-05,57264000000,30877000000,24129000000,10827000000,7993100000,8114400000,0.3467,0.4286,0.369,2.53E-05,3.99E-05,5.53E-05
1,0,1,1,0,1,0,1,0,0,0,1,0,1,1,1,0,0,1,0,1,0,0,0,0,30,0.233632043,0.292857318,0.560648094,20000,0.4,6.00E-05,0.007,3000,230000,23000,23000,9000,9000,9000,0.26,0.26,0.26,1.50E-05,1.00E-05,1.00E-05,38996000000,26048000000,22322000000,9438900000,8587000000,8707000000,0.3261,0.4393,0.4222,3.08E-05,4.54E-05,5.11E-05
1,1,0,0,1,1,1,0,0,0,0,0,1,0,1,0,0,0,1,1,1,1,0,0,0,30,0.524635012,0.339224109,1.179743585,20000,0.4,6.00E-05,0.007,3000,230000,23000,23000,9000,9000,9000,0.26,0.26,0.26,1.50E-05,1.00E-05,1.00E-05,50012000000,29525000000,23528000000,10425000000,8088800000,8267800000,0.3437,0.433,0.389,2.72E-05,4.19E-05,5.56E-05
0,0,1,1,1,0,1,0,1,1,1,0,0,0,0,0,0,1,0,1,1,1,1,1,0,30,0.376482374,0.282503219,0.79588278,20000,0.4,6.00E-05,0.007,3000,230000,23000,23000,9000,9000,9000,0.26,0.26,0.26,1.50E-05,1.00E-05,1.00E-05,44693000000,28845000000,22949000000,10420000000,8327800000,8773700000,0.3396,0.4123,0.4184,2.73E-05,4.03E-05,5.17E-05
0,1,1,0,0,1,0,1,0,0,1,1,0,1,0,0,1,1,0,1,0,1,1,0,0,30,0.672083008,0.117138335,1.403208449,20000,0.4,6.00E-05,0.007,3000,230000,23000,23000,9000,9000,9000,0.26,0.26,0.26,1.50E-05,1.00E-05,1.00E-05,61472000000,31785000000,24689000000,11046000000,7856100000,7886600000,0.3459,0.4326,0.3526,2.49E-05,3.98E-05,5.73E-05
1,0,0,1,1,0,0,0,1,1,1,1,1,0,0,1,1,1,1,0,0,1,1,0,1,30,0.50873972,0.260333012,1.166025787,20000,0.4,6.00E-05,0.007,3000,230000,23000,23000,9000,9000,9000,0.26,0.26,0.26,1.50E-05,1.00E-05,1.00E-05,47802000000,29552000000,23619000000,10436000000,7966700000,8175500000,0.3528,0.4278,0.3868,2.82E-05,4.22E-05,5.72E-05
0,1,1,1,0,0,0,1,0,0,0,1,1,1,1,1,1,1,0,1,1,0,1,1,1,30,0.775265645,0.389763788,1.664621664,20000,0.4,6.00E-05,0.007,3000,230000,23000,23000,9000,9000,9000,0.26,0.26,0.26,1.50E-05,1.00E-05,1.00E-05,54191000000,30469000000,23887000000,10701000000,8030800000,8208700000,0.3441,0.4279,0.3795,2.60E-05,4.05E-05,5.51E-05
0,0,0,0,0,0,1,1,1,0,0,0,1,0,1,1,1,1,1,1,1,1,0,1,1,30,0.991351366,0.244656546,2.419359554,20000,0.4,6.00E-05,0.007,3000,230000,23000,23000,9000,9000,9000,0.26,0.26,0.26,1.50E-05,1.00E-05,1.00E-05,51039000000,30280000000,24255000000,10491000000,7710500000,7776500000,0.3526,0.439,0.3687,2.82E-05,4.34E-05,6.05E-05
1,1,1,0,0,1,0,0,1,0,0,0,0,0,1,0,1,1,1,1,1,0,0,1,1,30,0.746401216,0.19253682,1.612903902,20000,0.4,6.00E-05,0.007,3000,230000,23000,23000,9000,9000,9000,0.26,0.26,0.26,1.50E-05,1.00E-05,1.00E-05,56913000000,31282000000,24419000000,10912000000,7867000000,7972000000,0.3473,0.4284,0.3649,2.59E-05,4.02E-05,5.72E-05
1,0,0,1,1,0,1,0,0,1,0,0,1,1,1,1,1,0,0,0,1,0,0,1,0,30,0.437839296,0.247328433,0.915561704,20000,0.4,6.00E-05,0.007,3000,230000,23000,23000,9000,9000,9000,0.26,0.26,0.26,1.50E-05,1.00E-05,1.00E-05,51649000000,29860000000,23515000000,10606000000,8202100000,8431800000,0.341,0.4277,0.391,2.61E-05,4.03E-05,5.38E-05
0,1,0,1,1,1,1,0,0,0,1,0,0,1,1,1,0,0,1,1,0,1,0,0,0,30,0.549872913,0.109385873,1.352150053,20000,0.4,6.00E-05,0.007,3000,230000,23000,23000,9000,9000,9000,0.26,0.26,0.26,1.50E-05,1.00E-05,1.00E-05,52176000000,30365000000,24362000000,10514000000,7706200000,7738700000,0.3529,0.4421,0.3649,2.79E-05,4.34E-05,6.10E-05
1,0,0,1,1,0,1,0,0,0,1,1,0,1,1,1,1,1,0,0,0,0,0,1,1,30,0.762980522,0.286212421,1.692650424,20000,0.4,6.00E-05,0.007,3000,230000,23000,23000,9000,9000,9000,0.26,0.26,0.26,1.50E-05,1.00E-05,1.00E-05,53028000000,30654000000,24070000000,10729000000,7914300000,8084000000,0.3471,0.4272,0.3769,2.67E-05,4.09E-05,5.69E-05
1,1,0,1,0,1,1,1,1,0,1,0,1,1,0,0,0,0,1,1,1,1,0,1,1,30,0.755273502,0.262289959,1.533770283,20000,0.4,6.00E-05,0.007,3000,230000,23000,23000,9000,9000,9000,0.26,0.26,0.26,1.50E-05,1.00E-05,1.00E-05,61152000000,31160000000,24291000000,10876000000,8009000000,8043700000,0.3427,0.4351,0.3593,2.47E-05,3.98E-05,5.53E-05
0,1,0,0,1,1,1,0,1,0,0,1,1,0,1,0,1,1,1,1,1,1,0,0,1,30,0.419104035,0.346508706,0.956742637,20000,0.4,6.00E-05,0.007,3000,230000,23000,23000,9000,9000,9000,0.26,0.26,0.26,1.50E-05,1.00E-05,1.00E-05,45772000000,27962000000,22963000000,10032000000,8310600000,8416600000,0.3418,0.4414,0.3987,2.84E-05,4.32E-05,5.45E-05
1,1,0,0,0,1,1,0,1,0,0,1,0,0,1,1,0,0,0,0,1,1,0,0,0,30,0.34187104,0.258613117,0.688512146,20000,0.4,6.00E-05,0.007,3000,230000,23000,23000,9000,9000,9000,0.26,0.26,0.26,1.50E-05,1.00E-05,1.00E-05,55362000000,29326000000,23462000000,10476000000,8376000000,8409600000,0.3371,0.4405,0.3822,2.53E-05,4.03E-05,5.21E-05
1,1,1,0,1,1,1,0,0,1,0,1,1,0,0,1,1,1,0,0,0,1,0,1,0,30,0.636759049,0.151811659,1.371847881,20000,0.4,6.00E-05,0.007,3000,230000,23000,23000,9000,9000,9000,0.26,0.26,0.26,1.50E-05,1.00E-05,1.00E-05,58895000000,31397000000,24516000000,10931000000,7860400000,7929700000,0.3479,0.4318,0.3596,2.54E-05,4.02E-05,5.74E-05
1,0,1,1,1,0,0,0,0,1,1,0,1,0,0,1,1,0,1,1,1,1,0,0,0,30,0.312022486,0.243746216,0.695305615,20000,0.4,6.00E-05,0.007,3000,230000,23000,23000,9000,9000,9000,0.26,0.26,0.26,1.50E-05,1.00E-05,1.00E-05,42890000000,28924000000,22916000000,10349000000,8208900000,8694400000,0.3337,0.4133,0.4215,2.84E-05,4.14E-05,5.30E-05
1,1,0,1,0,0,0,0,1,1,1,0,1,0,0,0,0,0,1,1,0,1,0,1,0,30,0.848970844,0.294373301,1.996049909,20000,0.4,6.00E-05,0.007,3000,230000,23000,23000,9000,9000,9000,0.26,0.26,0.26,1.50E-05,1.00E-05,1.00E-05,50428000000,29824000000,23959000000,10382000000,7824200000,7906800000,0.3514,0.4411,0.3731,2.81E-05,4.35E-05,5.93E-05
0,1,0,1,0,0,1,1,1,1,0,0,0,0,1,1,1,0,0,0,0,1,1,1,0,30,0.463860666,0.190253107,1.071145261,20000,0.4,6.00E-05,0.007,3000,230000,23000,23000,9000,9000,9000,0.26,0.26,0.26,1.50E-05,1.00E-05,1.00E-05,49950000000,29840000000,23883000000,10387000000,7850000000,7954300000,0.3497,0.4398,0.3757,2.82E-05,4.34E-05,5.88E-05
1,0,1,1,1,1,1,1,1,0,0,0,0,0,0,1,1,0,0,1,0,1,1,0,0,30,0.254156434,0.267961073,0.554217246,20000,0.4,6.00E-05,0.007,3000,230000,23000,23000,9000,9000,9000,0.26,0.26,0.26,1.50E-05,1.00E-05,1.00E-05,38721000000,28636000000,22654000000,10324000000,8424100000,9140400000,0.3165,0.3989,0.44,2.91E-05,4.09E-05,4.97E-05
1,0,0,1,0,0,0,0,0,1,0,1,1,1,1,0,0,0,0,1,0,1,0,1,0,30,0.87248278,0.139578437,2.152863994,20000,0.4,6.00E-05,0.007,3000,230000,23000,23000,9000,9000,9000,0.26,0.26,0.26,1.50E-05,1.00E-05,1.00E-05,52162000000,30427000000,24415000000,10541000000,7696500000,7721900000,0.3531,0.4417,0.364,2.80E-05,4.33E-05,6.12E-05
1,0,1,0,0,0,1,0,0,0,0,0,1,0,0,0,0,1,0,0,0,1,1,1,1,30,0.643520308,0.253225693,1.312301872,20000,0.4,6.00E-05,0.007,3000,230000,23000,23000,9000,9000,9000,0.26,0.26,0.26,1.50E-05,1.00E-05,1.00E-05,56721000000,30873000000,24045000000,10847000000,8019100000,8188000000,0.3468,0.4252,0.3748,2.52E-05,3.97E-05,5.47E-05
0,0,0,0,1,0,0,0,1,0,1,1,0,0,1,1,0,1,0,0,1,1,0,1,1,30,0.94500679,0.190832538,2.26232088,20000,0.4,6.00E-05,0.007,3000,230000,23000,23000,9000,9000,9000,0.26,0.26,0.26,1.50E-05,1.00E-05,1.00E-05,51977000000,30418000000,24336000000,10542000000,7716600000,7770400000,0.353,0.4397,0.3662,2.79E-05,4.32E-05,6.06E-05
1,1,1,0,1,0,0,0,1,1,1,0,0,0,1,0,1,0,1,1,1,0,1,0,1,30,0.873584915,0.116393785,2.044969073,20000,0.4,6.00E-05,0.007,3000,230000,23000,23000,9000,9000,9000,0.26,0.26,0.26,1.50E-05,1.00E-05,1.00E-05,53265000000,30678000000,24492000000,10621000000,7702100000,7727100000,0.3523,0.4411,0.362,2.76E-05,4.30E-05,6.10E-05
0,0,0,0,0,1,1,1,1,1,0,1,0,0,1,1,0,1,0,1,1,0,1,0,1,30,0.222392308,0.25218625,0.527444283,20000,0.4,6.00E-05,0.007,3000,230000,23000,23000,9000,9000,9000,0.26,0.26,0.26,1.50E-05,1.00E-05,1.00E-05,38348000000,27594000000,22621000000,9813800000,8274000000,8712900000,0.3242,0.4209,0.4256,3.10E-05,4.46E-05,5.25E-05
0,1,1,0,1,1,1,1,1,1,1,1,1,1,1,1,1,0,1,1,0,0,1,0,0,30,0.863207639,0.245604799,1.866036766,20000,0.4,6.00E-05,0.007,3000,230000,23000,23000,9000,9000,9000,0.26,0.26,0.26,1.50E-05,1.00E-05,1.00E-05,57719000000,31257000000,24426000000,10889000000,7862900000,7940500000,0.3476,0.4302,0.3614,2.57E-05,4.03E-05,5.70E-05
1,1,1,0,1,0,1,0,0,0,1,1,0,0,1,0,1,1,0,0,1,0,1,1,1,30,0.899796331,0.116088973,1.934453586,20000,0.4,6.00E-05,0.007,3000,230000,23000,23000,9000,9000,9000,0.26,0.26,0.26,1.50E-05,1.00E-05,1.00E-05,60987000000,31928000000,24786000000,11083000000,7809500000,7845400000,0.3454,0.432,0.354,2.51E-05,3.99E-05,5.81E-05
0,1,1,1,0,0,0,1,0,1,1,0,0,1,0,1,0,1,0,0,1,0,1,1,0,30,0.452454388,0.294728771,0.919556342,20000,0.4,6.00E-05,0.007,3000,230000,23000,23000,9000,9000,9000,0.26,0.26,0.26,1.50E-05,1.00E-05,1.00E-05,52782000000,29098000000,23239000000,10447000000,8422900000,8556700000,0.3386,0.4368,0.3956,2.54E-05,4.04E-05,5.21E-05
1,0,1,0,1,0,1,1,1,0,0,0,0,1,0,1,0,1,0,1,1,0,1,0,0,30,0.426145139,0.322484381,0.868100963,20000,0.4,6.00E-05,0.007,3000,230000,23000,23000,9000,9000,9000,0.26,0.26,0.26,1.50E-05,1.00E-05,1.00E-05,49778000000,28428000000,22942000000,10253000000,8575900000,8736600000,0.3299,0.4365,0.4063,2.61E-05,4.07E-05,5.07E-05
1,0,1,0,0,1,1,1,0,0,0,0,0,0,1,0,1,0,0,0,0,0,1,0,0,30,0.556998674,0.149474705,1.241461553,20000,0.4,6.00E-05,0.007,3000,230000,23000,23000,9000,9000,9000,0.26,0.26,0.26,1.50E-05,1.00E-05,1.00E-05,57313000000,31071000000,24431000000,10808000000,7843500000,7895300000,0.3481,0.4352,0.3613,2.60E-05,4.10E-05,5.80E-05
1,0,1,1,0,0,1,0,0,1,1,0,0,1,0,1,1,0,1,1,1,1,1,1,0,30,0.404113238,0.141251803,0.918322102,20000,0.4,6.00E-05,0.007,3000,230000,23000,23000,9000,9000,9000,0.26,0.26,0.26,1.50E-05,1.00E-05,1.00E-05,53096000000,30275000000,24091000000,10596000000,7882500000,7978100000,0.3527,0.4349,0.3715,2.69E-05,4.19E-05,5.81E-05
0,0,1,1,1,0,0,0,1,0,1,1,1,0,1,0,1,0,0,0,0,1,1,0,0,30,0.538502447,0.222279903,1.123004576,20000,0.4,6.00E-05,0.007,3000,230000,23000,23000,9000,9000,9000,0.26,0.26,0.26,1.50E-05,1.00E-05,1.00E-05,54763000000,30979000000,24046000000,10848000000,7980000000,8202100000,0.3422,0.4235,0.3773,2.58E-05,3.99E-05,5.52E-05
0,0,1,1,1,1,1,1,1,0,1,0,1,1,1,1,0,0,0,0,1,1,0,1,1,30,0.724834215,0.215897715,1.775765079,20000,0.4,6.00E-05,0.007,3000,230000,23000,23000,9000,9000,9000,0.26,0.26,0.26,1.50E-05,1.00E-05,1.00E-05,50178000000,30083000000,24127000000,10440000000,7737500000,7831500000,0.3525,0.4384,0.3719,2.84E-05,4.35E-05,6.02E-05
0,1,0,0,0,1,1,0,0,1,1,1,1,0,0,0,0,1,0,1,1,0,0,1,1,30,0.799164059,0.357433417,1.993340496,20000,0.4,6.00E-05,0.007,3000,230000,23000,23000,9000,9000,9000,0.26,0.26,0.26,1.50E-05,1.00E-05,1.00E-05,48244000000,29513000000,23768000000,10287000000,7825800000,7976800000,0.352,0.4379,0.3814,2.87E-05,4.39E-05,5.92E-05
1,1,1,0,0,0,1,1,0,0,1,1,0,0,0,0,1,0,1,0,1,1,1,1,0,30,0.459509025,0.156246113,0.945584168,20000,0.4,6.00E-05,0.007,3000,230000,23000,23000,9000,9000,9000,0.26,0.26,0.26,1.50E-05,1.00E-05,1.00E-05,59945000000,31237000000,24341000000,10897000000,7964700000,8019000000,0.3447,0.4324,0.3595,2.49E-05,3.99E-05,5.57E-05
0,1,1,0,1,0,1,1,1,1,1,0,0,1,0,0,1,1,0,0,1,1,0,0,0,30,0.955026084,0.179872323,2.108298554,20000,0.4,6.00E-05,0.007,3000,230000,23000,23000,9000,9000,9000,0.26,0.26,0.26,1.50E-05,1.00E-05,1.00E-05,58765000000,31412000000,24614000000,10914000000,7814200000,7853800000,0.348,0.4345,0.358,2.57E-05,4.06E-05,5.84E-05
1,0,0,1,1,1,1,0,1,1,1,0,1,0,0,1,1,1,1,0,0,1,0,1,0,30,0.97996792,0.170873218,2.081484622,20000,0.4,6.00E-05,0.007,3000,230000,23000,23000,9000,9000,9000,0.26,0.26,0.26,1.50E-05,1.00E-05,1.00E-05,60676000000,31710000000,24675000000,11026000000,7845800000,7881400000,0.3468,0.432,0.3542,2.51E-05,3.99E-05,5.75E-05
0,0,0,1,0,1,0,1,0,0,0,0,1,0,1,0,0,0,0,0,0,0,0,1,0,30,0.433141399,0.227300385,0.905699323,20000,0.4,6.00E-05,0.007,3000,230000,23000,23000,9000,9000,9000,0.26,0.26,0.26,1.50E-05,1.00E-05,1.00E-05,55658000000,30246000000,23861000000,10638000000,8085800000,8208500000,0.3451,0.4324,0.3739,2.56E-05,4.05E-05,5.46E-05
1,0,1,0,1,1,1,1,0,1,1,1,0,0,1,0,0,1,1,1,0,1,1,0,0,30,0.321636406,0.365040876,0.727382034,20000,0.4,6.00E-05,0.007,3000,230000,23000,23000,9000,9000,9000,0.26,0.26,0.26,1.50E-05,1.00E-05,1.00E-05,41669000000,27630000000,22669000000,9944500000,8500700000,8791900000,0.3209,0.428,0.4234,2.90E-05,4.29E-05,5.09E-05
0,0,1,1,1,0,1,0,0,1,1,1,0,0,1,1,0,1,0,1,0,0,0,1,1,30,0.760155775,0.214083218,1.680643739,20000,0.4,6.00E-05,0.007,3000,230000,23000,23000,9000,9000,9000,0.26,0.26,0.26,1.50E-05,1.00E-05,1.00E-05,57143000000,30986000000,24392000000,10804000000,7870000000,7923800000,0.3497,0.4338,0.3608,2.59E-05,4.08E-05,5.76E-05
1,0,1,0,0,0,1,0,0,0,1,1,0,1,1,0,1,1,1,0,0,1,0,0,1,30,0.22488724,0.115393819,0.456540408,20000,0.4,6.00E-05,0.007,3000,230000,23000,23000,9000,9000,9000,0.26,0.26,0.26,1.50E-05,1.00E-05,1.00E-05,50348000000,29853000000,23434000000,10673000000,8211000000,8542700000,0.347,0.4175,0.3984,2.61E-05,3.97E-05,5.31E-05
0,0,1,0,0,0,0,0,1,0,0,0,0,0,0,1,1,1,1,1,0,1,0,0,0,30,0.492624422,0.262601067,0.98630783,20000,0.4,6.00E-05,0.007,3000,230000,23000,23000,9000,9000,9000,0.26,0.26,0.26,1.50E-05,1.00E-05,1.00E-05,52770000000,30924000000,23804000000,10858000000,8031700000,8402900000,0.3372,0.4145,0.3916,2.57E-05,3.94E-05,5.33E-05
1,1,1,0,0,1,1,1,0,0,0,1,1,0,0,1,1,0,0,0,1,0,1,0,0,30,0.50774589,0.135661525,1.062528382,20000,0.4,6.00E-05,0.007,3000,230000,23000,23000,9000,9000,9000,0.26,0.26,0.26,1.50E-05,1.00E-05,1.00E-05,60638000000,31476000000,24532000000,10951000000,7890500000,7910400000,0.3462,0.4332,0.3537,2.50E-05,3.99E-05,5.67E-05
1,0,1,0,1,1,0,1,1,1,1,0,0,0,0,0,1,0,1,0,1,1,0,1,1,30,0.521630573,0.392246606,1.058547539,20000,0.4,6.00E-05,0.007,3000,230000,23000,23000,9000,9000,9000,0.26,0.26,0.26,1.50E-05,1.00E-05,1.00E-05,49581000000,28798000000,23032000000,10368000000,8494800000,8731600000,0.3336,0.4307,0.406,2.61E-05,4.03E-05,5.08E-05
1,0,0,1,1,1,1,0,1,1,1,0,1,0,1,1,0,0,1,0,0,0,1,1,0,30,0.906673969,0.208471296,1.820957696,20000,0.4,6.00E-05,0.007,3000,230000,23000,23000,9000,9000,9000,0.26,0.26,0.26,1.50E-05,1.00E-05,1.00E-05,61422000000,31724000000,24535000000,11047000000,7922000000,7987200000,0.3447,0.4294,0.3563,2.47E-05,3.93E-05,5.59E-05
1,0,1,0,1,0,0,1,1,1,0,0,0,1,0,1,0,0,1,1,1,1,0,1,1,30,0.675906941,0.285594238,1.44259893,20000,0.4,6.00E-05,0.007,3000,230000,23000,23000,9000,9000,9000,0.26,0.26,0.26,1.50E-05,1.00E-05,1.00E-05,55480000000,30554000000,24033000000,10740000000,8013800000,8144400000,0.3493,0.4293,0.3693,2.58E-05,4.03E-05,5.55E-05
0,0,1,1,1,0,0,1,0,0,1,0,1,1,1,1,1,0,0,0,0,0,0,1,0,30,0.438480811,0.359314892,1.04738604,20000,0.4,6.00E-05,0.007,3000,230000,23000,23000,9000,9000,9000,0.26,0.26,0.26,1.50E-05,1.00E-05,1.00E-05,42844000000,28549000000,23012000000,10080000000,8050000000,8346400000,0.341,0.4297,0.4058,2.98E-05,4.40E-05,5.60E-05
1,0,0,1,1,0,0,0,1,0,1,1,1,0,0,0,1,1,1,0,0,1,1,0,1,30,0.80681193,0.356616373,1.661563787,20000,0.4,6.00E-05,0.007,3000,230000,23000,23000,9000,9000,9000,0.26,0.26,0.26,1.50E-05,1.00E-05,1.00E-05,53754000000,30564000000,23865000000,10797000000,8078500000,8312200000,0.3476,0.4214,0.3817,2.58E-05,3.97E-05,5.45E-05
0,1,0,1,1,0,1,0,0,1,1,1,0,1,1,0,0,1,0,0,1,1,0,0,0,30,0.630271594,0.274067862,1.447758994,20000,0.4,6.00E-05,0.007,3000,230000,23000,23000,9000,9000,9000,0.26,0.26,0.26,1.50E-05,1.00E-05,1.00E-05,49929000000,29812000000,23814000000,10439000000,7903200000,8019400000,0.3485,0.4365,0.3792,2.79E-05,4.27E-05,5.80E-05
1,0,0,1,1,1,0,1,1,0,1,0,1,0,1,0,1,0,1,0,1,1,1,0,1,30,0.433943381,0.235394886,0.886074959,20000,0.4,6.00E-05,0.007,3000,230000,23000,23000,9000,9000,9000,0.26,0.26,0.26,1.50E-05,1.00E-05,1.00E-05,51228000000,29633000000,23418000000,10597000000,8245700000,8496200000,0.3477,0.4229,0.394,2.58E-05,4.00E-05,5.30E-05
1,1,0,1,0,0,1,1,0,0,1,0,1,1,1,1,1,1,0,1,1,1,1,1,1,30,0.883684909,0.313814705,1.927634773,20000,0.4,6.00E-05,0.007,3000,230000,23000,23000,9000,9000,9000,0.26,0.26,0.26,1.50E-05,1.00E-05,1.00E-05,56187000000,30927000000,24226000000,10793000000,7913400000,8034300000,0.3469,0.4311,0.3688,2.59E-05,4.07E-05,5.67E-05
0,1,1,0,1,1,1,0,0,0,1,0,0,1,1,1,0,1,0,0,0,0,1,1,0,45,0.864490295,0.173886215,2.317589956,20000,0.4,6.00E-05,0.007,3000,230000,23000,23000,9000,9000,9000,0.26,0.26,0.26,1.50E-05,1.00E-05,1.00E-05,59820000000,25398000000,23946000000,12784000000,7792000000,7875400000,0.4386,0.4291,0.3134,2.42E-05,4.62E-05,5.63E-05
1,1,0,0,1,1,0,0,0,0,1,1,0,0,1,1,1,1,0,1,1,0,0,0,1,45,0.503821893,0.393628895,1.262838997,20000,0.4,6.00E-05,0.007,3000,230000,23000,23000,9000,9000,9000,0.26,0.26,0.26,1.50E-05,1.00E-05,1.00E-05,57843000000,25121000000,23270000000,12194000000,8087200000,8444200000,0.4131,0.4244,0.3481,2.38E-05,4.54E-05,5.15E-05
0,0,1,0,1,0,1,1,1,0,0,0,0,0,1,1,0,1,1,0,0,1,1,0,1,45,0.379490202,0.287978066,0.953248964,20000,0.4,6.00E-05,0.007,3000,230000,23000,23000,9000,9000,9000,0.26,0.26,0.26,1.50E-05,1.00E-05,1.00E-05,51270000000,24674000000,22854000000,11812000000,8165400000,8818300000,0.4028,0.4136,0.3818,2.46E-05,4.53E-05,5.08E-05
0,0,0,0,0,1,0,0,1,0,1,0,1,1,1,0,1,0,0,0,1,0,0,0,1,45,0.485551905,0.251066176,1.114726215,20000,0.4,6.00E-05,0.007,3000,230000,23000,23000,9000,9000,9000,0.26,0.26,0.26,1.50E-05,1.00E-05,1.00E-05,58877000000,25494000000,23479000000,12912000000,8029200000,8416600000,0.4212,0.4094,0.3429,2.32E-05,4.34E-05,5.08E-05
0,0,1,0,0,0,1,1,1,0,1,0,1,0,0,0,0,0,0,0,0,1,0,1,1,45,0.770390829,0.170012106,1.873574988,20000,0.4,6.00E-05,0.007,3000,230000,23000,23000,9000,9000,9000,0.26,0.26,0.26,1.50E-05,1.00E-05,1.00E-05,63140000000,25681000000,23988000000,13249000000,7867400000,7983500000,0.4373,0.4212,0.31,2.32E-05,4.43E-05,5.41E-05
1,1,0,0,0,1,1,0,0,0,0,1,0,0,0,1,0,1,0,0,0,1,0,0,1,45,0.920864937,0.135962915,2.308042599,20000,0.4,6.00E-05,0.007,3000,230000,23000,23000,9000,9000,9000,0.26,0.26,0.26,1.50E-05,1.00E-05,1.00E-05,64620000000,25730000000,24108000000,13267000000,7831400000,7876600000,0.4387,0.4259,0.304,2.31E-05,4.47E-05,5.50E-05
1,1,0,0,1,1,1,1,0,0,0,1,1,0,1,1,0,0,0,0,1,1,1,0,1,45,0.503546537,0.202427791,1.153729378,20000,0.4,6.00E-05,0.007,3000,230000,23000,23000,9000,9000,9000,0.26,0.26,0.26,1.50E-05,1.00E-05,1.00E-05,62118000000,25619000000,23699000000,13156000000,7989400000,8250500000,0.4294,0.4142,0.324,2.29E-05,4.33E-05,5.16E-05
1,1,0,1,1,1,1,1,1,0,0,0,0,0,0,0,1,0,1,0,0,0,0,1,1,45,0.766340492,0.389498514,1.73904251,20000,0.4,6.00E-05,0.007,3000,230000,23000,23000,9000,9000,9000,0.26,0.26,0.26,1.50E-05,1.00E-05,1.00E-05,59927000000,25558000000,23529000000,13074000000,8045100000,8451300000,0.4232,0.4097,0.3371,2.30E-05,4.31E-05,5.06E-05
0,0,1,0,0,0,0,1,0,1,1,0,1,0,1,1,0,1,0,0,1,1,0,0,1,45,0.71509371,0.190483153,1.814408623,20000,0.4,6.00E-05,0.007,3000,230000,23000,23000,9000,9000,9000,0.26,0.26,0.26,1.50E-05,1.00E-05,1.00E-05,62494000000,25538000000,23889000000,12899000000,7869600000,7991300000,0.4344,0.4269,0.3139,2.35E-05,4.52E-05,5.46E-05
1,0,1,0,0,0,0,0,0,1,1,1,1,0,0,0,0,0,0,0,1,0,0,0,0,45,0.337217938,0.152383446,0.868591269,20000,0.4,6.00E-05,0.007,3000,230000,23000,23000,9000,9000,9000,0.26,0.26,0.26,1.50E-05,1.00E-05,1.00E-05,58889000000,25335000000,23623000000,12556000000,7893300000,8117000000,0.4285,0.4238,0.3296,2.40E-05,4.56E-05,5.38E-05
1,1,0,0,0,0,1,1,0,0,1,1,0,1,0,0,1,0,1,0,1,1,0,0,0,45,0.497791446,0.188754736,1.105628376,20000,0.4,6.00E-05,0.007,3000,230000,23000,23000,9000,9000,9000,0.26,0.26,0.26,1.50E-05,1.00E-05,1.00E-05,64838000000,25731000000,23778000000,13328000000,8025800000,8224900000,0.4312,0.4162,0.3127,2.24E-05,4.28E-05,5.11E-05
1,0,0,1,1,1,0,1,0,1,0,1,0,0,1,1,1,0,1,1,1,0,1,1,0,45,0.379051017,0.372256487,0.846420832,20000,0.4,6.00E-05,0.007,3000,230000,23000,23000,9000,9000,9000,0.26,0.26,0.26,1.50E-05,1.00E-05,1.00E-05,48797000000,24403000000,22596000000,11535000000,8502000000,9411200000,0.3759,0.4002,0.4159,2.39E-05,4.33E-05,4.62E-05
0,0,0,1,1,0,0,1,1,0,0,1,1,1,0,1,1,1,0,1,0,1,0,0,1,45,0.64154463,0.330817702,1.482978509,20000,0.4,6.00E-05,0.007,3000,230000,23000,23000,9000,9000,9000,0.26,0.26,0.26,1.50E-05,1.00E-05,1.00E-05,60225000000,25340000000,23477000000,12727000000,8060600000,8427000000,0.427,0.4149,0.3356,2.30E-05,4.37E-05,5.12E-05
0,1,0,0,1,0,1,1,0,1,1,1,0,1,1,0,1,1,0,1,0,0,0,0,0,45,0.843736526,0.351907343,1.897296695,20000,0.4,6.00E-05,0.007,3000,230000,23000,23000,9000,9000,9000,0.26,0.26,0.26,1.50E-05,1.00E-05,1.00E-05,62353000000,25620000000,23633000000,13147000000,8028400000,8333900000,0.4258,0.4135,0.3291,2.27E-05,4.30E-05,5.10E-05
1,0,0,0,0,1,0,1,1,0,0,0,1,1,1,1,0,1,0,1,0,0,1,1,0,45,0.245359617,0.109460651,0.648781282,20000,0.4,6.00E-05,0.007,3000,230000,23000,23000,9000,9000,9000,0.26,0.26,0.26,1.50E-05,1.00E-05,1.00E-05,57760000000,25210000000,23546000000,12376000000,7903900000,8161300000,0.4264,0.4268,0.3343,2.43E-05,4.62E-05,5.44E-05
1,1,1,1,0,1,1,0,0,1,1,0,1,0,0,0,1,0,0,0,0,0,1,0,1,45,0.281155969,0.193606566,0.722416274,20000,0.4,6.00E-05,0.007,3000,230000,23000,23000,9000,9000,9000,0.26,0.26,0.26,1.50E-05,1.00E-05,1.00E-05,51898000000,24866000000,23026000000,12022000000,8037300000,8614700000,0.4122,0.4138,0.3714,2.47E-05,4.57E-05,5.21E-05
1,0,1,0,0,1,1,0,0,1,1,1,0,1,1,0,1,1,1,0,1,0,0,1,1,45,0.269130721,0.169766316,0.665626113,20000,0.4,6.00E-05,0.007,3000,230000,23000,23000,9000,9000,9000,0.26,0.26,0.26,1.50E-05,1.00E-05,1.00E-05,54164000000,25048000000,23220000000,12322000000,8054700000,8595300000,0.4188,0.4118,0.3561,2.42E-05,4.48E-05,5.17E-05
0,1,1,1,0,0,0,0,1,0,1,1,0,0,0,0,0,1,1,1,1,0,0,1,0,45,0.795114848,0.348021705,1.854169506,20000,0.4,6.00E-05,0.007,3000,230000,23000,23000,9000,9000,9000,0.26,0.26,0.26,1.50E-05,1.00E-05,1.00E-05,58851000000,25517000000,23553000000,13028000000,7998200000,8415800000,0.4239,0.4104,0.34,2.33E-05,4.35E-05,5.16E-05
0,1,0,0,0,1,1,1,1,1,1,1,1,0,1,0,0,0,1,1,0,1,0,1,1,45,0.704056386,0.168016692,1.558699666,20000,0.4,6.00E-05,0.007,3000,230000,23000,23000,9000,9000,9000,0.26,0.26,0.26,1.50E-05,1.00E-05,1.00E-05,65796000000,25946000000,24007000000,13737000000,7940100000,8068200000,0.4361,0.4134,0.3045,2.24E-05,4.25E-05,5.19E-05
1,1,0,0,1,0,0,0,0,0,1,1,0,0,1,0,0,0,0,1,0,0,0,0,1,45,0.274301409,0.189417793,0.706738004,20000,0.4,6.00E-05,0.007,3000,230000,23000,23000,9000,9000,9000,0.26,0.26,0.26,1.50E-05,1.00E-05,1.00E-05,56204000000,25213000000,23359000000,12284000000,7961500000,8313100000,0.4163,0.4213,0.3472,2.43E-05,4.58E-05,5.26E-05
0,0,0,1,0,1,1,0,1,0,0,0,1,1,0,0,1,1,0,1,0,0,1,0,0,45,0.223897715,0.154117891,0.55135114,20000,0.4,6.00E-05,0.007,3000,230000,23000,23000,9000,9000,9000,0.26,0.26,0.26,1.50E-05,1.00E-05,1.00E-05,55202000000,25017000000,23105000000,12167000000,8117100000,8712100000,0.4101,0.4167,0.3663,2.38E-05,4.50E-05,5.12E-05
0,0,1,0,0,1,1,1,0,1,1,1,0,0,1,1,1,0,1,0,0,1,1,0,1,45,0.77467119,0.344321327,1.842216068,20000,0.4,6.00E-05,0.007,3000,230000,23000,23000,9000,9000,9000,0.26,0.26,0.26,1.50E-05,1.00E-05,1.00E-05,60098000000,25388000000,23564000000,12779000000,7997400000,8334100000,0.428,0.4173,0.3326,2.33E-05,4.42E-05,5.22E-05
0,1,0,1,0,0,0,0,0,1,0,1,1,1,0,1,1,0,0,1,0,0,1,0,1,45,0.884790519,0.39556802,2.228583955,20000,0.4,6.00E-05,0.007,3000,230000,23000,23000,9000,9000,9000,0.26,0.26,0.26,1.50E-05,1.00E-05,1.00E-05,56661000000,25187000000,23464000000,12487000000,7961600000,8336300000,0.4267,0.4178,0.3422,2.41E-05,4.52E-05,5.33E-05
1,1,0,0,0,1,1,1,1,0,1,0,1,0,0,1,1,0,0,0,0,0,1,0,0,45,0.785043766,0.141027852,2.051465468,20000,0.4,6.00E-05,0.007,3000,230000,23000,23000,9000,9000,9000,0.26,0.26,0.26,1.50E-05,1.00E-05,1.00E-05,62355000000,25578000000,24030000000,13016000000,7808000000,7868000000,0.4386,0.4278,0.3086,2.36E-05,4.55E-05,5.56E-05
0,1,1,1,1,1,0,0,0,0,0,0,1,1,0,0,1,1,0,0,1,1,0,1,1,45,0.867516436,0.321432734,2.08505687,20000,0.4,6.00E-05,0.007,3000,230000,23000,23000,9000,9000,9000,0.26,0.26,0.26,1.50E-05,1.00E-05,1.00E-05,59641000000,25504000000,23709000000,13017000000,7928700000,8218500000,0.4322,0.414,0.3268,2.35E-05,4.40E-05,5.27E-05
0,0,1,0,1,1,1,1,1,0,1,0,1,0,0,1,0,0,1,1,1,0,1,0,1,45,0.752289595,0.340955617,1.916161366,20000,0.4,6.00E-05,0.007,3000,230000,23000,23000,9000,9000,9000,0.26,0.26,0.26,1.50E-05,1.00E-05,1.00E-05,58496000000,25200000000,23517000000,12408000000,7954000000,8226300000,0.4265,0.4243,0.3341,2.39E-05,4.55E-05,5.35E-05
0,0,0,0,1,1,1,1,1,1,0,1,1,1,0,0,0,1,0,0,1,1,1,1,1,45,0.430482993,0.292855501,1.0433389,20000,0.4,6.00E-05,0.007,3000,230000,23000,23000,9000,9000,9000,0.26,0.26,0.26,1.50E-05,1.00E-05,1.00E-05,52334000000,25333000000,23177000000,12623000000,7995000000,8659900000,0.4074,0.4004,0.3752,2.42E-05,4.43E-05,5.08E-05
0,1,1,0,0,1,0,1,0,1,1,0,0,1,0,0,0,0,0,1,0,1,1,1,0,45,0.706604505,0.322056402,1.789899594,20000,0.4,6.00E-05,0.007,3000,230000,23000,23000,9000,9000,9000,0.26,0.26,0.26,1.50E-05,1.00E-05,1.00E-05,57468000000,25204000000,23511000000,12507000000,7953400000,8304100000,0.4293,0.4199,0.3363,2.40E-05,4.52E-05,5.34E-05
1,0,1,0,0,1,0,0,1,1,0,1,1,1,0,1,0,0,1,1,0,1,0,0,1,45,0.288271807,0.113631678,0.715846973,20000,0.4,6.00E-05,0.007,3000,230000,23000,23000,9000,9000,9000,0.26,0.26,0.26,1.50E-05,1.00E-05,1.00E-05,58810000000,25355000000,23587000000,12716000000,7959300000,8328400000,0.4281,0.4188,0.3358,2.37E-05,4.48E-05,5.32E-05
0,0,0,0,0,1,0,0,1,0,0,0,0,0,0,0,1,0,1,0,1,1,0,0,0,45,0.471048608,0.218246452,1.067109133,20000,0.4,6.00E-05,0.007,3000,230000,23000,23000,9000,9000,9000,0.26,0.26,0.26,1.50E-05,1.00E-05,1.00E-05,62361000000,25646000000,23672000000,13165000000,8014000000,8297600000,0.4281,0.4136,0.3248,2.28E-05,4.32E-05,5.11E-05
1,1,0,1,1,0,0,1,1,1,0,0,1,0,1,0,1,1,0,0,1,1,1,1,0,45,0.295099369,0.245712656,0.773389941,20000,0.4,6.00E-05,0.007,3000,230000,23000,23000,9000,9000,9000,0.26,0.26,0.26,1.50E-05,1.00E-05,1.00E-05,53078000000,24809000000,23013000000,11835000000,8088500000,8645300000,0.4106,0.4204,0.3679,2.46E-05,4.62E-05,5.20E-05
1,0,1,1,0,1,0,1,0,0,0,0,1,1,1,1,0,1,0,1,0,0,1,0,1,45,0.996523539,0.330912583,2.488067721,20000,0.4,6.00E-05,0.007,3000,230000,23000,23000,9000,9000,9000,0.26,0.26,0.26,1.50E-05,1.00E-05,1.00E-05,62553000000,25470000000,23774000000,12773000000,7919900000,8067900000,0.431,0.4267,0.3185,2.34E-05,4.50E-05,5.38E-05
0,0,1,1,1,0,0,1,1,1,0,1,1,1,0,0,1,1,1,1,1,0,0,0,1,45,0.43720229,0.199527611,1.018242262,20000,0.4,6.00E-05,0.007,3000,230000,23000,23000,9000,9000,9000,0.26,0.26,0.26,1.50E-05,1.00E-05,1.00E-05,61253000000,25569000000,23627000000,13019000000,7996800000,8306100000,0.4268,0.4155,0.3296,2.31E-05,4.37E-05,5.17E-05
0,0,1,1,0,1,0,1,0,1,1,1,0,0,0,0,1,0,1,0,0,0,0,0,0,45,0.396155954,0.382527131,1.037197089,20000,0.4,6.00E-05,0.007,3000,230000,23000,23000,9000,9000,9000,0.26,0.26,0.26,1.50E-05,1.00E-05,1.00E-05,49603000000,24718000000,22848000000,11668000000,8149600000,8869700000,0.3963,0.4128,0.3877,2.51E-05,4.62E-05,5.09E-05
1,0,0,1,1,0,0,1,0,1,0,1,0,1,0,1,0,0,1,1,1,0,0,1,0,45,0.698751065,0.373777487,1.83716871,20000,0.4,6.00E-05,0.007,3000,230000,23000,23000,9000,9000,9000,0.26,0.26,0.26,1.50E-05,1.00E-05,1.00E-05,56512000000,24991000000,23366000000,12106000000,7981100000,8290300000,0.4242,0.4259,0.3418,2.44E-05,4.61E-05,5.37E-05
0,0,1,1,0,0,1,0,0,0,0,1,0,1,0,0,0,0,0,0,1,0,1,1,0,45,0.541920188,0.368360461,1.377320869,20000,0.4,6.00E-05,0.007,3000,230000,23000,23000,9000,9000,9000,0.26,0.26,0.26,1.50E-05,1.00E-05,1.00E-05,56814000000,25038000000,23257000000,12119000000,8056800000,8475800000,0.4168,0.4233,0.3507,2.40E-05,4.57E-05,5.22E-05
0,0,0,0,1,0,1,0,0,1,0,0,0,0,1,0,1,1,1,1,1,0,1,0,1,45,0.229263098,0.374226205,0.582504047,20000,0.4,6.00E-05,0.007,3000,230000,23000,23000,9000,9000,9000,0.26,0.26,0.26,1.50E-05,1.00E-05,1.00E-05,45303000000,24103000000,23211000000,10685000000,8556400000,9425400000,0.3542,0.4013,0.4143,2.55E-05,4.59E-05,4.57E-05
0,1,0,0,0,0,0,1,0,1,1,0,1,0,1,0,0,0,1,0,1,0,0,0,1,45,0.657815735,0.113447754,1.643520315,20000,0.4,6.00E-05,0.007,3000,230000,23000,23000,9000,9000,9000,0.26,0.26,0.26,1.50E-05,1.00E-05,1.00E-05,63736000000,25693000000,24055000000,13234000000,7844100000,7927700000,0.4385,0.4245,0.307,2.32E-05,4.47E-05,5.48E-05
1,0,1,1,0,0,0,0,0,1,0,0,0,1,1,0,0,1,1,0,0,1,1,1,1,45,0.233553101,0.328774942,0.55065141,20000,0.4,6.00E-05,0.007,3000,230000,23000,23000,9000,9000,9000,0.26,0.26,0.26,1.50E-05,1.00E-05,1.00E-05,43277000000,24256000000,22902000000,11278000000,8499400000,9491800000,0.364,0.3856,0.4194,2.52E-05,4.40E-05,4.52E-05
0,0,1,0,1,1,1,0,0,1,1,0,1,1,1,1,1,1,1,1,0,1,0,1,1,45,0.832420675,0.221018439,1.957666415,20000,0.4,6.00E-05,0.007,3000,230000,23000,23000,9000,9000,9000,0.26,0.26,0.26,1.50E-05,1.00E-05,1.00E-05,63743000000,25712000000,23940000000,13331000000,7912900000,8060600000,0.4378,0.4179,0.3094,2.29E-05,4.36E-05,5.30E-05
0,0,1,0,0,0,0,1,1,1,0,1,1,0,0,1,0,0,0,0,1,1,1,1,0,45,0.784904097,0.304246977,1.808910193,20000,0.4,6.00E-05,0.007,3000,230000,23000,23000,9000,9000,9000,0.26,0.26,0.26,1.50E-05,1.00E-05,1.00E-05,61378000000,25662000000,23709000000,13216000000,7972200000,8240800000,0.4282,0.4127,0.326,2.30E-05,4.33E-05,5.17E-05
0,0,0,0,0,0,1,1,1,0,0,0,1,1,1,1,0,1,0,0,0,1,1,1,1,45,0.587692131,0.143285244,1.417387575,20000,0.4,6.00E-05,0.007,3000,230000,23000,23000,9000,9000,9000,0.26,0.26,0.26,1.50E-05,1.00E-05,1.00E-05,63112000000,25737000000,23947000000,13303000000,7876900000,8026400000,0.4343,0.419,0.3146,2.31E-05,4.40E-05,5.36E-05
1,0,1,1,1,0,1,1,1,0,1,1,0,0,1,1,0,1,1,0,0,1,1,0,0,45,0.245088349,0.271304131,0.662976854,20000,0.4,6.00E-05,0.007,3000,230000,23000,23000,9000,9000,9000,0.26,0.26,0.26,1.50E-05,1.00E-05,1.00E-05,41966000000,24215000000,22398000000,11327000000,8190800000,9136000000,0.3889,0.3982,0.412,2.68E-05,4.67E-05,5.02E-05
0,0,1,1,0,0,1,1,0,0,0,0,1,1,1,1,1,1,0,1,1,1,0,1,1,45,0.355765081,0.355943378,0.818069796,20000,0.4,6.00E-05,0.007,3000,230000,23000,23000,9000,9000,9000,0.26,0.26,0.26,1.50E-05,1.00E-05,1.00E-05,47287000000,24722000000,22672000000,11985000000,8330500000,9342600000,0.3838,0.3901,0.4145,2.42E-05,4.35E-05,4.71E-05
0,1,1,0,1,1,0,0,0,0,1,0,0,1,1,0,0,1,0,0,0,0,0,0,1,45,0.423109986,0.320614463,1.084662665,20000,0.4,6.00E-05,0.007,3000,230000,23000,23000,9000,9000,9000,0.26,0.26,0.26,1.50E-05,1.00E-05,1.00E-05,51315000000,24866000000,22973000000,11958000000,8068600000,8677800000,0.406,0.4127,0.3768,2.48E-05,4.57E-05,5.16E-05
1,1,0,1,1,1,0,1,0,0,1,1,1,0,1,0,0,1,0,0,0,0,1,1,1,45,0.201756397,0.226095858,0.466485604,20000,0.4,6.00E-05,0.007,3000,230000,23000,23000,9000,9000,9000,0.26,0.26,0.26,1.50E-05,1.00E-05,1.00E-05,44792000000,24560000000,22632000000,11681000000,8417400000,9600900000,0.3713,0.3844,0.4267,2.47E-05,4.35E-05,4.58E-05
0,0,1,0,1,1,0,0,0,1,1,0,0,1,0,1,1,0,1,1,0,0,0,1,1,45,0.784354403,0.323467546,1.746331223,20000,0.4,6.00E-05,0.007,3000,230000,23000,23000,9000,9000,9000,0.26,0.26,0.26,1.50E-05,1.00E-05,1.00E-05,62932000000,25626000000,23669000000,13221000000,8053700000,8341700000,0.4293,0.4138,0.3222,2.26E-05,4.28E-05,5.09E-05
1,0,1,1,1,0,1,1,0,0,0,1,1,1,0,0,1,0,0,0,1,1,0,0,0,45,0.379443951,0.242145427,0.975109645,20000,0.4,6.00E-05,0.007,3000,230000,23000,23000,9000,9000,9000,0.26,0.26,0.26,1.50E-05,1.00E-05,1.00E-05,55018000000,25064000000,23289000000,12232000000,7985700000,8414000000,0.4213,0.4185,0.3502,2.44E-05,4.57E-05,5.28E-05
0,1,0,1,0,0,1,1,1,0,1,1,1,1,0,1,1,1,1,1,0,0,1,0,0,45,0.29131393,0.106145942,0.722264942,20000,0.4,6.00E-05,0.007,3000,230000,23000,23000,9000,9000,9000,0.26,0.26,0.26,1.50E-05,1.00E-05,1.00E-05,61917000000,25517000000,23766000000,12850000000,7902700000,8097000000,0.4319,0.4228,0.3208,2.33E-05,4.48E-05,5.35E-05
1,0,0,1,1,1,0,1,0,0,1,1,1,1,0,0,1,0,1,0,0,0,0,1,1,45,0.355852889,0.383860157,0.832623043,20000,0.4,6.00E-05,0.007,3000,230000,23000,23000,9000,9000,9000,0.26,0.26,0.26,1.50E-05,1.00E-05,1.00E-05,50647000000,24604000000,22746000000,11669000000,8456100000,9271700000,0.3781,0.409,0.4004,2.41E-05,4.41E-05,4.72E-05
0,1,0,1,0,0,0,1,0,1,0,0,0,0,1,1,0,1,1,1,0,0,0,0,0,45,0.719595871,0.144713914,1.861439362,20000,0.4,6.00E-05,0.007,3000,230000,23000,23000,9000,9000,9000,0.26,0.26,0.26,1.50E-05,1.00E-05,1.00E-05,62127000000,25569000000,23991000000,12998000000,7820700000,7904800000,0.4379,0.4268,0.3107,2.36E-05,4.54E-05,5.53E-05
0,1,0,1,1,1,1,1,0,1,0,1,0,0,0,1,0,0,0,1,0,1,1,0,1,45,0.545990927,0.121814237,1.472554455,20000,0.4,6.00E-05,0.007,3000,230000,23000,23000,9000,9000,9000,0.26,0.26,0.26,1.50E-05,1.00E-05,1.00E-05,59423000000,25369000000,23898000000,12704000000,7794900000,7879000000,0.4372,0.4295,0.3156,2.43E-05,4.63E-05,5.62E-05
0,0,1,1,0,0,0,1,1,1,0,0,1,1,1,0,1,0,0,1,0,1,1,1,0,45,0.36102217,0.325272469,0.913390441,20000,0.4,6.00E-05,0.007,3000,230000,23000,23000,9000,9000,9000,0.26,0.26,0.26,1.50E-05,1.00E-05,1.00E-05,55074000000,24850000000,23055000000,11857000000,8182900000,8702600000,0.4069,0.4231,0.3635,2.41E-05,4.58E-05,5.11E-05
0,0,0,1,1,1,1,1,0,1,1,0,0,1,0,1,0,1,1,1,1,1,1,0,1,45,0.495428224,0.228674231,1.122434696,20000,0.4,6.00E-05,0.007,3000,230000,23000,23000,9000,9000,9000,0.26,0.26,0.26,1.50E-05,1.00E-05,1.00E-05,58585000000,25512000000,23487000000,13034000000,8028700000,8462800000,0.4217,0.4073,0.3447,2.31E-05,4.31E-05,5.09E-05
0,0,1,1,1,1,0,1,1,0,1,1,0,0,0,1,0,0,0,1,0,1,1,0,1,45,0.414605691,0.125262331,0.961012549,20000,0.4,6.00E-05,0.007,3000,230000,23000,23000,9000,9000,9000,0.26,0.26,0.26,1.50E-05,1.00E-05,1.00E-05,63454000000,25683000000,23865000000,13286000000,7951300000,8145400000,0.4355,0.4166,0.3126,2.29E-05,4.34E-05,5.24E-05
0,1,0,1,0,1,1,0,1,0,1,0,1,0,0,0,0,1,0,1,1,0,1,1,1,45,0.72646009,0.154346029,1.836867986,20000,0.4,6.00E-05,0.007,3000,230000,23000,23000,9000,9000,9000,0.26,0.26,0.26,1.50E-05,1.00E-05,1.00E-05,62450000000,25550000000,23967000000,12984000000,7847100000,7949100000,0.4373,0.4261,0.3104,2.35E-05,4.51E-05,5.50E-05
0,1,1,0,1,1,1,1,0,0,0,1,0,1,1,1,1,0,1,0,1,0,0,1,0,45,0.368013834,0.307954294,0.860485624,20000,0.4,6.00E-05,0.007,3000,230000,23000,23000,9000,9000,9000,0.26,0.26,0.26,1.50E-05,1.00E-05,1.00E-05,50282000000,24512000000,22660000000,11670000000,8337900000,9141100000,0.3899,0.4067,0.4009,2.42E-05,4.40E-05,4.84E-05
1,0,0,0,0,0,1,1,0,0,0,1,0,0,1,1,1,0,0,1,1,0,1,1,1,45,0.622277765,0.344154416,1.627651879,20000,0.4,6.00E-05,0.007,3000,230000,23000,23000,9000,9000,9000,0.26,0.26,0.26,1.50E-05,1.00E-05,1.00E-05,56587000000,25157000000,23378000000,12281000000,7958200000,8342200000,0.4207,0.4231,0.3471,2.43E-05,4.60E-05,5.34E-05
1,1,1,0,0,0,1,0,1,0,1,1,1,1,0,0,1,0,0,0,1,1,1,1,1,45,0.967273823,0.276227037,2.507971108,20000,0.4,6.00E-05,0.007,3000,230000,23000,23000,9000,9000,9000,0.26,0.26,0.26,1.50E-05,1.00E-05,1.00E-05,60775000000,25495000000,23854000000,12829000000,7834200000,7965500000,0.4339,0.4257,0.3185,2.38E-05,4.55E-05,5.48E-05
0,0,0,0,0,1,1,0,1,0,1,0,0,0,1,0,1,0,1,0,0,0,0,1,1,45,0.752687888,0.282935158,1.669922979,20000,0.4,6.00E-05,0.007,3000,230000,23000,23000,9000,9000,9000,0.26,0.26,0.26,1.50E-05,1.00E-05,1.00E-05,62217000000,25699000000,23703000000,13302000000,8011500000,8310000000,0.4281,0.4108,0.3264,2.27E-05,4.28E-05,5.11E-05
1,0,0,0,0,1,0,1,1,1,0,1,1,1,0,1,0,1,1,1,1,1,0,0,0,45,0.829853975,0.371060104,1.880951669,20000,0.4,6.00E-05,0.007,3000,230000,23000,23000,9000,9000,9000,0.26,0.26,0.26,1.50E-05,1.00E-05,1.00E-05,59820000000,25568000000,23566000000,13111000000,8020600000,8406400000,0.4257,0.4088,0.3364,2.30E-05,4.31E-05,5.10E-05
1,0,1,1,0,0,1,0,0,0,0,0,0,0,1,0,0,0,0,0,1,1,0,1,1,45,0.42629852,0.320347994,1.083434283,20000,0.4,6.00E-05,0.007,3000,230000,23000,23000,9000,9000,9000,0.26,0.26,0.26,1.50E-05,1.00E-05,1.00E-05,51070000000,24862000000,22990000000,12008000000,8054100000,8684500000,0.4101,0.409,0.3763,2.47E-05,4.54E-05,5.14E-05
0,1,0,1,0,0,1,1,1,1,0,1,0,1,0,1,1,0,1,1,0,0,0,1,1,45,0.7175702,0.214402535,1.678790962,20000,0.4,6.00E-05,0.007,3000,230000,23000,23000,9000,9000,9000,0.26,0.26,0.26,1.50E-05,1.00E-05,1.00E-05,64153000000,25698000000,23875000000,13226000000,7938400000,8071100000,0.4333,0.4198,0.3117,2.28E-05,4.37E-05,5.27E-05
0,1,1,0,0,0,0,1,0,0,1,0,0,0,1,1,0,1,1,1,1,1,1,1,0,45,0.824896684,0.22057599,1.982050621,20000,0.4,6.00E-05,0.007,3000,230000,23000,23000,9000,9000,9000,0.26,0.26,0.26,1.50E-05,1.00E-05,1.00E-05,64632000000,25757000000,23955000000,13278000000,7895500000,8033300000,0.435,0.4217,0.3099,2.29E-05,4.41E-05,5.34E-05
1,1,0,0,1,1,1,0,0,0,0,0,1,0,1,0,1,1,1,0,1,1,1,1,1,45,0.708521169,0.252483598,1.625438953,20000,0.4,6.00E-05,0.007,3000,230000,23000,23000,9000,9000,9000,0.26,0.26,0.26,1.50E-05,1.00E-05,1.00E-05,62670000000,25685000000,23795000000,13278000000,7963700000,8210500000,0.4341,0.4135,0.318,2.28E-05,4.32E-05,5.19E-05
1,1,1,1,0,0,1,0,1,1,1,0,1,1,0,1,1,0,0,1,0,1,0,1,0,45,0.803880639,0.201209824,1.893686261,20000,0.4,6.00E-05,0.007,3000,230000,23000,23000,9000,9000,9000,0.26,0.26,0.26,1.50E-05,1.00E-05,1.00E-05,63115000000,25653000000,23914000000,13237000000,7913300000,8075700000,0.4365,0.4181,0.3131,2.30E-05,4.38E-05,5.32E-05
0,0,0,1,0,0,1,1,0,1,1,0,0,0,0,0,1,0,0,1,0,1,1,1,0,45,0.721811764,0.343954169,1.669153516,20000,0.4,6.00E-05,0.007,3000,230000,23000,23000,9000,9000,9000,0.26,0.26,0.26,1.50E-05,1.00E-05,1.00E-05,57566000000,25351000000,23414000000,12835000000,8054100000,8539400000,0.4221,0.4089,0.3477,2.34E-05,4.35E-05,5.11E-05
0,1,1,1,0,0,0,1,1,0,1,1,1,0,1,0,0,0,0,0,0,1,0,0,1,45,0.632654017,0.261562679,1.571977799,20000,0.4,6.00E-05,0.007,3000,230000,23000,23000,9000,9000,9000,0.26,0.26,0.26,1.50E-05,1.00E-05,1.00E-05,59222000000,25430000000,23638000000,12776000000,7928200000,8226500000,0.4284,0.4184,0.3313,2.37E-05,4.48E-05,5.31E-05
0,0,0,0,0,1,1,0,0,1,1,0,1,1,1,1,1,0,0,1,0,1,1,0,0,45,0.755520872,0.216950991,1.898158513,20000,0.4,6.00E-05,0.007,3000,230000,23000,23000,9000,9000,9000,0.26,0.26,0.26,1.50E-05,1.00E-05,1.00E-05,61881000000,25596000000,23890000000,13036000000,7863700000,8026200000,0.4357,0.4218,0.3154,2.35E-05,4.48E-05,5.41E-05
1,0,0,0,1,1,0,0,0,1,1,1,0,0,0,0,1,0,0,0,0,0,1,1,0,45,0.738893933,0.119356846,1.730310981,20000,0.4,6.00E-05,0.007,3000,230000,23000,23000,9000,9000,9000,0.26,0.26,0.26,1.50E-05,1.00E-05,1.00E-05,66652000000,25951000000,24129000000,13671000000,7880800000,7953200000,0.4386,0.4197,0.3008,2.25E-05,4.34E-05,5.34E-05
1,0,1,1,1,1,1,1,0,0,0,0,1,1,0,1,0,1,1,0,0,1,0,0,0,45,0.552887234,0.13684328,1.244021522,20000,0.4,6.00E-05,0.007,3000,230000,23000,23000,9000,9000,9000,0.26,0.26,0.26,1.50E-05,1.00E-05,1.00E-05,64278000000,25859000000,23951000000,13615000000,7936800000,8111600000,0.4352,0.4126,0.3113,2.26E-05,4.27E-05,5.21E-05
0,1,0,1,1,0,0,1,1,0,0,1,0,0,1,1,0,0,0,1,0,1,1,0,0,45,0.379088099,0.133096215,0.935117343,20000,0.4,6.00E-05,0.007,3000,230000,23000,23000,9000,9000,9000,0.26,0.26,0.26,1.50E-05,1.00E-05,1.00E-05,59496000000,25399000000,23707000000,12839000000,7922100000,8182100000,0.4333,0.4185,0.325,2.37E-05,4.46E-05,5.34E-05
1,0,0,1,1,0,1,0,1,0,0,0,1,0,1,0,0,0,0,1,0,1,0,1,1,45,0.869595984,0.219213528,2.089173815,20000,0.4,6.00E-05,0.007,3000,230000,23000,23000,9000,9000,9000,0.26,0.26,0.26,1.50E-05,1.00E-05,1.00E-05,63781000000,25647000000,23938000000,13161000000,7902300000,8028700000,0.4362,0.4219,0.3101,2.30E-05,4.42E-05,5.36E-05
1,1,0,1,0,1,0,0,0,0,0,0,0,0,0,1,0,0,0,1,1,0,0,1,0,45,0.37704655,0.186824938,0.932100864,20000,0.4,6.00E-05,0.007,3000,230000,23000,23000,9000,9000,9000,0.26,0.26,0.26,1.50E-05,1.00E-05,1.00E-05,60853000000,25356000000,23556000000,12572000000,7979100000,8231500000,0.4256,0.4244,0.3302,2.34E-05,4.50E-05,5.27E-05
1,1,0,0,0,0,0,0,1,0,1,0,1,1,1,1,1,1,0,1,1,0,0,1,1,45,0.749756261,0.305138917,1.956102443,20000,0.4,6.00E-05,0.007,3000,230000,23000,23000,9000,9000,9000,0.26,0.26,0.26,1.50E-05,1.00E-05,1.00E-05,58201000000,25339000000,23628000000,12583000000,7879900000,8145800000,0.4281,0.4233,0.3322,2.42E-05,4.57E-05,5.42E-05
0,1,0,1,0,1,0,1,0,0,1,1,0,1,0,0,0,0,0,1,0,1,0,0,0,45,0.675299598,0.305686252,1.501989556,20000,0.4,6.00E-05,0.007,3000,230000,23000,23000,9000,9000,9000,0.26,0.26,0.26,1.50E-05,1.00E-05,1.00E-05,60225000000,25392000000,23486000000,12921000000,8086400000,8517400000,0.427,0.4103,0.3382,2.28E-05,4.29E-05,5.07E-05
0,0,0,1,0,0,1,0,0,0,1,0,0,1,1,1,0,1,1,1,1,0,0,1,0,45,0.213288075,0.382369302,0.539067696,20000,0.4,6.00E-05,0.007,3000,230000,23000,23000,9000,9000,9000,0.26,0.26,0.26,1.50E-05,1.00E-05,1.00E-05,41999000000,24132000000,23198000000,10698000000,8579700000,9561800000,0.3441,0.3883,0.43,2.60E-05,4.59E-05,4.43E-05
0,0,1,0,1,1,0,0,1,1,1,1,1,0,1,0,0,0,1,0,1,1,1,0,1,45,0.202034437,0.372704613,0.508343384,20000,0.4,6.00E-05,0.007,3000,230000,23000,23000,9000,9000,9000,0.26,0.26,0.26,1.50E-05,1.00E-05,1.00E-05,33803000000,23889000000,23267000000,10517000000,8688900000,10373000000,0.3272,0.3462,0.4578,2.82E-05,4.47E-05,4.09E-05
0,1,1,0,0,1,1,1,0,0,1,0,0,1,1,0,0,0,0,1,0,1,0,0,1,45,0.875418132,0.373851358,2.283091618,20000,0.4,6.00E-05,0.007,3000,230000,23000,23000,9000,9000,9000,0.26,0.26,0.26,1.50E-05,1.00E-05,1.00E-05,59225000000,25293000000,23641000000,12506000000,7898300000,8126800000,0.4305,0.4262,0.3265,2.40E-05,4.58E-05,5.42E-05
0,1,1,0,0,1,0,0,1,1,0,1,1,0,1,1,1,0,1,0,0,1,0,0,0,45,0.686863386,0.271045239,1.820314906,20000,0.4,6.00E-05,0.007,3000,230000,23000,23000,9000,9000,9000,0.26,0.26,0.26,1.50E-05,1.00E-05,1.00E-05,57260000000,25189000000,23597000000,12430000000,7880300000,8156200000,0.431,0.4247,0.3322,2.44E-05,4.61E-05,5.47E-05
1,0,1,0,1,0,1,1,1,1,1,1,1,0,1,1,1,1,0,1,1,1,0,0,1,45,0.687026129,0.340519219,1.644491002,20000,0.4,6.00E-05,0.007,3000,230000,23000,23000,9000,9000,9000,0.26,0.26,0.26,1.50E-05,1.00E-05,1.00E-05,61570000000,25383000000,23565000000,12689000000,8012800000,8253000000,0.4276,0.4221,0.3279,2.31E-05,4.44E-05,5.22E-05
1,1,1,1,0,0,1,0,0,1,0,0,0,0,1,0,1,1,0,1,1,1,1,1,1,45,0.958242131,0.381201542,2.543833268,20000,0.4,6.00E-05,0.007,3000,230000,23000,23000,9000,9000,9000,0.26,0.26,0.26,1.50E-05,1.00E-05,1.00E-05,58742000000,25262000000,23688000000,12504000000,7864700000,8034100000,0.4335,0.427,0.3228,2.43E-05,4.60E-05,5.47E-05
1,0,0,0,1,0,0,1,0,0,1,1,0,1,1,0,1,1,1,0,0,1,0,1,0,45,0.636463983,0.164658476,1.644689173,20000,0.4,6.00E-05,0.007,3000,230000,23000,23000,9000,9000,9000,0.26,0.26,0.26,1.50E-05,1.00E-05,1.00E-05,60642000000,25480000000,23877000000,12862000000,7839300000,7991000000,0.4357,0.4251,0.3173,2.38E-05,4.55E-05,5.50E-05
1,0,1,1,1,0,0,1,0,0,1,1,0,1,1,0,0,1,1,0,1,0,1,1,1,45,0.545289061,0.328339918,1.272285779,20000,0.4,6.00E-05,0.007,3000,230000,23000,23000,9000,9000,9000,0.26,0.26,0.26,1.50E-05,1.00E-05,1.00E-05,56556000000,25312000000,23321000000,12660000000,8060800000,8522200000,0.416,0.4094,0.3508,2.36E-05,4.38E-05,5.06E-05
1,1,1,0,0,1,0,0,0,1,1,0,1,0,1,1,0,1,0,1,1,0,0,0,0,45,0.924686397,0.236567985,2.149736534,20000,0.4,6.00E-05,0.007,3000,230000,23000,23000,9000,9000,9000,0.26,0.26,0.26,1.50E-05,1.00E-05,1.00E-05,65607000000,25821000000,23980000000,13428000000,7920700000,8022500000,0.4354,0.4201,0.3059,2.26E-05,4.35E-05,5.28E-05
1,1,1,0,0,1,1,1,1,1,1,0,0,1,0,0,0,1,0,0,0,1,1,1,1,45,0.887474439,0.2317973,1.985918289,20000,0.4,6.00E-05,0.007,3000,230000,23000,23000,9000,9000,9000,0.26,0.26,0.26,1.50E-05,1.00E-05,1.00E-05,64891000000,25881000000,23957000000,13627000000,7936400000,8098600000,0.4354,0.413,0.3099,2.25E-05,4.27E-05,5.20E-05
0,0,0,0,0,0,1,1,1,1,0,1,1,0,0,1,1,1,0,1,1,0,1,0,0,45,0.251001475,0.299616379,0.610060298,20000,0.4,6.00E-05,0.007,3000,230000,23000,23000,9000,9000,9000,0.26,0.26,0.26,1.50E-05,1.00E-05,1.00E-05,46242000000,24721000000,22808000000,11730000000,8304900000,9238700000,0.3746,0.3949,0.4115,2.50E-05,4.47E-05,4.75E-05
0,1,1,1,1,0,1,0,0,0,1,0,0,1,1,1,1,1,1,0,0,1,0,0,0,45,0.73642079,0.339209195,1.700926294,20000,0.4,6.00E-05,0.007,3000,230000,23000,23000,9000,9000,9000,0.26,0.26,0.26,1.50E-05,1.00E-05,1.00E-05,58239000000,25509000000,23510000000,13025000000,8010600000,8412300000,0.4226,0.408,0.3413,2.34E-05,4.33E-05,5.11E-05
1,0,1,0,0,1,1,0,1,0,0,0,1,0,1,0,0,1,0,0,1,1,1,0,1,45,0.639559678,0.113239688,1.434826765,20000,0.4,6.00E-05,0.007,3000,230000,23000,23000,9000,9000,9000,0.26,0.26,0.26,1.50E-05,1.00E-05,1.00E-05,66256000000,25941000000,24087000000,13753000000,7917100000,8013700000,0.438,0.4155,0.302,2.24E-05,4.27E-05,5.26E-05
1,0,0,1,1,0,1,1,1,1,1,1,0,1,0,0,1,1,0,1,1,0,1,1,0,45,0.869454121,0.23129998,2.208353077,20000,0.4,6.00E-05,0.007,3000,230000,23000,23000,9000,9000,9000,0.26,0.26,0.26,1.50E-05,1.00E-05,1.00E-05,61209000000,25478000000,23854000000,12859000000,7865800000,8042400000,0.4348,0.4248,0.3186,2.36E-05,4.52E-05,5.47E-05
1,0,1,0,0,0,0,1,1,0,1,1,0,0,1,1,1,1,0,0,0,0,1,0,1,45,0.74427062,0.155758728,1.736826176,20000,0.4,6.00E-05,0.007,3000,230000,23000,23000,9000,9000,9000,0.26,0.26,0.26,1.50E-05,1.00E-05,1.00E-05,65060000000,25838000000,24020000000,13498000000,7902900000,8017700000,0.4363,0.4187,0.3068,2.27E-05,4.35E-05,5.31E-05
1,0,0,0,0,1,1,1,1,0,1,1,1,1,1,1,1,0,1,1,0,1,1,0,1,45,0.711400339,0.358569328,1.810870863,20000,0.4,6.00E-05,0.007,3000,230000,23000,23000,9000,9000,9000,0.26,0.26,0.26,1.50E-05,1.00E-05,1.00E-05,57904000000,25306000000,23510000000,12534000000,7931800000,8268600000,0.4257,0.4203,0.3384,2.40E-05,4.54E-05,5.31E-05
0,1,1,1,0,1,0,1,0,0,1,1,1,0,1,1,0,1,1,0,0,0,0,0,1,45,0.721304082,0.31267068,1.732881376,20000,0.4,6.00E-05,0.007,3000,230000,23000,23000,9000,9000,9000,0.26,0.26,0.26,1.50E-05,1.00E-05,1.00E-05,57926000000,25334000000,23522000000,12754000000,7984800000,8374900000,0.427,0.4133,0.34,2.36E-05,4.42E-05,5.24E-05
1,1,1,1,0,1,1,0,0,0,1,1,1,1,0,0,1,0,0,1,0,0,1,1,0,45,0.672916627,0.137328782,1.488162576,20000,0.4,6.00E-05,0.007,3000,230000,23000,23000,9000,9000,9000,0.26,0.26,0.26,1.50E-05,1.00E-05,1.00E-05,66094000000,25966000000,24056000000,13796000000,7927700000,8053100000,0.4371,0.414,0.3038,2.23E-05,4.25E-05,5.23E-05
0,0,1,0,0,1,0,0,1,0,1,0,0,0,0,1,0,1,1,1,0,0,1,1,1,45,0.909434938,0.190363063,2.100889594,20000,0.4,6.00E-05,0.007,3000,230000,23000,23000,9000,9000,9000,0.26,0.26,0.26,1.50E-05,1.00E-05,1.00E-05,66065000000,25890000000,24051000000,13565000000,7902900000,7991200000,0.437,0.4183,0.303,2.25E-05,4.32E-05,5.29E-05
0,1,0,0,1,0,1,1,0,0,0,1,1,1,0,0,0,0,1,1,0,1,0,0,1,45,0.43127547,0.31737188,1.166996582,20000,0.4,6.00E-05,0.007,3000,230000,23000,23000,9000,9000,9000,0.26,0.26,0.26,1.50E-05,1.00E-05,1.00E-05,55762000000,24822000000,23171000000,11798000000,8059000000,8403800000,0.4161,0.4336,0.3471,2.47E-05,4.70E-05,5.34E-05
1,1,1,0,1,1,0,0,1,0,0,0,1,1,0,1,0,0,0,1,1,1,1,0,1,45,0.826538737,0.392178315,1.900561451,20000,0.4,6.00E-05,0.007,3000,230000,23000,23000,9000,9000,9000,0.26,0.26,0.26,1.50E-05,1.00E-05,1.00E-05,60582000000,25518000000,23535000000,12975000000,8047200000,8434900000,0.4239,0.4134,0.3356,2.30E-05,4.34E-05,5.11E-05
0,1,0,0,0,1,0,0,0,0,1,0,0,1,1,1,1,1,0,0,1,0,0,1,1,45,0.403496011,0.210300356,0.906930539,20000,0.4,6.00E-05,0.007,3000,230000,23000,23000,9000,9000,9000,0.26,0.26,0.26,1.50E-05,1.00E-05,1.00E-05,56741000000,25450000000,23361000000,12984000000,8078500000,8621700000,0.4178,0.4026,0.3542,2.32E-05,4.29E-05,5.02E-05
0,0,0,1,1,0,1,0,1,1,1,1,1,0,0,1,1,1,1,1,1,0,0,0,1,45,0.948487147,0.155420614,2.225505019,20000,0.4,6.00E-05,0.007,3000,230000,23000,23000,9000,9000,9000,0.26,0.26,0.26,1.50E-05,1.00E-05,1.00E-05,65762000000,25902000000,24118000000,13620000000,7872800000,7943800000,0.4387,0.4191,0.3019,2.27E-05,4.35E-05,5.36E-05
0,1,0,1,0,1,1,0,1,0,1,1,0,0,0,1,1,0,1,0,1,0,1,1,0,45,0.936216473,0.26178025,2.307378531,20000,0.4,6.00E-05,0.007,3000,230000,23000,23000,9000,9000,9000,0.26,0.26,0.26,1.50E-05,1.00E-05,1.00E-05,63514000000,25550000000,23887000000,12947000000,7898400000,8002900000,0.435,0.4258,0.3113,2.32E-05,4.47E-05,5.40E-05
0,0,0,0,0,1,0,0,0,0,0,0,1,0,1,0,0,0,0,0,1,1,1,1,1,60,0.568298053,0.196400895,1.48403352,20000,0.4,6.00E-05,0.007,3000,230000,23000,23000,9000,9000,9000,0.26,0.26,0.26,1.50E-05,1.00E-05,1.00E-05,80777000000,23581000000,23634000000,13793000000,8081000000,8420100000,0.4627,0.3949,0.2947,1.98E-05,4.06E-05,4.52E-05
0,1,1,1,1,1,0,0,1,0,1,1,1,1,1,0,0,0,0,1,1,0,1,0,0,60,0.275919501,0.180857676,0.744389902,20000,0.4,6.00E-05,0.007,3000,230000,23000,23000,9000,9000,9000,0.26,0.26,0.26,1.50E-05,1.00E-05,1.00E-05,69248000000,23411000000,23144000000,12718000000,8152000000,9193500000,0.429,0.3907,0.3647,2.05E-05,4.19E-05,4.48E-05
0,1,1,0,1,0,0,0,1,0,1,1,1,1,0,1,0,0,0,0,0,1,1,0,1,60,0.636794812,0.150032519,1.674798402,20000,0.4,6.00E-05,0.007,3000,230000,23000,23000,9000,9000,9000,0.26,0.26,0.26,1.50E-05,1.00E-05,1.00E-05,82584000000,23552000000,23756000000,13847000000,8065800000,8292100000,0.4696,0.3999,0.2792,1.98E-05,4.10E-05,4.62E-05
0,1,1,0,0,0,0,1,1,1,1,0,0,0,0,0,0,1,1,1,0,1,1,1,0,60,0.879976993,0.192208046,2.387953455,20000,0.4,6.00E-05,0.007,3000,230000,23000,23000,9000,9000,9000,0.26,0.26,0.26,1.50E-05,1.00E-05,1.00E-05,81752000000,23545000000,23777000000,13802000000,8030900000,8195200000,0.4717,0.4038,0.2775,2.00E-05,4.18E-05,4.71E-05
0,0,0,0,1,1,1,0,1,0,1,1,1,0,0,1,0,1,0,0,0,1,1,0,1,60,0.900302568,0.197291685,2.205767784,20000,0.4,6.00E-05,0.007,3000,230000,23000,23000,9000,9000,9000,0.26,0.26,0.26,1.50E-05,1.00E-05,1.00E-05,85300000000,23599000000,23782000000,14200000000,8119000000,8346800000,0.4712,0.3925,0.2728,1.94E-05,3.93E-05,4.47E-05
0,0,1,0,0,1,1,0,0,0,0,0,0,0,0,1,0,1,0,1,0,0,1,1,1,60,0.27475275,0.19233867,0.729200757,20000,0.4,6.00E-05,0.007,3000,230000,23000,23000,9000,9000,9000,0.26,0.26,0.26,1.50E-05,1.00E-05,1.00E-05,73237000000,23482000000,23210000000,12923000000,8180500000,9060700000,0.4341,0.3916,0.3496,2.01E-05,4.13E-05,4.40E-05
1,0,1,0,0,1,0,0,1,0,1,1,1,1,0,1,1,0,1,0,0,0,0,0,1,60,0.821020888,0.162219404,2.034291865,20000,0.4,6.00E-05,0.007,3000,230000,23000,23000,9000,9000,9000,0.26,0.26,0.26,1.50E-05,1.00E-05,1.00E-05,86250000000,23627000000,23813000000,14287000000,8110200000,8305900000,0.4719,0.3936,0.2707,1.93E-05,3.94E-05,4.48E-05
0,0,1,0,0,1,0,1,1,1,0,1,1,1,1,1,1,0,1,1,0,1,1,1,1,60,0.738762643,0.298839572,2.095872029,20000,0.4,6.00E-05,0.007,3000,230000,23000,23000,9000,9000,9000,0.26,0.26,0.26,1.50E-05,1.00E-05,1.00E-05,75735000000,23451000000,23526000000,13146000000,8023800000,8401000000,0.4621,0.409,0.2994,2.06E-05,4.36E-05,4.77E-05
0,0,1,1,1,0,1,1,1,1,1,1,1,1,0,0,0,1,1,0,0,1,1,1,0,60,0.278115449,0.399245405,0.669977944,20000,0.4,6.00E-05,0.007,3000,230000,23000,23000,9000,9000,9000,0.26,0.26,0.26,1.50E-05,1.00E-05,1.00E-05,68679000000,23491000000,23621000000,12202000000,8549400000,10377000000,0.3709,0.3675,0.4179,1.95E-05,3.84E-05,3.79E-05
0,1,1,1,0,0,0,1,1,0,1,1,1,1,0,1,0,1,0,0,1,1,0,1,0,60,0.502147527,0.146343971,1.232042269,20000,0.4,6.00E-05,0.007,3000,230000,23000,23000,9000,9000,9000,0.26,0.26,0.26,1.50E-05,1.00E-05,1.00E-05,85590000000,23620000000,23702000000,14121000000,8147600000,8464300000,0.4667,0.3916,0.2795,1.93E-05,3.92E-05,4.40E-05
1,1,1,1,0,1,1,1,0,1,0,1,1,1,1,0,1,0,1,0,1,1,1,0,1,60,0.945083024,0.314128355,2.400363066,20000,0.4,6.00E-05,0.007,3000,230000,23000,23000,9000,9000,9000,0.26,0.26,0.26,1.50E-05,1.00E-05,1.00E-05,82449000000,23555000000,23639000000,13738000000,8123100000,8473500000,0.4648,0.3945,0.2876,1.96E-05,4.01E-05,4.47E-05
1,1,0,0,0,1,0,1,0,0,0,1,1,0,0,0,0,0,0,1,1,1,0,1,1,60,0.680732335,0.327160703,1.667693602,20000,0.4,6.00E-05,0.007,3000,230000,23000,23000,9000,9000,9000,0.26,0.26,0.26,1.50E-05,1.00E-05,1.00E-05,80455000000,23554000000,23435000000,13538000000,8212700000,8959700000,0.4494,0.3879,0.3158,1.95E-05,3.93E-05,4.30E-05
0,0,0,0,1,1,1,1,0,0,1,0,1,0,1,0,1,0,0,1,0,0,0,1,0,60,0.282381611,0.376353527,0.726762245,20000,0.4,6.00E-05,0.007,3000,230000,23000,23000,9000,9000,9000,0.26,0.26,0.26,1.50E-05,1.00E-05,1.00E-05,56112000000,23336000000,23014000000,11505000000,8470900000,10653000000,0.35,0.3589,0.4754,2.08E-05,4.03E-05,3.94E-05
0,0,1,0,0,1,1,0,0,0,1,0,1,0,1,0,0,0,0,0,0,0,0,1,0,60,0.783239835,0.24991001,1.963546208,20000,0.4,6.00E-05,0.007,3000,230000,23000,23000,9000,9000,9000,0.26,0.26,0.26,1.50E-05,1.00E-05,1.00E-05,83195000000,23584000000,23661000000,13891000000,8119500000,8440300000,0.4664,0.3928,0.2857,1.95E-05,3.98E-05,4.45E-05
0,1,0,0,1,0,0,0,1,0,0,0,1,1,1,1,1,0,0,1,0,0,0,0,0,60,0.6366006,0.363071054,1.695492385,20000,0.4,6.00E-05,0.007,3000,230000,23000,23000,9000,9000,9000,0.26,0.26,0.26,1.50E-05,1.00E-05,1.00E-05,74540000000,23462000000,23339000000,13026000000,8133900000,8845100000,0.4461,0.3942,0.3291,2.02E-05,4.15E-05,4.48E-05
1,0,1,1,1,0,1,0,0,0,0,1,0,1,0,1,0,0,0,0,0,1,1,1,0,60,0.926917319,0.146321723,2.512676454,20000,0.4,6.00E-05,0.007,3000,230000,23000,23000,9000,9000,9000,0.26,0.26,0.26,1.50E-05,1.00E-05,1.00E-05,82112000000,23539000000,23840000000,13869000000,8017400000,8128300000,0.4749,0.4045,0.2729,2.00E-05,4.19E-05,4.75E-05
0,1,0,0,0,0,1,1,1,1,1,0,1,1,0,0,0,1,0,1,0,1,1,1,0,60,0.954907514,0.281297723,2.344616243,20000,0.4,6.00E-05,0.007,3000,230000,23000,23000,9000,9000,9000,0.26,0.26,0.26,1.50E-05,1.00E-05,1.00E-05,82866000000,23568000000,23669000000,13923000000,8134300000,8517300000,0.4645,0.3917,0.2871,1.95E-05,3.95E-05,4.44E-05
1,0,1,1,0,1,1,1,1,1,0,0,1,0,1,1,0,1,0,1,0,1,1,0,1,60,0.811245234,0.231280185,2.047753115,20000,0.4,6.00E-05,0.007,3000,230000,23000,23000,9000,9000,9000,0.26,0.26,0.26,1.50E-05,1.00E-05,1.00E-05,83442000000,23565000000,23691000000,13853000000,8119500000,8440800000,0.4657,0.3955,0.2837,1.96E-05,4.00E-05,4.50E-05
1,1,1,1,0,1,1,0,0,0,1,1,1,0,1,0,0,0,1,0,1,1,0,1,0,60,0.647707542,0.188078888,1.78846545,20000,0.4,6.00E-05,0.007,3000,230000,23000,23000,9000,9000,9000,0.26,0.26,0.26,1.50E-05,1.00E-05,1.00E-05,80345000000,23517000000,23683000000,13524000000,8037100000,8270500000,0.4676,0.4056,0.285,2.01E-05,4.23E-05,4.71E-05
0,1,1,1,0,1,1,0,1,1,0,1,1,0,1,0,1,0,0,0,1,1,0,1,0,60,0.874953501,0.198949229,2.14822342,20000,0.4,6.00E-05,0.007,3000,230000,23000,23000,9000,9000,9000,0.26,0.26,0.26,1.50E-05,1.00E-05,1.00E-05,85706000000,23617000000,23776000000,14234000000,8123100000,8344500000,0.4709,0.3917,0.2729,1.93E-05,3.92E-05,4.44E-05
0,0,0,0,1,0,1,0,0,0,0,0,0,0,1,1,1,0,1,1,0,0,0,1,1,60,0.707723723,0.134993422,1.981009277,20000,0.4,6.00E-05,0.007,3000,230000,23000,23000,9000,9000,9000,0.26,0.26,0.26,1.50E-05,1.00E-05,1.00E-05,81097000000,23528000000,23800000000,13738000000,7999700000,8093800000,0.4747,0.4082,0.2734,2.01E-05,4.26E-05,4.80E-05
0,1,0,1,0,1,0,0,1,1,0,0,1,1,0,1,1,0,1,0,1,0,1,0,1,60,0.723622635,0.165025003,2.072729355,20000,0.4,6.00E-05,0.007,3000,230000,23000,23000,9000,9000,9000,0.26,0.26,0.26,1.50E-05,1.00E-05,1.00E-05,74100000000,23370000000,23667000000,13130000000,7947100000,8157200000,0.471,0.4151,0.2877,2.10E-05,4.48E-05,4.98E-05
1,0,1,0,1,1,0,1,0,1,0,0,1,1,1,0,0,0,0,0,1,0,1,1,0,60,0.414626173,0.226089069,1.004845597,20000,0.4,6.00E-05,0.007,3000,230000,23000,23000,9000,9000,9000,0.26,0.26,0.26,1.50E-05,1.00E-05,1.00E-05,80308000000,23545000000,23371000000,13445000000,8253600000,8990900000,0.4409,0.3877,0.324,1.94E-05,3.90E-05,4.24E-05
1,1,0,0,1,1,1,1,1,0,1,0,0,0,0,0,0,0,1,1,0,0,1,1,1,60,0.586864342,0.3241582,1.598143757,20000,0.4,6.00E-05,0.007,3000,230000,23000,23000,9000,9000,9000,0.26,0.26,0.26,1.50E-05,1.00E-05,1.00E-05,74444000000,23462000000,23354000000,13061000000,8112400000,8830300000,0.4485,0.3976,0.3266,2.03E-05,4.20E-05,4.55E-05
0,1,0,1,1,1,0,0,1,0,1,0,1,0,1,0,1,1,1,0,0,1,0,0,0,60,0.604176786,0.370644243,1.637368297,20000,0.4,6.00E-05,0.007,3000,230000,23000,23000,9000,9000,9000,0.26,0.26,0.26,1.50E-05,1.00E-05,1.00E-05,72187000000,23372000000,23183000000,12585000000,8164600000,9112500000,0.4346,0.3988,0.3479,2.05E-05,4.22E-05,4.53E-05
0,1,0,0,0,1,0,1,1,0,0,1,0,0,1,0,0,1,1,1,1,1,1,0,1,60,0.218631214,0.124996463,0.524052611,20000,0.4,6.00E-05,0.007,3000,230000,23000,23000,9000,9000,9000,0.26,0.26,0.26,1.50E-05,1.00E-05,1.00E-05,72430000000,23430000000,23177000000,13003000000,8255200000,9359300000,0.43,0.3781,0.3611,1.97E-05,3.90E-05,4.22E-05
1,1,1,0,1,1,0,1,0,1,0,1,1,1,1,0,0,0,1,1,0,0,1,1,0,60,0.661575127,0.335161922,1.845193748,20000,0.4,6.00E-05,0.007,3000,230000,23000,23000,9000,9000,9000,0.26,0.26,0.26,1.50E-05,1.00E-05,1.00E-05,74537000000,23414000000,23397000000,12912000000,8076000000,8646500000,0.453,0.4055,0.316,2.06E-05,4.31E-05,4.68E-05
1,1,1,0,1,0,0,1,1,0,1,0,0,0,1,0,0,0,0,1,0,0,1,0,0,60,0.953291664,0.228919804,2.419126213,20000,0.4,6.00E-05,0.007,3000,230000,23000,23000,9000,9000,9000,0.26,0.26,0.26,1.50E-05,1.00E-05,1.00E-05,84433000000,23611000000,23756000000,14121000000,8102300000,8334800000,0.4699,0.3939,0.2769,1.95E-05,3.98E-05,4.49E-05
0,1,1,1,0,1,0,1,0,0,0,1,0,0,1,1,1,1,0,1,0,0,0,0,0,60,0.661210252,0.327704818,1.864477249,20000,0.4,6.00E-05,0.007,3000,230000,23000,23000,9000,9000,9000,0.26,0.26,0.26,1.50E-05,1.00E-05,1.00E-05,71899000000,23383000000,23360000000,12788000000,8048300000,8659700000,0.4509,0.4053,0.3241,2.08E-05,4.37E-05,4.74E-05
1,1,0,1,1,0,1,1,1,0,1,0,0,1,0,0,1,1,1,0,0,0,0,1,1,60,0.490749069,0.218100616,1.226662776,20000,0.4,6.00E-05,0.007,3000,230000,23000,23000,9000,9000,9000,0.26,0.26,0.26,1.50E-05,1.00E-05,1.00E-05,80385000000,23576000000,23476000000,13631000000,8188700000,8839900000,0.4505,0.3893,0.313,1.95E-05,3.96E-05,4.35E-05
1,0,1,0,0,0,0,1,1,0,0,1,0,0,1,0,1,1,1,0,0,1,1,1,1,60,0.347591865,0.214338595,0.855239766,20000,0.4,6.00E-05,0.007,3000,230000,23000,23000,9000,9000,9000,0.26,0.26,0.26,1.50E-05,1.00E-05,1.00E-05,75009000000,23504000000,23202000000,13074000000,8270600000,9335300000,0.4282,0.3838,0.356,1.97E-05,3.95E-05,4.23E-05
0,1,1,0,1,1,1,1,0,1,1,1,0,1,0,0,1,0,0,0,0,1,0,1,1,60,0.435986474,0.198248864,1.076565758,20000,0.4,6.00E-05,0.007,3000,230000,23000,23000,9000,9000,9000,0.26,0.26,0.26,1.50E-05,1.00E-05,1.00E-05,81780000000,23546000000,23453000000,13480000000,8216800000,8870400000,0.4495,0.3918,0.3109,1.95E-05,3.95E-05,4.34E-05
1,1,1,0,0,0,0,0,1,1,0,1,1,0,0,0,0,0,1,1,0,0,1,0,0,60,0.94720699,0.399679565,2.621307927,20000,0.4,6.00E-05,0.007,3000,230000,23000,23000,9000,9000,9000,0.26,0.26,0.26,1.50E-05,1.00E-05,1.00E-05,74289000000,23449000000,23475000000,13210000000,8052700000,8555800000,0.456,0.4016,0.3133,2.06E-05,4.27E-05,4.69E-05
1,1,0,0,0,0,0,1,0,1,1,0,1,1,0,0,0,0,1,0,1,1,1,0,1,60,0.805022348,0.176863261,2.215341416,20000,0.4,6.00E-05,0.007,3000,230000,23000,23000,9000,9000,9000,0.26,0.26,0.26,1.50E-05,1.00E-05,1.00E-05,79754000000,23495000000,23747000000,13569000000,8016600000,8214000000,0.471,0.4062,0.2816,2.02E-05,4.24E-05,4.77E-05
1,0,1,1,0,1,1,1,0,0,0,1,0,0,1,0,0,1,0,0,1,1,0,1,1,60,0.779944786,0.376684061,2.055761483,20000,0.4,6.00E-05,0.007,3000,230000,23000,23000,9000,9000,9000,0.26,0.26,0.26,1.50E-05,1.00E-05,1.00E-05,75100000000,23428000000,23375000000,13019000000,8128900000,8852800000,0.4476,0.3959,0.3262,2.02E-05,4.14E-05,4.53E-05
1,1,0,0,1,1,1,1,0,0,1,0,0,1,1,0,1,1,1,0,1,0,0,1,0,60,0.812122197,0.22237488,2.066695804,20000,0.4,6.00E-05,0.007,3000,230000,23000,23000,9000,9000,9000,0.26,0.26,0.26,1.50E-05,1.00E-05,1.00E-05,82465000000,23570000000,23700000000,13914000000,8105700000,8438700000,0.4669,0.3945,0.2848,1.97E-05,4.01E-05,4.51E-05
1,0,0,0,1,1,0,0,0,1,1,1,0,0,1,0,1,1,0,0,0,1,1,1,0,60,0.734051537,0.181786333,1.820307646,20000,0.4,6.00E-05,0.007,3000,230000,23000,23000,9000,9000,9000,0.26,0.26,0.26,1.50E-05,1.00E-05,1.00E-05,87319000000,23665000000,23774000000,14384000000,8131500000,8393000000,0.4718,0.391,0.2714,1.92E-05,3.90E-05,4.40E-05
1,1,0,0,0,1,1,1,1,0,0,0,0,1,1,0,0,1,1,1,0,0,1,0,0,60,0.857999657,0.396370215,2.374897604,20000,0.4,6.00E-05,0.007,3000,230000,23000,23000,9000,9000,9000,0.26,0.26,0.26,1.50E-05,1.00E-05,1.00E-05,76810000000,23485000000,23485000000,13230000000,8063000000,8539000000,0.4579,0.4036,0.3072,2.03E-05,4.26E-05,4.65E-05
1,0,1,0,1,1,1,0,0,0,1,1,1,1,0,1,0,1,1,0,1,1,0,1,1,60,0.715257724,0.186664859,2.048341992,20000,0.4,6.00E-05,0.007,3000,230000,23000,23000,9000,9000,9000,0.26,0.26,0.26,1.50E-05,1.00E-05,1.00E-05,75736000000,23423000000,23655000000,13229000000,7968000000,8175900000,0.471,0.4144,0.2853,2.08E-05,4.44E-05,4.92E-05
0,1,1,1,1,0,1,1,1,0,1,0,0,1,1,1,1,1,0,1,1,0,0,0,0,60,0.381447479,0.370494832,1.073762252,20000,0.4,6.00E-05,0.007,3000,230000,23000,23000,9000,9000,9000,0.26,0.26,0.26,1.50E-05,1.00E-05,1.00E-05,61618000000,23378000000,22847000000,12173000000,8182400000,9667500000,0.4056,0.388,0.4069,2.12E-05,4.35E-05,4.46E-05
1,1,0,0,0,1,0,1,0,1,0,1,1,1,0,1,1,1,0,1,1,1,0,0,0,60,0.801081784,0.326429553,2.002096843,20000,0.4,6.00E-05,0.007,3000,230000,23000,23000,9000,9000,9000,0.26,0.26,0.26,1.50E-05,1.00E-05,1.00E-05,80836000000,23540000000,23527000000,13586000000,8163500000,8673000000,0.4585,0.3913,0.3008,1.96E-05,3.98E-05,4.40E-05
1,0,0,0,1,0,1,0,0,1,1,0,1,0,1,0,0,0,0,1,1,0,1,1,0,60,0.716819382,0.34181849,2.042478924,20000,0.4,6.00E-05,0.007,3000,230000,23000,23000,9000,9000,9000,0.26,0.26,0.26,1.50E-05,1.00E-05,1.00E-05,71603000000,23346000000,23349000000,12666000000,8037600000,8619200000,0.4523,0.4113,0.3198,2.10E-05,4.45E-05,4.82E-05
0,1,0,0,1,1,1,1,0,0,1,1,0,1,1,1,0,0,1,0,0,1,0,1,1,60,0.465790263,0.297427028,1.182084356,20000,0.4,6.00E-05,0.007,3000,230000,23000,23000,9000,9000,9000,0.26,0.26,0.26,1.50E-05,1.00E-05,1.00E-05,75234000000,23441000000,23196000000,12918000000,8261200000,9250700000,0.43,0.3907,0.35,1.99E-05,4.02E-05,4.32E-05
1,1,0,0,1,1,0,0,0,1,1,0,1,1,1,0,0,1,0,0,1,0,1,0,1,60,0.759059994,0.151378427,1.857427856,20000,0.4,6.00E-05,0.007,3000,230000,23000,23000,9000,9000,9000,0.26,0.26,0.26,1.50E-05,1.00E-05,1.00E-05,87071000000,23646000000,23818000000,14412000000,8118200000,8268100000,0.4737,0.3913,0.2669,1.92E-05,3.90E-05,4.43E-05
0,1,1,1,0,1,1,1,1,0,0,0,1,0,0,0,1,1,1,1,0,0,0,0,1,60,0.364923761,0.316187426,0.871006508,20000,0.4,6.00E-05,0.007,3000,230000,23000,23000,9000,9000,9000,0.26,0.26,0.26,1.50E-05,1.00E-05,1.00E-05,69064000000,23540000000,23077000000,12939000000,8337700000,9865500000,0.4029,0.3666,0.4044,1.96E-05,3.84E-05,4.01E-05
0,1,1,1,1,0,0,1,0,0,0,0,1,1,0,0,0,0,1,1,1,1,0,0,0,60,0.436229121,0.370443436,1.102522537,20000,0.4,6.00E-05,0.007,3000,230000,23000,23000,9000,9000,9000,0.26,0.26,0.26,1.50E-05,1.00E-05,1.00E-05,70330000000,23564000000,23068000000,13026000000,8317200000,9802500000,0.4094,0.377,0.3936,1.98E-05,3.97E-05,4.15E-05
1,0,0,0,0,0,1,0,1,0,0,1,1,0,0,1,1,1,0,1,1,1,1,0,0,60,0.992672283,0.284194717,2.835839887,20000,0.4,6.00E-05,0.007,3000,230000,23000,23000,9000,9000,9000,0.26,0.26,0.26,1.50E-05,1.00E-05,1.00E-05,76197000000,23449000000,23633000000,13274000000,7976000000,8185300000,0.4702,0.4141,0.2855,2.07E-05,4.43E-05,4.88E-05
0,1,0,0,1,0,1,1,0,1,1,1,0,1,0,0,0,0,1,0,0,0,0,1,1,60,0.965988862,0.395231849,2.66992499,20000,0.4,6.00E-05,0.007,3000,230000,23000,23000,9000,9000,9000,0.26,0.26,0.26,1.50E-05,1.00E-05,1.00E-05,78605000000,23476000000,23519000000,13169000000,8083300000,8542000000,0.458,0.4066,0.3016,2.03E-05,4.25E-05,4.67E-05
1,1,0,0,1,0,0,0,1,1,0,0,0,1,1,1,1,0,1,1,1,0,0,0,1,60,0.325553119,0.391275999,0.813148542,20000,0.4,6.00E-05,0.007,3000,230000,23000,23000,9000,9000,9000,0.26,0.26,0.26,1.50E-05,1.00E-05,1.00E-05,71130000000,23495000000,23234000000,12473000000,8427600000,9985400000,0.3938,0.3794,0.3997,1.96E-05,3.97E-05,4.01E-05
1,1,0,0,0,0,0,0,0,0,1,1,1,0,0,0,0,0,1,0,0,0,0,1,1,60,0.92203772,0.166853956,2.271030191,20000,0.4,6.00E-05,0.007,3000,230000,23000,23000,9000,9000,9000,0.26,0.26,0.26,1.50E-05,1.00E-05,1.00E-05,87523000000,23676000000,23837000000,14546000000,8115400000,8262700000,0.4743,0.3901,0.2665,1.92E-05,3.89E-05,4.42E-05
1,0,0,1,1,1,1,1,0,1,0,1,1,1,1,1,1,1,1,0,1,1,0,1,1,60,0.840686668,0.327248254,2.369402737,20000,0.4,6.00E-05,0.007,3000,230000,23000,23000,9000,9000,9000,0.26,0.26,0.26,1.50E-05,1.00E-05,1.00E-05,76938000000,23460000000,23569000000,13247000000,8022400000,8358100000,0.465,0.4092,0.2939,2.05E-05,4.34E-05,4.77E-05
0,1,1,1,0,1,1,0,0,0,1,1,0,0,0,1,0,0,0,1,0,0,0,0,1,60,0.652998735,0.27975932,1.796076385,20000,0.4,6.00E-05,0.007,3000,230000,23000,23000,9000,9000,9000,0.26,0.26,0.26,1.50E-05,1.00E-05,1.00E-05,78281000000,23483000000,23537000000,13284000000,8061200000,8430200000,0.4625,0.4042,0.2969,2.02E-05,4.24E-05,4.65E-05
1,1,0,0,0,0,1,1,1,0,0,1,1,0,0,1,0,1,0,1,0,0,0,1,0,60,0.512800521,0.39392191,1.429424502,20000,0.4,6.00E-05,0.007,3000,230000,23000,23000,9000,9000,9000,0.26,0.26,0.26,1.50E-05,1.00E-05,1.00E-05,68431000000,23394000000,23064000000,12481000000,8175900000,9320600000,0.4258,0.3976,0.3675,2.08E-05,4.31E-05,4.53E-05
1,0,1,0,0,1,1,1,1,1,0,0,0,1,0,0,0,1,1,0,1,0,0,0,0,60,0.421324255,0.11884876,1.153601466,20000,0.4,6.00E-05,0.007,3000,230000,23000,23000,9000,9000,9000,0.26,0.26,0.26,1.50E-05,1.00E-05,1.00E-05,81362000000,23542000000,23709000000,13664000000,8042600000,8251600000,0.4691,0.4036,0.2822,2.00E-05,4.18E-05,4.67E-05
1,0,0,1,1,0,0,0,1,0,1,0,1,1,0,1,1,0,1,1,1,1,1,1,1,60,0.5033487,0.253193513,1.41675667,20000,0.4,6.00E-05,0.007,3000,230000,23000,23000,9000,9000,9000,0.26,0.26,0.26,1.50E-05,1.00E-05,1.00E-05,75376000000,23455000000,23452000000,13094000000,8050600000,8473800000,0.4581,0.4078,0.306,2.06E-05,4.34E-05,4.71E-05
1,1,1,0,0,1,0,0,0,0,0,0,1,1,1,1,0,0,1,0,1,1,0,0,1,60,0.955288145,0.169079628,2.303963783,20000,0.4,6.00E-05,0.007,3000,230000,23000,23000,9000,9000,9000,0.26,0.26,0.26,1.50E-05,1.00E-05,1.00E-05,87112000000,23657000000,23842000000,14548000000,8122900000,8299500000,0.4741,0.3895,0.2669,1.92E-05,3.87E-05,4.42E-05
0,1,0,1,1,0,1,0,1,0,0,1,1,0,0,1,0,1,1,1,1,0,1,0,0,60,0.630375141,0.113965024,1.676173719,20000,0.4,6.00E-05,0.007,3000,230000,23000,23000,9000,9000,9000,0.26,0.26,0.26,1.50E-05,1.00E-05,1.00E-05,83009000000,23551000000,23817000000,13875000000,8042800000,8199000000,0.4727,0.4023,0.2743,1.98E-05,4.13E-05,4.69E-05
1,0,1,1,1,1,0,0,0,0,0,0,0,1,1,0,1,1,0,0,1,1,1,0,1,60,0.414452259,0.100556305,1.17689253,20000,0.4,6.00E-05,0.007,3000,230000,23000,23000,9000,9000,9000,0.26,0.26,0.26,1.50E-05,1.00E-05,1.00E-05,77061000000,23460000000,23703000000,13450000000,7980600000,8154300000,0.4721,0.4106,0.2827,2.06E-05,4.36E-05,4.86E-05
0,0,1,1,1,0,1,0,0,1,0,0,0,0,0,1,0,1,0,1,0,1,1,0,0,60,0.382453513,0.279706205,0.974070428,20000,0.4,6.00E-05,0.007,3000,230000,23000,23000,9000,9000,9000,0.26,0.26,0.26,1.50E-05,1.00E-05,1.00E-05,71692000000,23492000000,23129000000,12876000000,8260200000,9459400000,0.4195,0.3835,0.3742,1.99E-05,4.03E-05,4.26E-05
0,0,0,0,1,1,0,0,1,0,0,1,1,0,1,1,0,1,0,0,0,0,0,0,1,60,0.883680428,0.255646632,2.456095238,20000,0.4,6.00E-05,0.007,3000,230000,23000,23000,9000,9000,9000,0.26,0.26,0.26,1.50E-05,1.00E-05,1.00E-05,77682000000,23445000000,23658000000,13342000000,8020900000,8298400000,0.4674,0.4075,0.2891,2.04E-05,4.29E-05,4.79E-05
0,0,1,0,1,1,1,0,1,0,0,0,1,0,0,0,1,1,0,1,1,0,0,0,0,60,0.442436228,0.375083412,1.173689015,20000,0.4,6.00E-05,0.007,3000,230000,23000,23000,9000,9000,9000,0.26,0.26,0.26,1.50E-05,1.00E-05,1.00E-05,62440000000,23230000000,22791000000,11920000000,8257500000,9715200000,0.4014,0.3819,0.4139,2.08E-05,4.16E-05,4.32E-05
1,1,1,0,0,1,0,1,0,0,0,0,0,0,0,0,0,1,0,0,0,0,1,1,1,60,0.597592135,0.323527082,1.524545702,20000,0.4,6.00E-05,0.007,3000,230000,23000,23000,9000,9000,9000,0.26,0.26,0.26,1.50E-05,1.00E-05,1.00E-05,79890000000,23575000000,23441000000,13550000000,8174900000,8791200000,0.45,0.3922,0.3146,1.96E-05,4.02E-05,4.37E-05
0,0,0,1,0,1,0,0,0,0,0,0,0,1,1,1,1,1,1,0,1,0,1,1,0,60,0.517524637,0.254363569,1.264172426,20000,0.4,6.00E-05,0.007,3000,230000,23000,23000,9000,9000,9000,0.26,0.26,0.26,1.50E-05,1.00E-05,1.00E-05,79486000000,23552000000,23430000000,13628000000,8212300000,8878300000,0.4478,0.3874,0.3168,1.95E-05,3.93E-05,4.30E-05
1,0,0,1,0,0,0,1,0,1,1,0,1,1,0,0,1,0,1,1,1,0,1,0,1,60,0.228906904,0.314345966,0.652463334,20000,0.4,6.00E-05,0.007,3000,230000,23000,23000,9000,9000,9000,0.26,0.26,0.26,1.50E-05,1.00E-05,1.00E-05,48155000000,23076000000,22374000000,10630000000,8417800000,10673000000,0.3318,0.3729,0.5048,2.27E-05,4.41E-05,4.18E-05
0,0,0,1,1,0,1,0,1,0,1,1,0,0,1,1,1,0,0,1,0,1,0,1,0,60,0.361087103,0.316264708,0.885120622,20000,0.4,6.00E-05,0.007,3000,230000,23000,23000,9000,9000,9000,0.26,0.26,0.26,1.50E-05,1.00E-05,1.00E-05,72657000000,23440000000,23089000000,12644000000,8406800000,9804100000,0.4075,0.3826,0.3824,1.96E-05,3.93E-05,4.09E-05
0,1,0,0,1,1,1,0,1,0,1,1,1,0,0,0,1,0,0,0,0,0,1,0,0,60,0.417507703,0.290839752,1.073685059,20000,0.4,6.00E-05,0.007,3000,230000,23000,23000,9000,9000,9000,0.26,0.26,0.26,1.50E-05,1.00E-05,1.00E-05,73267000000,23394000000,23157000000,12655000000,8233500000,9236700000,0.4304,0.3905,0.3551,2.00E-05,4.07E-05,4.34E-05
1,1,1,1,0,0,1,0,0,0,1,0,0,1,1,0,1,0,1,1,0,0,1,1,0,60,0.255542269,0.306812607,0.608810937,20000,0.4,6.00E-05,0.007,3000,230000,23000,23000,9000,9000,9000,0.26,0.26,0.26,1.50E-05,1.00E-05,1.00E-05,58649000000,23381000000,23063000000,11970000000,8506300000,10643000000,0.361,0.3497,0.4661,2.01E-05,3.81E-05,3.79E-05
0,1,1,1,0,0,0,1,0,0,0,1,1,0,0,0,0,0,1,1,1,0,0,1,0,60,0.470557653,0.303819852,1.134235212,20000,0.4,6.00E-05,0.007,3000,230000,23000,23000,9000,9000,9000,0.26,0.26,0.26,1.50E-05,1.00E-05,1.00E-05,76649000000,23524000000,23243000000,13251000000,8297300000,9386100000,0.4322,0.3817,0.349,1.94E-05,3.89E-05,4.17E-05
0,0,1,0,0,0,0,0,0,0,1,0,1,1,1,0,1,1,0,0,0,1,0,0,0,60,0.224517503,0.127440549,0.582222724,20000,0.4,6.00E-05,0.007,3000,230000,23000,23000,9000,9000,9000,0.26,0.26,0.26,1.50E-05,1.00E-05,1.00E-05,77090000000,23533000000,23397000000,13331000000,8149600000,8806900000,0.45,0.3912,0.3215,1.99E-05,4.07E-05,4.40E-05
0,1,0,1,0,0,1,0,1,0,1,0,0,0,1,1,0,0,0,1,0,0,1,0,1,60,0.295876508,0.312809823,0.715328676,20000,0.4,6.00E-05,0.007,3000,230000,23000,23000,9000,9000,9000,0.26,0.26,0.26,1.50E-05,1.00E-05,1.00E-05,67070000000,23312000000,22936000000,11862000000,8498200000,10377000000,0.3754,0.375,0.4369,1.98E-05,3.90E-05,3.95E-05
1,0,0,1,1,0,0,0,0,0,0,1,1,1,1,1,1,1,1,0,1,1,0,0,0,60,0.688951921,0.22609719,1.911801935,20000,0.4,6.00E-05,0.007,3000,230000,23000,23000,9000,9000,9000,0.26,0.26,0.26,1.50E-05,1.00E-05,1.00E-05,77963000000,23484000000,23631000000,13423000000,8024300000,8293600000,0.4674,0.4046,0.2906,2.03E-05,4.26E-05,4.72E-05
1,1,0,1,0,0,0,1,1,1,0,0,0,0,0,0,1,0,0,0,0,0,0,0,0,60,0.920622155,0.260802713,2.345290753,20000,0.4,6.00E-05,0.007,3000,230000,23000,23000,9000,9000,9000,0.26,0.26,0.26,1.50E-05,1.00E-05,1.00E-05,84051000000,23612000000,23723000000,14095000000,8102700000,8334600000,0.4697,0.3938,0.2785,1.95E-05,3.99E-05,4.48E-05
0,0,0,1,1,1,0,0,0,0,1,1,1,1,1,0,1,0,0,1,0,1,1,0,0,60,0.237775536,0.106414409,0.597703215,20000,0.4,6.00E-05,0.007,3000,230000,23000,23000,9000,9000,9000,0.26,0.26,0.26,1.50E-05,1.00E-05,1.00E-05,79565000000,23589000000,23481000000,13730000000,8170200000,8875900000,0.4502,0.3881,0.3174,1.96E-05,3.97E-05,4.37E-05
0,0,0,1,0,0,0,0,0,0,1,1,0,1,1,1,0,0,0,1,0,1,1,1,0,60,0.594449667,0.191310836,1.57656373,20000,0.4,6.00E-05,0.007,3000,230000,23000,23000,9000,9000,9000,0.26,0.26,0.26,1.50E-05,1.00E-05,1.00E-05,81850000000,23573000000,23670000000,13778000000,8079900000,8405400000,0.4665,0.3977,0.2879,1.98E-05,4.09E-05,4.56E-05
1,0,1,1,1,0,0,0,1,1,1,1,0,0,0,0,1,1,1,1,1,1,1,1,0,60,0.746031453,0.22679855,1.852426293,20000,0.4,6.00E-05,0.007,3000,230000,23000,23000,9000,9000,9000,0.26,0.26,0.26,1.50E-05,1.00E-05,1.00E-05,83676000000,23616000000,23684000000,14118000000,8132200000,8478200000,0.4657,0.3902,0.2851,1.94E-05,3.93E-05,4.41E-05
0,1,0,0,0,1,1,0,1,0,1,0,1,1,1,0,1,0,0,0,1,0,0,1,0,60,0.509518769,0.117739148,1.310951439,20000,0.4,6.00E-05,0.007,3000,230000,23000,23000,9000,9000,9000,0.26,0.26,0.26,1.50E-05,1.00E-05,1.00E-05,82282000000,23542000000,23752000000,13841000000,8071700000,8300000000,0.4695,0.3979,0.28,1.97E-05,4.07E-05,4.60E-05
0,1,1,1,0,1,0,0,0,0,1,1,0,1,0,0,0,1,0,1,1,0,1,0,1,60,0.902900083,0.283459893,2.147334334,20000,0.4,6.00E-05,0.007,3000,230000,23000,23000,9000,9000,9000,0.26,0.26,0.26,1.50E-05,1.00E-05,1.00E-05,82217000000,23552000000,23611000000,13877000000,8178100000,8691300000,0.4606,0.3872,0.2955,1.94E-05,3.88E-05,4.36E-05
0,1,0,1,1,1,1,1,0,0,1,1,0,1,1,1,1,1,1,0,0,1,0,0,0,60,0.895251363,0.197527016,2.359715564,20000,0.4,6.00E-05,0.007,3000,230000,23000,23000,9000,9000,9000,0.26,0.26,0.26,1.50E-05,1.00E-05,1.00E-05,82953000000,23564000000,23774000000,13895000000,8059500000,8230200000,0.4713,0.3998,0.2766,1.98E-05,4.10E-05,4.62E-05
1,0,0,1,0,1,1,1,0,1,1,0,0,1,0,1,0,1,0,1,1,0,0,1,0,60,0.735052544,0.16718525,1.758146848,20000,0.4,6.00E-05,0.007,3000,230000,23000,23000,9000,9000,9000,0.26,0.26,0.26,1.50E-05,1.00E-05,1.00E-05,85054000000,23585000000,23753000000,14095000000,8138000000,8408900000,0.4688,0.3903,0.2767,1.93E-05,3.90E-05,4.42E-05
0,1,0,0,0,0,1,0,1,1,0,0,0,1,1,1,0,1,1,1,1,0,1,0,0,60,0.725314407,0.107653276,1.756437872,20000,0.4,6.00E-05,0.007,3000,230000,23000,23000,9000,9000,9000,0.26,0.26,0.26,1.50E-05,1.00E-05,1.00E-05,88259000000,23666000000,23874000000,14568000000,8116100000,8235100000,0.4758,0.3907,0.2621,1.91E-05,3.88E-05,4.43E-05
0,1,1,0,1,0,1,0,1,0,0,0,0,0,0,1,1,0,1,1,0,1,0,1,0,60,0.302294026,0.108106273,0.754355762,20000,0.4,6.00E-05,0.007,3000,230000,23000,23000,9000,9000,9000,0.26,0.26,0.26,1.50E-05,1.00E-05,1.00E-05,81243000000,23528000000,23575000000,13615000000,8148200000,8591800000,0.46,0.3917,0.2974,1.96E-05,3.98E-05,4.42E-05
0,1,0,1,1,0,1,0,0,1,1,1,1,1,1,1,1,0,0,1,1,0,0,0,0,60,0.419903873,0.10886638,1.196813371,20000,0.4,6.00E-05,0.007,3000,230000,23000,23000,9000,9000,9000,0.26,0.26,0.26,1.50E-05,1.00E-05,1.00E-05,76769000000,23460000000,23674000000,13368000000,7974400000,8158400000,0.4709,0.4129,0.2842,2.06E-05,4.40E-05,4.88E-05
0,0,1,1,1,0,0,0,1,1,0,1,1,0,1,0,1,1,1,0,1,1,0,0,0,60,0.820005018,0.182454115,1.984426218,20000,0.4,6.00E-05,0.007,3000,230000,23000,23000,9000,9000,9000,0.26,0.26,0.26,1.50E-05,1.00E-05,1.00E-05,85845000000,23629000000,23785000000,14364000000,8128900000,8371500000,0.4719,0.3893,0.2729,1.92E-05,3.88E-05,4.41E-05
0,1,0,1,1,0,0,0,1,0,1,0,0,0,1,1,1,0,0,1,0,0,1,1,1,60,0.259722074,0.178446157,0.731153615,20000,0.4,6.00E-05,0.007,3000,230000,23000,23000,9000,9000,9000,0.26,0.26,0.26,1.50E-05,1.00E-05,1.00E-05,70569000000,23361000000,23187000000,12502000000,8115700000,8946900000,0.4407,0.4041,0.341,2.08E-05,4.36E-05,4.63E-05
0,0,1,1,1,1,1,0,1,1,1,1,1,0,0,0,1,0,1,1,0,0,0,0,0,60,0.657171261,0.142781978,1.588375463,20000,0.4,6.00E-05,0.007,3000,230000,23000,23000,9000,9000,9000,0.26,0.26,0.26,1.50E-05,1.00E-05,1.00E-05,85858000000,23641000000,23788000000,14414000000,8126000000,8360800000,0.472,0.3885,0.2734,1.92E-05,3.88E-05,4.40E-05
1,0,1,1,1,1,0,0,1,0,0,1,0,1,1,1,1,0,0,0,1,1,1,0,1,60,0.208369589,0.327117293,0.576651328,20000,0.4,6.00E-05,0.007,3000,230000,23000,23000,9000,9000,9000,0.26,0.26,0.26,1.50E-05,1.00E-05,1.00E-05,54216000000,23392000000,23091000000,11293000000,8464900000,10703000000,0.34,0.3653,0.4855,2.13E-05,4.24E-05,4.02E-05
0,1,0,1,1,1,1,0,1,0,0,1,0,1,1,0,1,0,0,0,1,1,1,1,1,60,0.668421975,0.394396376,1.685469683,20000,0.4,6.00E-05,0.007,3000,230000,23000,23000,9000,9000,9000,0.26,0.26,0.26,1.50E-05,1.00E-05,1.00E-05,77250000000,23523000000,23314000000,13237000000,8228400000,9034800000,0.435,0.39,0.3374,1.97E-05,4.00E-05,4.32E-05
0,0,1,1,0,0,0,1,1,0,0,1,0,1,0,1,0,0,1,0,0,0,1,1,0,60,0.338661682,0.264832419,0.959021529,20000,0.4,6.00E-05,0.007,3000,230000,23000,23000,9000,9000,9000,0.26,0.26,0.26,1.50E-05,1.00E-05,1.00E-05,73706000000,23372000000,23187000000,12421000000,8155400000,8831800000,0.4385,0.4121,0.3312,2.07E-05,4.39E-05,4.62E-05
1,1,0,1,1,1,0,1,0,1,0,1,0,1,0,1,1,1,1,1,1,1,1,1,1,60,0.991551734,0.114038888,2.694657552,20000,0.4,6.00E-05,0.007,3000,230000,23000,23000,9000,9000,9000,0.26,0.26,0.26,1.50E-05,1.00E-05,1.00E-05,83579000000,23573000000,23893000000,14068000000,8012900000,8067900000,0.4775,0.405,0.2673,1.98E-05,4.18E-05,4.76E-05
0,1,1,0,1,1,1,0,0,1,1,1,0,1,1,1,0,1,0,0,0,0,0,0,0,60,0.58466621,0.264294822,1.606740956,20000,0.4,6.00E-05,0.007,3000,230000,23000,23000,9000,9000,9000,0.26,0.26,0.26,1.50E-05,1.00E-05,1.00E-05,77042000000,23468000000,23474000000,13123000000,8076600000,8555700000,0.4563,0.4034,0.3076,2.03E-05,4.24E-05,4.64E-05
0,1,0,1,0,1,1,0,0,0,0,1,0,1,0,1,0,0,1,0,1,1,0,0,0,60,0.622931514,0.36355811,1.597627329,20000,0.4,6.00E-05,0.007,3000,230000,23000,23000,9000,9000,9000,0.26,0.26,0.26,1.50E-05,1.00E-05,1.00E-05,78262000000,23489000000,23317000000,13077000000,8231800000,8986700000,0.4376,0.3959,0.3293,1.98E-05,4.06E-05,4.38E-05
0,0,1,1,0,0,0,0,0,1,0,1,0,1,1,1,1,0,0,1,1,0,1,0,1,60,0.974399382,0.218369121,2.591981566,20000,0.4,6.00E-05,0.007,3000,230000,23000,23000,9000,9000,9000,0.26,0.26,0.26,1.50E-05,1.00E-05,1.00E-05,83311000000,23563000000,23773000000,13844000000,8059800000,8270300000,0.4708,0.4016,0.277,1.98E-05,4.12E-05,4.65E-05
1,0,1,0,0,0,0,0,0,1,0,0,0,1,1,0,0,0,0,0,0,0,0,1,1,60,0.845528943,0.126147692,2.12537844,20000,0.4,6.00E-05,0.007,3000,230000,23000,23000,9000,9000,9000,0.26,0.26,0.26,1.50E-05,1.00E-05,1.00E-05,86737000000,23644000000,23877000000,14453000000,8085200000,8174400000,0.4765,0.3942,0.2639,1.93E-05,3.96E-05,4.52E-05
0,1,1,0,0,0,0,1,1,0,0,0,0,1,1,0,1,1,1,0,1,1,1,0,0,60,0.698953953,0.196289231,1.759111011,20000,0.4,6.00E-05,0.007,3000,230000,23000,23000,9000,9000,9000,0.26,0.26,0.26,1.50E-05,1.00E-05,1.00E-05,85527000000,23630000000,23727000000,14146000000,8124100000,8384500000,0.4698,0.3931,0.2757,1.94E-05,3.95E-05,4.43E-05
1,1,0,1,0,0,1,0,0,1,0,1,0,0,1,1,0,0,0,1,1,1,0,1,0,60,0.602355975,0.329572545,1.518809772,20000,0.4,6.00E-05,0.007,3000,230000,23000,23000,9000,9000,9000,0.26,0.26,0.26,1.50E-05,1.00E-05,1.00E-05,80924000000,23490000000,23353000000,13129000000,8247000000,9013600000,0.4419,0.3964,0.3211,1.96E-05,4.01E-05,4.36E-05
1,1,0,1,0,0,1,0,0,0,1,0,0,1,0,0,0,1,1,0,0,0,0,0,0,60,0.43853668,0.263418574,1.22877927,20000,0.4,6.00E-05,0.007,3000,230000,23000,23000,9000,9000,9000,0.26,0.26,0.26,1.50E-05,1.00E-05,1.00E-05,72778000000,23414000000,23302000000,12775000000,8093800000,8772900000,0.4453,0.4048,0.3298,2.07E-05,4.34E-05,4.65E-05
0,0,1,1,0,0,0,0,0,0,0,1,1,0,1,1,1,1,1,0,1,1,0,1,1,60,0.532437013,0.250032216,1.326473521,20000,0.4,6.00E-05,0.007,3000,230000,23000,23000,9000,9000,9000,0.26,0.26,0.26,1.50E-05,1.00E-05,1.00E-05,79253000000,23574000000,23451000000,13643000000,8174900000,8872500000,0.4496,0.3877,0.3187,1.96E-05,3.96E-05,4.35E-05
1,1,1,1,0,1,1,1,0,0,0,0,1,0,0,0,0,0,1,1,0,1,1,1,0,60,0.601646976,0.236965377,1.438023381,20000,0.4,6.00E-05,0.007,3000,230000,23000,23000,9000,9000,9000,0.26,0.26,0.26,1.50E-05,1.00E-05,1.00E-05,84388000000,23628000000,23581000000,14064000000,8195300000,8674000000,0.4607,0.3853,0.2923,1.92E-05,3.84E-05,4.25E-05
1,0,1,1,0,1,0,1,0,0,0,0,1,0,1,0,1,1,1,0,1,1,1,0,1,60,0.359117006,0.114987084,1.009116452,20000,0.4,6.00E-05,0.007,3000,230000,23000,23000,9000,9000,9000,0.26,0.26,0.26,1.50E-05,1.00E-05,1.00E-05,76907000000,23428000000,23609000000,13179000000,8018000000,8320900000,0.465,0.4101,0.2924,2.06E-05,4.34E-05,4.81E-05
1,1,0,0,0,1,1,1,0,1,0,0,0,0,1,0,0,0,0,1,1,0,0,0,1,60,0.415717371,0.241838213,1.038410284,20000,0.4,6.00E-05,0.007,3000,230000,23000,23000,9000,9000,9000,0.26,0.26,0.26,1.50E-05,1.00E-05,1.00E-05,81758000000,23597000000,23422000000,13609000000,8227500000,8876400000,0.4495,0.3901,0.3113,1.94E-05,3.95E-05,4.27E-05
0,0,1,0,0,0,0,1,1,1,0,0,0,0,0,0,0,0,1,0,0,0,1,0,1,0,0.232775334,0.366441302,0.386921929,25000,0.2,8.00E-06,0.017,3000,72000,72000,72000,30000,30000,30000,0.2,0.2,0.2,5.00E-06,5.00E-06,5.00E-06,43115000000,42851000000,42366000000,16520000000,16971000000,16937000000,0.1851,0.1954,0.1936,6.16E-06,6.18E-06,6.19E-06
1,1,0,0,0,1,0,0,0,0,1,0,0,1,1,0,0,1,1,0,0,0,0,0,0,0,0.478433506,0.385501671,0.826219155,25000,0.2,8.00E-06,0.017,3000,72000,72000,72000,30000,30000,30000,0.2,0.2,0.2,5.00E-06,5.00E-06,5.00E-06,41599000000,41403000000,38907000000,16159000000,16040000000,16066000000,0.1835,0.2026,0.2018,6.23E-06,6.25E-06,6.46E-06
1,0,0,0,1,1,0,0,1,1,1,1,1,1,1,0,1,1,1,0,1,1,0,0,0,0,0.632902307,0.186998839,0.972831699,25000,0.2,8.00E-06,0.017,3000,72000,72000,72000,30000,30000,30000,0.2,0.2,0.2,5.00E-06,5.00E-06,5.00E-06,43463000000,43417000000,39035000000,17127000000,15803000000,15835000000,0.1864,0.1994,0.1997,6.11E-06,6.11E-06,6.55E-06
1,1,0,1,0,0,0,0,1,1,1,1,1,1,1,0,1,0,1,1,1,1,0,0,1,0,0.271042493,0.397985932,0.40774317,25000,0.2,8.00E-06,0.017,3000,72000,72000,72000,30000,30000,30000,0.2,0.2,0.2,5.00E-06,5.00E-06,5.00E-06,44360000000,44096000000,43770000000,17084000000,17479000000,17447000000,0.1863,0.1942,0.1926,6.09E-06,6.10E-06,6.10E-06
0,1,1,0,1,0,1,1,1,1,1,1,1,0,0,1,1,0,1,1,0,0,1,1,0,0,0.862498176,0.120401798,1.702301364,25000,0.2,8.00E-06,0.017,3000,72000,72000,72000,30000,30000,30000,0.2,0.2,0.2,5.00E-06,5.00E-06,5.00E-06,39371000000,39411000000,35047000000,15591000000,13996000000,13996000000,0.1899,0.196,0.1961,6.39E-06,6.39E-06,6.96E-06
0,1,0,1,0,0,1,0,0,1,0,0,0,1,1,1,1,1,1,0,1,1,1,1,1,0,0.45709613,0.333751399,0.912368482,25000,0.2,8.00E-06,0.017,3000,72000,72000,72000,30000,30000,30000,0.2,0.2,0.2,5.00E-06,5.00E-06,5.00E-06,37303000000,37248000000,35350000000,14490000000,14483000000,14485000000,0.1838,0.2011,0.2006,6.56E-06,6.57E-06,6.76E-06
0,1,0,0,1,0,0,1,0,1,1,0,0,0,0,1,1,1,0,1,1,0,1,1,1,0,0.524385233,0.165377877,1.007134027,25000,0.2,8.00E-06,0.017,3000,72000,72000,72000,30000,30000,30000,0.2,0.2,0.2,5.00E-06,5.00E-06,5.00E-06,40044000000,40007000000,35938000000,15854000000,14587000000,14610000000,0.1873,0.2001,0.2003,6.33E-06,6.34E-06,6.82E-06
0,1,1,1,1,1,1,0,0,0,1,0,1,0,1,1,0,1,0,0,0,0,1,1,0,0,0.48103776,0.39997044,0.810433717,25000,0.2,8.00E-06,0.017,3000,72000,72000,72000,30000,30000,30000,0.2,0.2,0.2,5.00E-06,5.00E-06,5.00E-06,42278000000,42049000000,39725000000,16492000000,16339000000,16324000000,0.185,0.2019,0.2001,6.19E-06,6.20E-06,6.40E-06
0,0,0,0,1,1,0,0,0,1,0,1,1,1,0,1,1,0,1,1,1,0,1,1,1,0,0.673137588,0.240811581,1.099833631,25000,0.2,8.00E-06,0.017,3000,72000,72000,72000,30000,30000,30000,0.2,0.2,0.2,5.00E-06,5.00E-06,5.00E-06,42775000000,42736000000,38545000000,16872000000,15687000000,15725000000,0.186,0.2004,0.2008,6.15E-06,6.15E-06,6.58E-06
0,0,0,1,0,1,1,1,0,1,1,1,1,1,1,0,1,1,0,0,1,1,0,1,0,0,0.762139323,0.150124189,1.315566717,25000,0.2,8.00E-06,0.017,3000,72000,72000,72000,30000,30000,30000,0.2,0.2,0.2,5.00E-06,5.00E-06,5.00E-06,42558000000,42569000000,37642000000,16879000000,15114000000,15135000000,0.1887,0.1976,0.198,6.16E-06,6.16E-06,6.71E-06
0,1,1,1,1,1,0,1,1,0,1,1,1,1,0,0,1,1,1,1,0,0,1,1,1,0,0.416529581,0.201096383,0.674759363,25000,0.2,8.00E-06,0.017,3000,72000,72000,72000,30000,30000,30000,0.2,0.2,0.2,5.00E-06,5.00E-06,5.00E-06,42633000000,42480000000,38899000000,16712000000,15952000000,15949000000,0.1849,0.2021,0.2011,6.16E-06,6.17E-06,6.51E-06
1,0,0,0,1,1,0,1,1,1,0,0,0,0,1,1,1,0,0,1,1,0,0,0,1,0,0.656027996,0.175832203,1.10216421,25000,0.2,8.00E-06,0.017,3000,72000,72000,72000,30000,30000,30000,0.2,0.2,0.2,5.00E-06,5.00E-06,5.00E-06,42567000000,42556000000,37934000000,16836000000,15346000000,15351000000,0.1872,0.1995,0.1993,6.16E-06,6.16E-06,6.66E-06
0,1,1,1,0,1,1,1,1,1,1,0,1,1,0,0,1,0,1,0,0,1,0,0,1,0,0.453804896,0.322843457,0.89953873,25000,0.2,8.00E-06,0.017,3000,72000,72000,72000,30000,30000,30000,0.2,0.2,0.2,5.00E-06,5.00E-06,5.00E-06,38168000000,38099000000,35751000000,14930000000,14718000000,14708000000,0.1845,0.2023,0.2014,6.49E-06,6.49E-06,6.73E-06
1,0,0,1,1,0,1,0,1,1,1,0,1,1,0,0,1,1,1,0,1,0,1,0,1,0,0.607566243,0.117218104,0.937928598,25000,0.2,8.00E-06,0.017,3000,72000,72000,72000,30000,30000,30000,0.2,0.2,0.2,5.00E-06,5.00E-06,5.00E-06,43742000000,43670000000,38790000000,17304000000,15555000000,15584000000,0.1887,0.1973,0.1976,6.09E-06,6.10E-06,6.61E-06
0,1,1,1,1,1,0,0,1,0,0,0,0,1,1,1,1,1,1,0,1,1,0,1,1,0,0.540185679,0.39189957,1.011910588,25000,0.2,8.00E-06,0.017,3000,72000,72000,72000,30000,30000,30000,0.2,0.2,0.2,5.00E-06,5.00E-06,5.00E-06,40382000000,40230000000,37591000000,15805000000,15480000000,15519000000,0.1846,0.2024,0.2019,6.31E-06,6.33E-06,6.58E-06
1,0,0,1,0,1,1,1,1,1,0,0,0,0,1,1,1,0,1,1,1,0,0,1,0,0,0.739989625,0.311089145,1.300159902,25000,0.2,8.00E-06,0.017,3000,72000,72000,72000,30000,30000,30000,0.2,0.2,0.2,5.00E-06,5.00E-06,5.00E-06,41730000000,41661000000,37731000000,16456000000,15444000000,15467000000,0.1856,0.2017,0.2017,6.22E-06,6.22E-06,6.63E-06
1,1,0,0,1,1,0,0,1,1,1,1,1,1,0,1,1,1,1,1,0,0,1,1,0,0,0.26190782,0.19856527,0.509058691,25000,0.2,8.00E-06,0.017,3000,72000,72000,72000,30000,30000,30000,0.2,0.2,0.2,5.00E-06,5.00E-06,5.00E-06,39148000000,39108000000,36686000000,15293000000,15100000000,15165000000,0.1837,0.2021,0.2026,6.41E-06,6.41E-06,6.64E-06
0,1,0,0,1,0,0,1,0,0,1,0,0,0,1,1,1,1,0,1,0,1,0,1,0,0,0.810666714,0.387934051,1.398614878,25000,0.2,8.00E-06,0.017,3000,72000,72000,72000,30000,30000,30000,0.2,0.2,0.2,5.00E-06,5.00E-06,5.00E-06,41818000000,41775000000,38101000000,16480000000,15632000000,15639000000,0.1853,0.2021,0.2015,6.21E-06,6.21E-06,6.58E-06
0,1,0,0,0,0,1,1,1,0,1,0,0,1,0,0,1,1,1,0,1,1,1,1,1,0,0.495652418,0.106437108,0.843290407,25000,0.2,8.00E-06,0.017,3000,72000,72000,72000,30000,30000,30000,0.2,0.2,0.2,5.00E-06,5.00E-06,5.00E-06,42674000000,42687000000,37807000000,16918000000,15211000000,15235000000,0.1883,0.1981,0.1985,6.16E-06,6.16E-06,6.69E-06
1,0,0,1,1,0,0,0,0,1,1,0,1,0,1,0,1,0,0,1,1,0,1,1,1,0,0.666442945,0.355524674,1.121240571,25000,0.2,8.00E-06,0.017,3000,72000,72000,72000,30000,30000,30000,0.2,0.2,0.2,5.00E-06,5.00E-06,5.00E-06,42169000000,42018000000,38567000000,16561000000,15847000000,15853000000,0.1852,0.2023,0.2014,6.19E-06,6.20E-06,6.53E-06
0,1,1,1,1,1,0,0,0,1,0,0,1,0,0,1,1,1,1,0,0,1,0,0,0,0,0.679407431,0.13972683,1.242410677,25000,0.2,8.00E-06,0.017,3000,72000,72000,72000,30000,30000,30000,0.2,0.2,0.2,5.00E-06,5.00E-06,5.00E-06,41645000000,41655000000,36872000000,16530000000,14816000000,14841000000,0.1888,0.1978,0.1983,6.22E-06,6.22E-06,6.78E-06
1,1,1,1,0,0,0,1,0,1,0,0,0,1,1,0,1,1,1,1,1,0,0,1,1,0,0.456483511,0.194121994,0.795743204,25000,0.2,8.00E-06,0.017,3000,72000,72000,72000,30000,30000,30000,0.2,0.2,0.2,5.00E-06,5.00E-06,5.00E-06,41836000000,41793000000,37845000000,16508000000,15485000000,15514000000,0.1857,0.2016,0.2016,6.21E-06,6.21E-06,6.62E-06
0,1,0,0,0,1,1,0,0,1,0,0,1,0,0,0,0,1,1,0,1,1,0,0,1,0,0.470851685,0.39363361,0.896709821,25000,0.2,8.00E-06,0.017,3000,72000,72000,72000,30000,30000,30000,0.2,0.2,0.2,5.00E-06,5.00E-06,5.00E-06,39970000000,39752000000,37526000000,15571000000,15447000000,15509000000,0.1842,0.2022,0.2019,6.35E-06,6.36E-06,6.57E-06
1,0,1,1,0,0,1,1,0,0,1,0,0,0,1,0,1,0,1,0,0,1,0,1,0,0,0.573214818,0.102930281,0.932242587,25000,0.2,8.00E-06,0.017,3000,72000,72000,72000,30000,30000,30000,0.2,0.2,0.2,5.00E-06,5.00E-06,5.00E-06,43345000000,43271000000,38293000000,17167000000,15341000000,15369000000,0.1892,0.1971,0.1974,6.11E-06,6.12E-06,6.66E-06
0,0,1,0,0,0,1,1,0,1,1,0,1,1,1,1,1,1,0,1,1,0,1,1,0,0,0.410515327,0.179128864,0.723275754,25000,0.2,8.00E-06,0.017,3000,72000,72000,72000,30000,30000,30000,0.2,0.2,0.2,5.00E-06,5.00E-06,5.00E-06,41684000000,41583000000,37735000000,16435000000,15453000000,15466000000,0.1858,0.2019,0.2015,6.22E-06,6.23E-06,6.62E-06
1,1,0,1,0,1,0,0,0,0,1,0,1,0,1,1,1,1,1,0,1,0,0,0,1,0,0.760556365,0.14325222,1.177155696,25000,0.2,8.00E-06,0.017,3000,72000,72000,72000,30000,30000,30000,0.2,0.2,0.2,5.00E-06,5.00E-06,5.00E-06,43770000000,43712000000,38806000000,17317000000,15556000000,15585000000,0.1887,0.1972,0.1976,6.09E-06,6.10E-06,6.61E-06
1,1,1,0,1,1,0,0,1,0,0,1,1,0,0,0,0,0,0,0,0,1,1,1,1,0,0.496433368,0.185797315,0.836391366,25000,0.2,8.00E-06,0.017,3000,72000,72000,72000,30000,30000,30000,0.2,0.2,0.2,5.00E-06,5.00E-06,5.00E-06,42280000000,42260000000,38116000000,16694000000,15532000000,15579000000,0.186,0.2007,0.2012,6.18E-06,6.18E-06,6.61E-06
0,0,0,1,1,1,0,1,0,1,1,1,0,1,1,0,1,1,0,1,0,0,1,1,0,0,0.69490869,0.298463278,1.197174198,25000,0.2,8.00E-06,0.017,3000,72000,72000,72000,30000,30000,30000,0.2,0.2,0.2,5.00E-06,5.00E-06,5.00E-06,41937000000,41875000000,37989000000,16541000000,15535000000,15554000000,0.1859,0.2014,0.2012,6.20E-06,6.21E-06,6.61E-06
0,0,0,1,1,0,1,1,1,1,0,1,1,1,1,0,0,0,0,1,1,0,0,1,0,0,0.621005076,0.24041675,1.178557038,25000,0.2,8.00E-06,0.017,3000,72000,72000,72000,30000,30000,30000,0.2,0.2,0.2,5.00E-06,5.00E-06,5.00E-06,40333000000,40220000000,36367000000,15914000000,14842000000,14860000000,0.1863,0.2014,0.2012,6.31E-06,6.32E-06,6.76E-06
1,0,1,0,0,0,1,1,1,1,1,0,1,1,0,0,0,0,1,0,1,1,1,1,1,0,0.539955152,0.297871074,1.018399397,25000,0.2,8.00E-06,0.017,3000,72000,72000,72000,30000,30000,30000,0.2,0.2,0.2,5.00E-06,5.00E-06,5.00E-06,40178000000,40170000000,36904000000,15821000000,15165000000,15210000000,0.1848,0.2021,0.2026,6.32E-06,6.33E-06,6.66E-06
1,1,1,0,1,1,1,1,0,1,0,1,0,0,0,0,0,0,1,1,1,1,1,0,0,0,0.484231977,0.122388605,0.824884441,25000,0.2,8.00E-06,0.017,3000,72000,72000,72000,30000,30000,30000,0.2,0.2,0.2,5.00E-06,5.00E-06,5.00E-06,42542000000,42544000000,37840000000,16845000000,15280000000,15298000000,0.1876,0.199,0.1991,6.16E-06,6.17E-06,6.67E-06
1,1,0,0,1,0,1,0,1,0,0,1,1,1,0,1,1,1,1,1,1,1,1,0,0,0,0.722214395,0.379953814,1.276355305,25000,0.2,8.00E-06,0.017,3000,72000,72000,72000,30000,30000,30000,0.2,0.2,0.2,5.00E-06,5.00E-06,5.00E-06,41446000000,41383000000,37830000000,16282000000,15568000000,15580000000,0.1845,0.2027,0.2024,6.24E-06,6.24E-06,6.59E-06
0,0,1,0,0,1,1,0,1,1,1,1,0,0,0,0,1,0,1,1,0,0,0,1,1,0,0.847010016,0.282628968,1.337219494,25000,0.2,8.00E-06,0.017,3000,72000,72000,72000,30000,30000,30000,0.2,0.2,0.2,5.00E-06,5.00E-06,5.00E-06,43121000000,43069000000,38829000000,17010000000,15775000000,15802000000,0.1864,0.2001,0.2001,6.13E-06,6.13E-06,6.56E-06
0,0,1,1,1,1,1,0,1,0,1,1,0,0,1,1,1,1,1,0,1,0,1,1,0,0,0.519485436,0.391087956,1.006186295,25000,0.2,8.00E-06,0.017,3000,72000,72000,72000,30000,30000,30000,0.2,0.2,0.2,5.00E-06,5.00E-06,5.00E-06,39363000000,39202000000,36822000000,15389000000,15172000000,15182000000,0.1845,0.2026,0.2016,6.39E-06,6.40E-06,6.63E-06
0,0,0,1,0,1,0,0,0,1,1,1,0,1,0,0,1,0,0,1,1,1,0,0,0,0,0.886879196,0.190180355,1.50358659,25000,0.2,8.00E-06,0.017,3000,72000,72000,72000,30000,30000,30000,0.2,0.2,0.2,5.00E-06,5.00E-06,5.00E-06,42688000000,42671000000,37826000000,16921000000,15215000000,15235000000,0.1885,0.198,0.1983,6.16E-06,6.16E-06,6.69E-06
1,1,0,0,1,0,0,0,1,1,0,0,1,0,0,0,1,1,1,0,1,0,1,1,0,0,0.7741323,0.234526219,1.369054268,25000,0.2,8.00E-06,0.017,3000,72000,72000,72000,30000,30000,30000,0.2,0.2,0.2,5.00E-06,5.00E-06,5.00E-06,41867000000,41850000000,37413000000,16572000000,15171000000,15199000000,0.1871,0.1998,0.2001,6.21E-06,6.21E-06,6.69E-06
1,1,1,0,1,1,1,0,0,0,0,1,1,0,0,0,0,1,0,0,1,0,1,1,1,0,0.243074642,0.110986008,0.448222332,25000,0.2,8.00E-06,0.017,3000,72000,72000,72000,30000,30000,30000,0.2,0.2,0.2,5.00E-06,5.00E-06,5.00E-06,40839000000,40775000000,37037000000,16084000000,15185000000,15210000000,0.1852,0.2022,0.2022,6.28E-06,6.28E-06,6.68E-06
1,0,0,1,1,1,1,1,0,1,0,0,1,1,0,0,0,0,0,0,1,0,0,1,0,0,0.838111223,0.200688257,1.44928009,25000,0.2,8.00E-06,0.017,3000,72000,72000,72000,30000,30000,30000,0.2,0.2,0.2,5.00E-06,5.00E-06,5.00E-06,42374000000,42377000000,37626000000,16791000000,15174000000,15196000000,0.1879,0.1987,0.199,6.17E-06,6.18E-06,6.70E-06
1,1,0,0,0,1,1,1,0,0,1,0,0,1,0,0,1,1,1,1,1,0,1,0,1,0,0.626633764,0.21846436,1.036606721,25000,0.2,8.00E-06,0.017,3000,72000,72000,72000,30000,30000,30000,0.2,0.2,0.2,5.00E-06,5.00E-06,5.00E-06,42614000000,42536000000,38309000000,16825000000,15586000000,15610000000,0.1866,0.2004,0.2004,6.16E-06,6.17E-06,6.60E-06
0,1,1,1,1,1,0,1,0,1,0,1,0,0,0,1,1,1,1,0,1,1,0,0,1,0,0.836731008,0.175982479,1.556391109,25000,0.2,8.00E-06,0.017,3000,72000,72000,72000,30000,30000,30000,0.2,0.2,0.2,5.00E-06,5.00E-06,5.00E-06,41293000000,41276000000,36559000000,16392000000,14697000000,14723000000,0.1889,0.1979,0.1984,6.25E-06,6.25E-06,6.80E-06
1,0,1,0,1,1,0,0,1,1,0,0,1,1,1,1,1,1,1,1,1,1,0,0,0,0,0.737097545,0.331932516,1.356551252,25000,0.2,8.00E-06,0.017,3000,72000,72000,72000,30000,30000,30000,0.2,0.2,0.2,5.00E-06,5.00E-06,5.00E-06,40885000000,40847000000,37082000000,16115000000,15189000000,15225000000,0.1853,0.2018,0.2022,6.27E-06,6.28E-06,6.68E-06
0,1,0,1,0,0,0,0,1,1,0,0,0,1,1,0,1,0,0,0,0,1,0,0,0,0,0.884714733,0.264119934,1.639999132,25000,0.2,8.00E-06,0.017,3000,72000,72000,72000,30000,30000,30000,0.2,0.2,0.2,5.00E-06,5.00E-06,5.00E-06,41194000000,41066000000,36730000000,16284000000,14893000000,14901000000,0.1874,0.2001,0.1998,6.25E-06,6.26E-06,6.76E-06
1,1,0,0,1,1,1,1,0,1,0,1,0,0,0,1,0,0,1,1,0,0,1,0,1,0,0.471087958,0.160737614,0.789008096,25000,0.2,8.00E-06,0.017,3000,72000,72000,72000,30000,30000,30000,0.2,0.2,0.2,5.00E-06,5.00E-06,5.00E-06,42486000000,42440000000,38162000000,16780000000,15522000000,15549000000,0.1865,0.2004,0.2005,6.17E-06,6.17E-06,6.61E-06
0,1,1,1,0,1,1,1,1,1,1,1,1,1,1,0,1,1,0,1,0,0,1,0,0,0,0.726648517,0.186775634,1.150864972,25000,0.2,8.00E-06,0.017,3000,72000,72000,72000,30000,30000,30000,0.2,0.2,0.2,5.00E-06,5.00E-06,5.00E-06,43387000000,43363000000,38760000000,17129000000,15644000000,15656000000,0.1871,0.1989,0.1989,6.11E-06,6.12E-06,6.59E-06
1,1,0,0,1,0,1,0,1,0,1,0,0,1,0,0,0,0,1,1,1,1,0,0,0,0,0.911703625,0.388460653,1.612635713,25000,0.2,8.00E-06,0.017,3000,72000,72000,72000,30000,30000,30000,0.2,0.2,0.2,5.00E-06,5.00E-06,5.00E-06,41654000000,41539000000,37641000000,16425000000,15410000000,15428000000,0.1859,0.2018,0.2015,6.22E-06,6.23E-06,6.63E-06
1,0,0,0,1,1,1,1,0,1,0,1,0,1,0,0,0,0,1,1,1,0,0,1,0,0,0.681390805,0.264371428,1.130355979,25000,0.2,8.00E-06,0.017,3000,72000,72000,72000,30000,30000,30000,0.2,0.2,0.2,5.00E-06,5.00E-06,5.00E-06,42504000000,42430000000,38370000000,16763000000,15662000000,15672000000,0.186,0.2011,0.2008,6.17E-06,6.17E-06,6.58E-06
1,1,0,0,1,0,0,1,0,0,1,0,0,0,1,0,1,1,0,1,0,1,0,0,1,0,0.709344195,0.370305802,1.27333947,25000,0.2,8.00E-06,0.017,3000,72000,72000,72000,30000,30000,30000,0.2,0.2,0.2,5.00E-06,5.00E-06,5.00E-06,41163000000,41086000000,37594000000,16203000000,15472000000,15473000000,0.185,0.2028,0.202,6.26E-06,6.26E-06,6.61E-06
0,1,0,1,0,0,1,0,1,0,0,0,0,0,1,1,0,1,0,1,1,0,1,1,0,0,0.364048795,0.306545747,0.569838714,25000,0.2,8.00E-06,0.017,3000,72000,72000,72000,30000,30000,30000,0.2,0.2,0.2,5.00E-06,5.00E-06,5.00E-06,43362000000,43228000000,41035000000,16942000000,16818000000,16732000000,0.1856,0.2007,0.1982,6.13E-06,6.13E-06,6.31E-06
1,1,1,0,0,1,0,1,0,1,1,0,1,0,0,1,1,0,1,1,0,0,0,1,0,0,0.519708144,0.112654649,0.901610455,25000,0.2,8.00E-06,0.017,3000,72000,72000,72000,30000,30000,30000,0.2,0.2,0.2,5.00E-06,5.00E-06,5.00E-06,42440000000,42413000000,37584000000,16827000000,15126000000,15148000000,0.1885,0.1982,0.1984,6.17E-06,6.17E-06,6.71E-06
0,0,0,1,1,1,1,0,0,0,0,0,0,1,0,1,0,1,0,0,0,1,1,1,0,0,0.752651703,0.288536375,1.19613068,25000,0.2,8.00E-06,0.017,3000,72000,72000,72000,30000,30000,30000,0.2,0.2,0.2,5.00E-06,5.00E-06,5.00E-06,42955000000,42915000000,38870000000,16938000000,15840000000,15878000000,0.1859,0.2006,0.2007,6.14E-06,6.14E-06,6.54E-06
0,1,1,1,1,1,1,0,0,1,0,0,0,1,0,1,1,1,0,0,1,0,0,0,0,0,0.605115398,0.212647243,1.12506935,25000,0.2,8.00E-06,0.017,3000,72000,72000,72000,30000,30000,30000,0.2,0.2,0.2,5.00E-06,5.00E-06,5.00E-06,40886000000,40889000000,36755000000,16183000000,14952000000,15007000000,0.1866,0.2004,0.2013,6.27E-06,6.28E-06,6.73E-06
1,0,0,0,1,0,1,1,1,0,1,1,1,0,0,0,1,1,0,1,1,0,1,0,1,0,0.294885934,0.323049471,0.460855541,25000,0.2,8.00E-06,0.017,3000,72000,72000,72000,30000,30000,30000,0.2,0.2,0.2,5.00E-06,5.00E-06,5.00E-06,43951000000,43486000000,42177000000,17020000000,17124000000,17119000000,0.1865,0.1986,0.1964,6.09E-06,6.12E-06,6.21E-06
1,1,0,0,1,1,0,0,0,0,0,0,1,1,0,1,1,0,1,1,0,0,1,0,1,0,0.688187101,0.268140288,1.175763597,25000,0.2,8.00E-06,0.017,3000,72000,72000,72000,30000,30000,30000,0.2,0.2,0.2,5.00E-06,5.00E-06,5.00E-06,42145000000,42110000000,38045000000,16640000000,15522000000,15561000000,0.186,0.2009,0.2012,6.19E-06,6.19E-06,6.61E-06
1,0,1,1,0,1,0,0,1,1,0,0,0,1,1,1,0,0,1,1,1,0,1,1,0,0,0.553689598,0.21807179,0.894863395,25000,0.2,8.00E-06,0.017,3000,72000,72000,72000,30000,30000,30000,0.2,0.2,0.2,5.00E-06,5.00E-06,5.00E-06,42750000000,42607000000,38673000000,16806000000,15800000000,15789000000,0.1856,0.2015,0.2006,6.15E-06,6.16E-06,6.55E-06
1,0,1,1,1,1,0,1,1,1,0,1,0,1,0,0,1,1,1,0,0,1,1,1,1,0,0.928969116,0.238620795,1.502214579,25000,0.2,8.00E-06,0.017,3000,72000,72000,72000,30000,30000,30000,0.2,0.2,0.2,5.00E-06,5.00E-06,5.00E-06,43141000000,43073000000,38467000000,17041000000,15532000000,15543000000,0.1874,0.199,0.1989,6.13E-06,6.13E-06,6.61E-06
1,0,0,1,1,0,1,1,1,0,0,0,0,1,1,0,1,0,0,0,1,0,1,0,0,0,0.415558544,0.216977408,0.809841869,25000,0.2,8.00E-06,0.017,3000,72000,72000,72000,30000,30000,30000,0.2,0.2,0.2,5.00E-06,5.00E-06,5.00E-06,39211000000,39181000000,35974000000,15446000000,14767000000,14821000000,0.1851,0.202,0.2027,6.39E-06,6.40E-06,6.75E-06
1,0,0,0,1,0,1,1,0,0,0,0,1,0,1,1,0,1,1,1,0,1,1,1,1,0,0.212910549,0.225974318,0.378998573,25000,0.2,8.00E-06,0.017,3000,72000,72000,72000,30000,30000,30000,0.2,0.2,0.2,5.00E-06,5.00E-06,5.00E-06,42007000000,41549000000,39917000000,16279000000,16301000000,16367000000,0.1858,0.2001,0.1991,6.21E-06,6.24E-06,6.37E-06
1,0,1,0,0,1,1,0,1,0,0,1,0,0,1,1,0,0,1,0,0,1,0,1,0,0,0.482611132,0.265231697,0.734332456,25000,0.2,8.00E-06,0.017,3000,72000,72000,72000,30000,30000,30000,0.2,0.2,0.2,5.00E-06,5.00E-06,5.00E-06,43521000000,43369000000,40092000000,17122000000,16396000000,16381000000,0.1865,0.2006,0.1994,6.11E-06,6.11E-06,6.42E-06
1,0,1,1,1,1,1,1,1,0,1,0,0,0,0,1,1,1,0,1,0,0,0,1,1,0,0.881160685,0.185229918,1.486160973,25000,0.2,8.00E-06,0.017,3000,72000,72000,72000,30000,30000,30000,0.2,0.2,0.2,5.00E-06,5.00E-06,5.00E-06,42735000000,42775000000,37876000000,16946000000,15235000000,15251000000,0.1883,0.198,0.1983,6.15E-06,6.15E-06,6.68E-06
1,0,1,0,0,0,1,0,0,1,1,1,1,1,0,0,0,1,1,0,0,0,1,0,1,0,0.457252879,0.310731602,0.903171211,25000,0.2,8.00E-06,0.017,3000,72000,72000,72000,30000,30000,30000,0.2,0.2,0.2,5.00E-06,5.00E-06,5.00E-06,38381000000,38313000000,35849000000,15052000000,14758000000,14749000000,0.1849,0.2023,0.2014,6.47E-06,6.47E-06,6.73E-06
1,0,0,1,1,0,1,0,1,1,1,1,0,1,1,1,0,1,0,1,1,1,0,0,1,0,0.864146417,0.293889287,1.544389853,25000,0.2,8.00E-06,0.017,3000,72000,72000,72000,30000,30000,30000,0.2,0.2,0.2,5.00E-06,5.00E-06,5.00E-06,41631000000,41532000000,37310000000,16447000000,15179000000,15193000000,0.1868,0.2007,0.2004,6.22E-06,6.23E-06,6.69E-06
0,1,1,1,0,1,1,1,0,0,0,0,0,0,0,1,1,1,1,1,0,1,1,1,0,0,0.484316218,0.136011258,0.804729651,25000,0.2,8.00E-06,0.017,3000,72000,72000,72000,30000,30000,30000,0.2,0.2,0.2,5.00E-06,5.00E-06,5.00E-06,42722000000,42729000000,38144000000,16889000000,15431000000,15464000000,0.1869,0.1993,0.1998,6.15E-06,6.15E-06,6.64E-06
1,0,1,0,0,1,0,1,1,1,1,1,0,1,1,0,1,1,0,1,0,0,1,1,1,0,0.509427166,0.31082588,0.802991029,25000,0.2,8.00E-06,0.017,3000,72000,72000,72000,30000,30000,30000,0.2,0.2,0.2,5.00E-06,5.00E-06,5.00E-06,42934000000,42758000000,39748000000,16804000000,16329000000,16329000000,0.1849,0.2019,0.2007,6.14E-06,6.15E-06,6.42E-06
0,0,0,0,0,1,0,1,1,0,1,0,1,0,0,1,0,1,0,1,0,0,0,1,1,0,0.298088919,0.341610099,0.472378691,25000,0.2,8.00E-06,0.017,3000,72000,72000,72000,30000,30000,30000,0.2,0.2,0.2,5.00E-06,5.00E-06,5.00E-06,43682000000,43425000000,42139000000,16898000000,17081000000,17045000000,0.1857,0.1979,0.1961,6.11E-06,6.13E-06,6.22E-06
0,0,1,1,0,0,1,1,0,1,1,1,1,1,1,1,1,0,0,0,1,1,0,0,1,0,0.583502793,0.10152373,0.973760679,25000,0.2,8.00E-06,0.017,3000,72000,72000,72000,30000,30000,30000,0.2,0.2,0.2,5.00E-06,5.00E-06,5.00E-06,43062000000,43047000000,37997000000,17074000000,15214000000,15244000000,0.1892,0.197,0.1975,6.13E-06,6.14E-06,6.69E-06
0,0,0,1,1,0,0,1,0,1,0,1,1,1,0,1,1,1,0,1,1,1,1,1,1,0,0.56839788,0.302453876,0.987545845,25000,0.2,8.00E-06,0.017,3000,72000,72000,72000,30000,30000,30000,0.2,0.2,0.2,5.00E-06,5.00E-06,5.00E-06,41665000000,41602000000,38098000000,16366000000,15657000000,15683000000,0.1846,0.2023,0.2022,6.22E-06,6.23E-06,6.57E-06
0,0,1,0,1,1,0,1,0,1,1,0,1,1,1,1,1,1,1,1,1,0,1,1,0,0,0.401824896,0.252857202,0.716121433,25000,0.2,8.00E-06,0.017,3000,72000,72000,72000,30000,30000,30000,0.2,0.2,0.2,5.00E-06,5.00E-06,5.00E-06,41216000000,41070000000,37984000000,16144000000,15674000000,15642000000,0.1845,0.2032,0.2017,6.26E-06,6.26E-06,6.56E-06
1,0,0,0,1,0,0,1,0,1,1,0,0,1,0,1,0,1,0,0,0,1,0,0,0,0,0.465059665,0.326372787,0.921135463,25000,0.2,8.00E-06,0.017,3000,72000,72000,72000,30000,30000,30000,0.2,0.2,0.2,5.00E-06,5.00E-06,5.00E-06,38279000000,38211000000,35852000000,14999000000,14758000000,14739000000,0.1848,0.2023,0.2011,6.48E-06,6.48E-06,6.73E-06
1,1,0,0,1,0,1,0,1,0,1,1,1,1,0,0,0,0,0,1,1,0,1,1,0,0,0.468839884,0.192051618,0.829000718,25000,0.2,8.00E-06,0.017,3000,72000,72000,72000,30000,30000,30000,0.2,0.2,0.2,5.00E-06,5.00E-06,5.00E-06,41698000000,41653000000,37674000000,16482000000,15391000000,15439000000,0.1862,0.2011,0.2016,6.22E-06,6.22E-06,6.64E-06
0,1,1,1,0,0,0,1,0,1,1,0,1,0,1,1,1,1,1,0,1,0,0,0,0,0,0.546459141,0.344374446,0.995211721,25000,0.2,8.00E-06,0.017,3000,72000,72000,72000,30000,30000,30000,0.2,0.2,0.2,5.00E-06,5.00E-06,5.00E-06,40892000000,40775000000,37765000000,16062000000,15565000000,15580000000,0.1849,0.2028,0.202,6.28E-06,6.28E-06,6.58E-06
0,1,1,0,0,0,0,1,1,0,1,0,0,1,0,1,1,1,1,1,0,0,1,1,1,0,0.385904495,0.270915949,0.641995555,25000,0.2,8.00E-06,0.017,3000,72000,72000,72000,30000,30000,30000,0.2,0.2,0.2,5.00E-06,5.00E-06,5.00E-06,42233000000,42075000000,39291000000,16482000000,16177000000,16203000000,0.1841,0.2023,0.2016,6.19E-06,6.20E-06,6.44E-06
0,0,0,0,1,0,1,1,0,1,0,1,1,1,0,1,1,1,1,1,1,0,1,1,0,0,0.782490306,0.139312631,1.181780721,25000,0.2,8.00E-06,0.017,3000,72000,72000,72000,30000,30000,30000,0.2,0.2,0.2,5.00E-06,5.00E-06,5.00E-06,43990000000,43949000000,39015000000,17397000000,15624000000,15645000000,0.1887,0.197,0.1973,6.08E-06,6.08E-06,6.60E-06
0,1,0,1,0,1,1,0,1,1,0,0,1,0,1,0,0,0,1,1,0,0,0,1,1,0,0.28725241,0.148666819,0.438565509,25000,0.2,8.00E-06,0.017,3000,72000,72000,72000,30000,30000,30000,0.2,0.2,0.2,5.00E-06,5.00E-06,5.00E-06,43208000000,43077000000,39763000000,16926000000,16310000000,16294000000,0.1848,0.2018,0.2006,6.13E-06,6.13E-06,6.43E-06
1,0,0,0,1,0,0,1,1,0,0,0,1,0,1,0,1,1,1,0,1,0,1,0,1,0,0.49866811,0.327944426,0.783135711,25000,0.2,8.00E-06,0.017,3000,72000,72000,72000,30000,30000,30000,0.2,0.2,0.2,5.00E-06,5.00E-06,5.00E-06,43157000000,42876000000,40078000000,16866000000,16438000000,16463000000,0.1854,0.2015,0.2003,6.13E-06,6.15E-06,6.39E-06
1,1,1,1,0,1,0,1,0,1,1,0,1,0,0,1,0,0,1,0,0,0,1,0,1,0,0.683159451,0.103666049,1.185079283,25000,0.2,8.00E-06,0.017,3000,72000,72000,72000,30000,30000,30000,0.2,0.2,0.2,5.00E-06,5.00E-06,5.00E-06,42678000000,42607000000,37545000000,16934000000,15000000000,15022000000,0.19,0.1966,0.1968,6.16E-06,6.16E-06,6.74E-06
1,1,1,1,0,0,1,0,1,0,1,0,1,1,0,0,1,0,1,0,1,0,0,0,0,0,0.947228697,0.238742348,1.717656177,25000,0.2,8.00E-06,0.017,3000,72000,72000,72000,30000,30000,30000,0.2,0.2,0.2,5.00E-06,5.00E-06,5.00E-06,41609000000,41565000000,36997000000,16496000000,14941000000,14956000000,0.1882,0.199,0.199,6.22E-06,6.23E-06,6.75E-06
1,1,1,0,0,1,1,0,0,0,1,1,1,1,0,1,1,1,0,0,1,1,1,0,1,0,0.238207198,0.377900954,0.395826914,25000,0.2,8.00E-06,0.017,3000,72000,72000,72000,30000,30000,30000,0.2,0.2,0.2,5.00E-06,5.00E-06,5.00E-06,42698000000,42531000000,42183000000,16314000000,16974000000,16794000000,0.1838,0.197,0.1926,6.20E-06,6.20E-06,6.19E-06
1,1,0,0,1,0,1,0,0,1,0,0,1,0,1,1,0,1,0,1,1,0,0,1,1,0,0.611877733,0.263845445,0.921104886,25000,0.2,8.00E-06,0.017,3000,72000,72000,72000,30000,30000,30000,0.2,0.2,0.2,5.00E-06,5.00E-06,5.00E-06,43371000000,43244000000,39579000000,17027000000,16190000000,16171000000,0.1853,0.2013,0.2003,6.12E-06,6.12E-06,6.47E-06
0,1,0,0,1,0,1,0,1,0,0,0,1,0,0,0,1,0,1,0,1,1,0,0,0,0,0.51154372,0.283505127,0.838790682,25000,0.2,8.00E-06,0.017,3000,72000,72000,72000,30000,30000,30000,0.2,0.2,0.2,5.00E-06,5.00E-06,5.00E-06,42592000000,42432000000,39125000000,16718000000,16059000000,16048000000,0.1854,0.2019,0.2007,6.16E-06,6.17E-06,6.49E-06
1,0,1,1,1,0,1,1,1,1,0,0,0,1,0,0,1,0,0,0,0,1,1,1,0,0,0.687421528,0.331909478,1.136931098,25000,0.2,8.00E-06,0.017,3000,72000,72000,72000,30000,30000,30000,0.2,0.2,0.2,5.00E-06,5.00E-06,5.00E-06,42423000000,42344000000,38668000000,16669000000,15861000000,15881000000,0.1849,0.202,0.2017,6.17E-06,6.18E-06,6.53E-06
1,0,1,1,1,0,0,0,0,0,1,1,0,1,0,0,0,1,0,0,1,1,0,0,0,0,0.497401319,0.176078414,0.892794114,25000,0.2,8.00E-06,0.017,3000,72000,72000,72000,30000,30000,30000,0.2,0.2,0.2,5.00E-06,5.00E-06,5.00E-06,41497000000,41522000000,37311000000,16421000000,15186000000,15241000000,0.1863,0.2004,0.2013,6.23E-06,6.23E-06,6.68E-06
0,1,1,0,0,0,1,0,0,1,1,1,0,1,0,0,0,0,0,0,0,1,1,0,1,0,0.591442077,0.385725735,0.954814979,25000,0.2,8.00E-06,0.017,3000,72000,72000,72000,30000,30000,30000,0.2,0.2,0.2,5.00E-06,5.00E-06,5.00E-06,42721000000,42550000000,39659000000,16706000000,16295000000,16292000000,0.1848,0.2018,0.2006,6.16E-06,6.17E-06,6.43E-06
1,0,0,0,0,1,0,0,0,1,0,0,1,0,1,0,1,0,0,0,1,1,1,1,1,0,0.725513318,0.375709012,1.213200204,25000,0.2,8.00E-06,0.017,3000,72000,72000,72000,30000,30000,30000,0.2,0.2,0.2,5.00E-06,5.00E-06,5.00E-06,42286000000,42183000000,38648000000,16610000000,15863000000,15914000000,0.1849,0.2019,0.2022,6.18E-06,6.19E-06,6.53E-06
0,0,1,1,0,0,0,1,1,0,1,1,1,1,0,0,1,1,0,1,0,0,1,0,0,0,0.980965194,0.376395664,1.793541225,25000,0.2,8.00E-06,0.017,3000,72000,72000,72000,30000,30000,30000,0.2,0.2,0.2,5.00E-06,5.00E-06,5.00E-06,41160000000,41060000000,37034000000,16237000000,15122000000,15129000000,0.1861,0.2015,0.2011,6.26E-06,6.26E-06,6.70E-06
0,0,0,1,1,1,0,0,1,1,0,0,0,1,0,0,0,0,1,1,0,1,1,1,0,0,0.894580002,0.166052497,1.612971003,25000,0.2,8.00E-06,0.017,3000,72000,72000,72000,30000,30000,30000,0.2,0.2,0.2,5.00E-06,5.00E-06,5.00E-06,42027000000,41990000000,37059000000,16674000000,14865000000,14884000000,0.1893,0.1975,0.1977,6.20E-06,6.20E-06,6.77E-06
1,1,0,0,1,0,1,0,0,1,0,1,1,0,0,1,1,0,0,1,0,1,0,1,1,0,0.62428016,0.187645735,0.971604265,25000,0.2,8.00E-06,0.017,3000,72000,72000,72000,30000,30000,30000,0.2,0.2,0.2,5.00E-06,5.00E-06,5.00E-06,43274000000,43179000000,38824000000,17067000000,15741000000,15756000000,0.1868,0.1998,0.1996,6.12E-06,6.13E-06,6.57E-06
0,1,1,0,0,1,1,0,1,1,1,1,1,1,0,1,0,1,1,0,0,1,1,0,1,0,0.715694161,0.255297656,1.376601273,25000,0.2,8.00E-06,0.017,3000,72000,72000,72000,30000,30000,30000,0.2,0.2,0.2,5.00E-06,5.00E-06,5.00E-06,39998000000,39882000000,36006000000,15799000000,14656000000,14683000000,0.1868,0.2008,0.2008,6.34E-06,6.35E-06,6.80E-06
0,1,0,0,1,1,0,0,0,1,0,1,0,0,0,1,0,1,1,1,1,1,0,0,1,0,0.706214802,0.239246525,1.270712505,25000,0.2,8.00E-06,0.017,3000,72000,72000,72000,30000,30000,30000,0.2,0.2,0.2,5.00E-06,5.00E-06,5.00E-06,41559000000,41514000000,37268000000,16433000000,15155000000,15189000000,0.1867,0.2004,0.2007,6.23E-06,6.23E-06,6.69E-06
0,0,1,1,0,1,0,0,1,0,0,0,1,1,1,1,0,1,1,0,0,1,1,1,0,0,0.227395964,0.259771337,0.448894724,25000,0.2,8.00E-06,0.017,3000,72000,72000,72000,30000,30000,30000,0.2,0.2,0.2,5.00E-06,5.00E-06,5.00E-06,38661000000,38437000000,37201000000,14965000000,15228000000,15159000000,0.1848,0.2008,0.198,6.46E-06,6.47E-06,6.57E-06
0,1,1,1,1,0,1,0,0,0,0,0,1,0,1,1,1,0,0,0,0,0,0,0,1,0,0.642066065,0.262222714,1.251208385,25000,0.2,8.00E-06,0.017,3000,72000,72000,72000,30000,30000,30000,0.2,0.2,0.2,5.00E-06,5.00E-06,5.00E-06,39442000000,39383000000,35784000000,15570000000,14608000000,14657000000,0.1861,0.2011,0.2018,6.38E-06,6.39E-06,6.80E-06
0,0,1,1,1,1,0,0,0,1,1,0,1,1,0,1,0,1,0,0,0,1,1,0,1,0,0.551390518,0.230139749,0.938559883,25000,0.2,8.00E-06,0.017,3000,72000,72000,72000,30000,30000,30000,0.2,0.2,0.2,5.00E-06,5.00E-06,5.00E-06,42123000000,42016000000,38105000000,16609000000,15591000000,15596000000,0.1859,0.2017,0.201,6.19E-06,6.20E-06,6.60E-06
1,1,1,0,0,1,0,1,0,0,0,0,0,0,1,0,0,1,0,1,1,1,0,0,1,0,0.628516663,0.251844421,1.172254745,25000,0.2,8.00E-06,0.017,3000,72000,72000,72000,30000,30000,30000,0.2,0.2,0.2,5.00E-06,5.00E-06,5.00E-06,40714000000,40575000000,36737000000,16057000000,15007000000,15028000000,0.1862,0.2016,0.2013,6.29E-06,6.30E-06,6.72E-06
0,0,0,1,0,1,1,1,1,0,0,0,0,1,1,0,0,1,0,1,0,1,1,1,0,0,0.761383564,0.359410708,1.50570182,25000,0.2,8.00E-06,0.017,3000,72000,72000,72000,30000,30000,30000,0.2,0.2,0.2,5.00E-06,5.00E-06,5.00E-06,38494000000,38484000000,35310000000,15152000000,14458000000,14482000000,0.1854,0.2016,0.2018,6.45E-06,6.46E-06,6.82E-06
0,0,0,1,0,1,0,1,0,1,0,1,1,1,0,1,0,0,1,0,1,0,1,1,0,0,0.50050033,0.376345832,0.963502019,25000,0.2,8.00E-06,0.017,3000,72000,72000,72000,30000,30000,30000,0.2,0.2,0.2,5.00E-06,5.00E-06,5.00E-06,39671000000,39475000000,37117000000,15527000000,15286000000,15304000000,0.1849,0.2024,0.2015,6.37E-06,6.38E-06,6.61E-06
0,0,0,0,1,1,0,0,0,1,1,0,0,0,0,1,0,0,0,1,1,1,1,0,1,0,0.808248018,0.169810213,1.389871486,25000,0.2,8.00E-06,0.017,3000,72000,72000,72000,30000,30000,30000,0.2,0.2,0.2,5.00E-06,5.00E-06,5.00E-06,42535000000,42522000000,37628000000,16857000000,15136000000,15147000000,0.1885,0.1982,0.1982,6.17E-06,6.17E-06,6.71E-06
1,1,1,0,0,0,1,0,1,1,1,1,0,0,1,0,1,1,0,1,0,0,0,1,0,0,0.983617828,0.190533844,1.545239355,25000,0.2,8.00E-06,0.017,3000,72000,72000,72000,30000,30000,30000,0.2,0.2,0.2,5.00E-06,5.00E-06,5.00E-06,43527000000,43517000000,38601000000,17238000000,15489000000,15516000000,0.1886,0.1974,0.1978,6.10E-06,6.11E-06,6.63E-06
1,0,0,0,1,1,1,1,1,0,1,0,1,1,0,0,1,0,0,0,0,0,1,0,0,0,0.790696454,0.130064064,1.570940347,25000,0.2,8.00E-06,0.017,3000,72000,72000,72000,30000,30000,30000,0.2,0.2,0.2,5.00E-06,5.00E-06,5.00E-06,38889000000,38899000000,34833000000,15358000000,13937000000,13944000000,0.1892,0.1964,0.1966,6.43E-06,6.43E-06,6.97E-06
1,0,1,1,1,1,0,0,0,1,1,0,0,0,0,0,1,0,0,1,1,0,1,1,0,0,0.880428205,0.21514058,1.550780632,25000,0.2,8.00E-06,0.017,3000,72000,72000,72000,30000,30000,30000,0.2,0.2,0.2,5.00E-06,5.00E-06,5.00E-06,42142000000,42102000000,37421000000,16698000000,15099000000,15115000000,0.1881,0.1988,0.1989,6.19E-06,6.19E-06,6.71E-06
1,0,1,0,1,0,1,0,0,1,0,0,1,1,0,1,1,0,0,0,0,0,0,1,1,0,0.52520071,0.130499971,0.979179584,25000,0.2,8.00E-06,0.017,3000,72000,72000,72000,30000,30000,30000,0.2,0.2,0.2,5.00E-06,5.00E-06,5.00E-06,40992000000,40982000000,36458000000,16269000000,14713000000,14749000000,0.1883,0.1987,0.1993,6.26E-06,6.27E-06,6.80E-06
1,1,0,1,1,1,1,0,0,0,1,1,1,1,0,1,1,1,0,0,1,0,1,0,0,0,0.899592731,0.375135686,1.715797725,25000,0.2,8.00E-06,0.017,3000,72000,72000,72000,30000,30000,30000,0.2,0.2,0.2,5.00E-06,5.00E-06,5.00E-06,40139000000,40017000000,36302000000,15824000000,14844000000,14864000000,0.1859,0.2018,0.2016,6.33E-06,6.34E-06,6.75E-06
0,1,0,0,1,1,1,0,1,0,1,1,1,0,1,1,1,0,0,1,1,1,0,1,1,15,0.590085675,0.111186724,1.198060842,25000,0.2,8.00E-06,0.017,3000,72000,72000,72000,30000,30000,30000,0.2,0.2,0.2,5.00E-06,5.00E-06,5.00E-06,39648000000,39234000000,35587000000,15749000000,14212000000,14327000000,0.193,0.1955,0.1962,6.35E-06,6.40E-06,6.88E-06
1,1,0,0,1,1,1,1,0,0,1,1,1,0,0,1,0,1,0,1,0,1,1,1,0,15,0.282055164,0.362809854,0.620891075,25000,0.2,8.00E-06,0.017,3000,72000,72000,72000,30000,30000,30000,0.2,0.2,0.2,5.00E-06,5.00E-06,5.00E-06,37507000000,36530000000,36658000000,14461000000,14743000000,14946000000,0.1903,0.1958,0.1965,6.53E-06,6.65E-06,6.60E-06
0,0,0,1,1,0,0,0,0,1,1,1,0,0,0,1,1,0,1,0,1,0,0,0,1,15,0.611437634,0.22616191,1.309338942,25000,0.2,8.00E-06,0.017,3000,72000,72000,72000,30000,30000,30000,0.2,0.2,0.2,5.00E-06,5.00E-06,5.00E-06,37770000000,37162000000,34729000000,14848000000,14033000000,14175000000,0.1907,0.1978,0.1989,6.50E-06,6.57E-06,6.89E-06
1,1,1,0,0,0,1,0,1,1,1,1,0,0,0,1,1,0,1,1,1,1,0,1,1,15,0.703069226,0.275083235,1.353567998,25000,0.2,8.00E-06,0.017,3000,72000,72000,72000,30000,30000,30000,0.2,0.2,0.2,5.00E-06,5.00E-06,5.00E-06,40329000000,39879000000,36664000000,15995000000,14923000000,14980000000,0.1903,0.1996,0.1997,6.30E-06,6.34E-06,6.72E-06
1,1,0,1,0,1,1,1,1,0,0,0,0,1,1,0,1,1,1,1,0,1,0,1,0,15,0.772491145,0.130546784,1.510519545,25000,0.2,8.00E-06,0.017,3000,72000,72000,72000,30000,30000,30000,0.2,0.2,0.2,5.00E-06,5.00E-06,5.00E-06,40583000000,40179000000,36174000000,16155000000,14447000000,14538000000,0.1933,0.1955,0.196,6.29E-06,6.33E-06,6.84E-06
1,1,1,1,0,1,1,1,0,1,0,0,0,1,1,0,0,0,1,1,1,1,0,0,0,15,0.854054145,0.261350618,1.665477768,25000,0.2,8.00E-06,0.017,3000,72000,72000,72000,30000,30000,30000,0.2,0.2,0.2,5.00E-06,5.00E-06,5.00E-06,40197000000,39765000000,36295000000,15963000000,14678000000,14747000000,0.1912,0.1983,0.1986,6.31E-06,6.35E-06,6.78E-06
0,1,1,1,0,0,1,1,1,1,0,0,1,1,1,1,0,0,1,0,1,0,0,0,0,15,0.358034684,0.167613065,0.639751073,25000,0.2,8.00E-06,0.017,3000,72000,72000,72000,30000,30000,30000,0.2,0.2,0.2,5.00E-06,5.00E-06,5.00E-06,41363000000,40761000000,37834000000,16337000000,15470000000,15534000000,0.1897,0.2005,0.2002,6.23E-06,6.28E-06,6.60E-06
0,0,1,1,1,0,0,1,1,1,0,0,0,1,1,1,1,1,1,0,0,1,1,1,0,15,0.492853915,0.341306533,0.964309523,25000,0.2,8.00E-06,0.017,3000,72000,72000,72000,30000,30000,30000,0.2,0.2,0.2,5.00E-06,5.00E-06,5.00E-06,39621000000,38871000000,36926000000,15522000000,15180000000,15220000000,0.189,0.2016,0.2002,6.36E-06,6.42E-06,6.63E-06
1,0,0,0,0,1,1,1,1,1,0,0,0,1,0,0,0,1,1,0,1,0,1,1,1,15,0.854901727,0.278433314,1.591740459,25000,0.2,8.00E-06,0.017,3000,72000,72000,72000,30000,30000,30000,0.2,0.2,0.2,5.00E-06,5.00E-06,5.00E-06,41043000000,40539000000,37058000000,16278000000,15021000000,15087000000,0.1908,0.1988,0.1991,6.25E-06,6.30E-06,6.70E-06
0,1,1,0,1,0,0,1,0,1,0,0,0,1,1,1,0,1,0,1,1,1,1,1,0,15,0.272445744,0.319004146,0.479806784,25000,0.2,8.00E-06,0.017,3000,72000,72000,72000,30000,30000,30000,0.2,0.2,0.2,5.00E-06,5.00E-06,5.00E-06,42606000000,41676000000,40960000000,16604000000,16536000000,16641000000,0.1915,0.1962,0.1956,6.16E-06,6.24E-06,6.30E-06
1,1,1,0,0,1,1,0,0,0,1,0,1,0,0,1,1,1,0,1,0,1,1,1,0,15,0.513669421,0.353411673,1.151117991,25000,0.2,8.00E-06,0.017,3000,72000,72000,72000,30000,30000,30000,0.2,0.2,0.2,5.00E-06,5.00E-06,5.00E-06,36950000000,36264000000,34788000000,14441000000,14207000000,14333000000,0.1894,0.1997,0.2002,6.57E-06,6.65E-06,6.82E-06
0,0,1,1,0,1,1,1,1,0,0,0,0,0,1,0,1,1,0,1,1,1,0,1,0,15,0.508121892,0.161469158,0.895982651,25000,0.2,8.00E-06,0.017,3000,72000,72000,72000,30000,30000,30000,0.2,0.2,0.2,5.00E-06,5.00E-06,5.00E-06,41940000000,41461000000,37771000000,16657000000,15287000000,15372000000,0.1911,0.1982,0.199,6.19E-06,6.23E-06,6.65E-06
0,0,1,1,1,0,0,0,0,0,1,1,0,0,1,0,1,0,1,0,1,0,0,1,1,15,0.633950824,0.393001858,1.286944901,25000,0.2,8.00E-06,0.017,3000,72000,72000,72000,30000,30000,30000,0.2,0.2,0.2,5.00E-06,5.00E-06,5.00E-06,38726000000,38157000000,36149000000,15238000000,14800000000,14900000000,0.1892,0.2003,0.2006,6.42E-06,6.48E-06,6.70E-06
1,1,1,1,0,1,1,1,1,0,1,0,0,1,0,0,1,1,0,0,0,0,0,1,1,15,0.931282723,0.343730544,1.848065468,25000,0.2,8.00E-06,0.017,3000,72000,72000,72000,30000,30000,30000,0.2,0.2,0.2,5.00E-06,5.00E-06,5.00E-06,39719000000,39335000000,36138000000,15772000000,14675000000,14759000000,0.1905,0.1989,0.1997,6.34E-06,6.39E-06,6.77E-06
1,1,1,0,1,0,0,0,0,0,1,1,1,1,0,1,1,0,0,0,0,1,0,0,0,15,0.659654341,0.260911994,1.455829615,25000,0.2,8.00E-06,0.017,3000,72000,72000,72000,30000,30000,30000,0.2,0.2,0.2,5.00E-06,5.00E-06,5.00E-06,37412000000,36840000000,34512000000,14711000000,13979000000,14118000000,0.1903,0.1983,0.1994,6.53E-06,6.60E-06,6.90E-06
1,0,1,0,1,0,0,1,1,1,1,0,1,1,0,1,0,0,1,0,1,0,0,0,1,15,0.846702151,0.192496719,1.491818129,25000,0.2,8.00E-06,0.017,3000,72000,72000,72000,30000,30000,30000,0.2,0.2,0.2,5.00E-06,5.00E-06,5.00E-06,42204000000,41681000000,37634000000,16766000000,15124000000,15197000000,0.1922,0.197,0.1973,6.17E-06,6.22E-06,6.69E-06
0,0,1,0,0,1,1,0,0,0,0,0,1,0,0,0,0,0,1,1,0,1,1,1,0,15,0.86365659,0.201230843,1.826368341,25000,0.2,8.00E-06,0.017,3000,72000,72000,72000,30000,30000,30000,0.2,0.2,0.2,5.00E-06,5.00E-06,5.00E-06,38197000000,37654000000,34741000000,15060000000,13908000000,14067000000,0.1921,0.1957,0.1972,6.47E-06,6.53E-06,6.93E-06
0,0,1,0,1,0,1,0,1,1,1,1,0,0,1,1,0,0,1,1,1,0,0,1,0,15,0.43227438,0.204800127,0.820493787,25000,0.2,8.00E-06,0.017,3000,72000,72000,72000,30000,30000,30000,0.2,0.2,0.2,5.00E-06,5.00E-06,5.00E-06,40431000000,39907000000,36992000000,16006000000,15116000000,15169000000,0.1901,0.2001,0.2,6.29E-06,6.34E-06,6.67E-06
1,0,0,0,1,1,1,1,0,1,1,1,0,1,0,1,0,0,1,1,0,1,1,1,1,15,0.384169866,0.394780817,0.712191758,25000,0.2,8.00E-06,0.017,3000,72000,72000,72000,30000,30000,30000,0.2,0.2,0.2,5.00E-06,5.00E-06,5.00E-06,41135000000,40217000000,39324000000,16027000000,15962000000,16104000000,0.1904,0.1978,0.1977,6.25E-06,6.34E-06,6.41E-06
1,1,1,0,0,0,0,0,1,0,0,1,1,1,1,0,0,1,0,0,1,0,0,0,0,15,0.32330043,0.212016226,0.604081698,25000,0.2,8.00E-06,0.017,3000,72000,72000,72000,30000,30000,30000,0.2,0.2,0.2,5.00E-06,5.00E-06,5.00E-06,40491000000,39839000000,37695000000,15920000000,15464000000,15540000000,0.1892,0.2008,0.2004,6.29E-06,6.35E-06,6.57E-06
1,1,0,0,1,1,0,0,0,0,0,1,1,1,0,0,0,1,1,1,0,1,0,0,0,15,0.599083852,0.321778094,1.330967856,25000,0.2,8.00E-06,0.017,3000,72000,72000,72000,30000,30000,30000,0.2,0.2,0.2,5.00E-06,5.00E-06,5.00E-06,37179000000,36525000000,34650000000,14572000000,14110000000,14252000000,0.1897,0.1993,0.2002,6.55E-06,6.62E-06,6.85E-06
1,0,1,1,1,0,1,1,0,0,1,0,1,0,1,1,1,0,0,0,1,1,1,0,1,15,0.351554799,0.335592901,0.700925948,25000,0.2,8.00E-06,0.017,3000,72000,72000,72000,30000,30000,30000,0.2,0.2,0.2,5.00E-06,5.00E-06,5.00E-06,39434000000,38769000000,37674000000,15437000000,15373000000,15461000000,0.1897,0.1988,0.1986,6.37E-06,6.44E-06,6.54E-06
0,0,0,1,0,0,1,1,0,1,0,0,1,1,0,1,0,1,0,1,0,1,1,1,1,15,0.660873862,0.101301381,1.38871667,25000,0.2,8.00E-06,0.017,3000,72000,72000,72000,30000,30000,30000,0.2,0.2,0.2,5.00E-06,5.00E-06,5.00E-06,38486000000,37908000000,34756000000,15180000000,13835000000,13997000000,0.1933,0.1944,0.1957,6.44E-06,6.51E-06,6.96E-06
1,0,0,0,0,1,1,1,0,0,1,0,0,0,1,0,1,1,1,1,1,1,0,0,0,15,0.259049275,0.155646446,0.465247688,25000,0.2,8.00E-06,0.017,3000,72000,72000,72000,30000,30000,30000,0.2,0.2,0.2,5.00E-06,5.00E-06,5.00E-06,41223000000,40533000000,38093000000,16223000000,15619000000,15702000000,0.1894,0.2008,0.2005,6.24E-06,6.30E-06,6.55E-06
0,0,1,1,1,1,0,0,0,1,1,0,0,1,0,0,1,0,0,0,1,1,0,1,1,15,0.45396785,0.247848298,0.838638445,25000,0.2,8.00E-06,0.017,3000,72000,72000,72000,30000,30000,30000,0.2,0.2,0.2,5.00E-06,5.00E-06,5.00E-06,40779000000,40188000000,37606000000,16100000000,15400000000,15475000000,0.1896,0.2005,0.2004,6.27E-06,6.32E-06,6.60E-06
1,1,1,0,1,1,1,1,0,1,1,0,0,1,1,1,0,1,0,1,1,1,0,0,1,15,0.85479849,0.25747379,1.685324284,25000,0.2,8.00E-06,0.017,3000,72000,72000,72000,30000,30000,30000,0.2,0.2,0.2,5.00E-06,5.00E-06,5.00E-06,40154000000,39651000000,36178000000,15922000000,14620000000,14676000000,0.1914,0.1984,0.1982,6.32E-06,6.36E-06,6.79E-06
1,0,0,0,1,0,0,0,1,0,0,0,0,1,0,1,1,0,0,0,1,0,0,0,0,15,0.704774291,0.237198581,1.426148297,25000,0.2,8.00E-06,0.017,3000,72000,72000,72000,30000,30000,30000,0.2,0.2,0.2,5.00E-06,5.00E-06,5.00E-06,39423000000,38900000000,35785000000,15608000000,14486000000,14560000000,0.191,0.1988,0.1985,6.37E-06,6.42E-06,6.81E-06
0,1,0,0,1,1,0,1,1,1,1,0,0,1,1,1,1,1,1,1,0,0,1,1,0,15,0.610871874,0.39875652,1.153102542,25000,0.2,8.00E-06,0.017,3000,72000,72000,72000,30000,30000,30000,0.2,0.2,0.2,5.00E-06,5.00E-06,5.00E-06,40360000000,39807000000,37582000000,15906000000,15403000000,15490000000,0.1893,0.2003,0.2005,6.30E-06,6.35E-06,6.58E-06
0,1,0,0,1,1,0,0,0,0,0,0,0,0,1,0,0,1,1,0,1,1,0,0,1,15,0.259825621,0.307921035,0.519259871,25000,0.2,8.00E-06,0.017,3000,72000,72000,72000,30000,30000,30000,0.2,0.2,0.2,5.00E-06,5.00E-06,5.00E-06,39836000000,38926000000,38421000000,15488000000,15558000000,15675000000,0.1906,0.1973,0.1967,6.35E-06,6.44E-06,6.47E-06
1,1,0,0,0,1,0,1,0,1,1,1,1,0,1,1,0,0,0,0,0,0,0,1,1,15,0.927097361,0.397929758,1.712592493,25000,0.2,8.00E-06,0.017,3000,72000,72000,72000,30000,30000,30000,0.2,0.2,0.2,5.00E-06,5.00E-06,5.00E-06,40916000000,40399000000,37289000000,16206000000,15206000000,15282000000,0.1901,0.1999,0.2001,6.26E-06,6.31E-06,6.66E-06
0,0,0,1,1,0,0,0,1,0,1,0,1,1,0,0,1,1,1,1,1,0,1,0,1,15,0.748558778,0.257153593,1.576989109,25000,0.2,8.00E-06,0.017,3000,72000,72000,72000,30000,30000,30000,0.2,0.2,0.2,5.00E-06,5.00E-06,5.00E-06,37955000000,37317000000,34826000000,14926000000,14060000000,14201000000,0.191,0.1977,0.1987,6.48E-06,6.56E-06,6.89E-06
1,0,1,0,1,1,1,0,0,1,1,1,0,1,0,1,1,1,0,1,0,1,0,0,0,15,0.383971155,0.244660209,0.709443008,25000,0.2,8.00E-06,0.017,3000,72000,72000,72000,30000,30000,30000,0.2,0.2,0.2,5.00E-06,5.00E-06,5.00E-06,40839000000,40163000000,37923000000,16082000000,15532000000,15601000000,0.1898,0.2002,0.1999,6.27E-06,6.33E-06,6.56E-06
1,0,1,1,1,1,0,1,0,1,0,1,0,1,0,0,1,1,1,0,0,0,1,1,1,15,0.629244586,0.189919523,1.301564439,25000,0.2,8.00E-06,0.017,3000,72000,72000,72000,30000,30000,30000,0.2,0.2,0.2,5.00E-06,5.00E-06,5.00E-06,38322000000,37813000000,34967000000,15127000000,14085000000,14208000000,0.1913,0.1973,0.198,6.46E-06,6.51E-06,6.89E-06
0,1,0,1,1,1,1,0,1,1,0,1,0,1,0,1,1,0,1,0,1,1,1,1,0,15,0.907728529,0.125792175,1.637997,25000,0.2,8.00E-06,0.017,3000,72000,72000,72000,30000,30000,30000,0.2,0.2,0.2,5.00E-06,5.00E-06,5.00E-06,42165000000,41714000000,37306000000,16785000000,14859000000,14948000000,0.1937,0.1949,0.1954,6.18E-06,6.22E-06,6.75E-06
1,0,0,0,1,1,0,0,1,1,1,0,0,1,1,0,1,1,1,1,0,0,0,1,0,15,0.962226724,0.251699093,2.079708997,25000,0.2,8.00E-06,0.017,3000,72000,72000,72000,30000,30000,30000,0.2,0.2,0.2,5.00E-06,5.00E-06,5.00E-06,37859000000,37295000000,34491000000,14920000000,13859000000,13987000000,0.1918,0.1967,0.1974,6.49E-06,6.56E-06,6.95E-06
1,0,1,1,0,0,0,0,0,1,0,1,1,0,0,0,1,1,0,1,1,1,1,1,0,15,0.664150464,0.331105244,1.1794278,25000,0.2,8.00E-06,0.017,3000,72000,72000,72000,30000,30000,30000,0.2,0.2,0.2,5.00E-06,5.00E-06,5.00E-06,41446000000,40863000000,38005000000,16378000000,15541000000,15603000000,0.1898,0.2003,0.2,6.22E-06,6.27E-06,6.58E-06
0,1,1,0,1,1,1,1,1,0,0,1,0,1,1,1,1,1,1,1,1,0,0,0,1,15,0.372871108,0.335270115,0.824246047,25000,0.2,8.00E-06,0.017,3000,72000,72000,72000,30000,30000,30000,0.2,0.2,0.2,5.00E-06,5.00E-06,5.00E-06,37168000000,36446000000,35570000000,14474000000,14461000000,14634000000,0.1896,0.1983,0.1993,6.55E-06,6.64E-06,6.72E-06
0,0,1,1,1,1,1,1,0,0,1,0,1,1,1,1,0,1,1,0,1,1,0,0,1,15,0.545157143,0.325769222,1.137702565,25000,0.2,8.00E-06,0.017,3000,72000,72000,72000,30000,30000,30000,0.2,0.2,0.2,5.00E-06,5.00E-06,5.00E-06,37684000000,37063000000,35377000000,14771000000,14392000000,14584000000,0.1895,0.1988,0.2005,6.50E-06,6.58E-06,6.77E-06
1,0,1,0,1,1,0,0,0,1,1,1,0,0,1,1,0,1,1,0,0,0,1,0,0,15,0.476194024,0.241441933,0.974734737,25000,0.2,8.00E-06,0.017,3000,72000,72000,72000,30000,30000,30000,0.2,0.2,0.2,5.00E-06,5.00E-06,5.00E-06,38452000000,37978000000,35516000000,15189000000,14515000000,14575000000,0.1897,0.2004,0.1999,6.44E-06,6.49E-06,6.79E-06
1,0,0,1,0,0,1,0,1,1,0,0,1,0,1,0,0,0,1,1,1,0,1,1,0,15,0.287789255,0.262038855,0.592204859,25000,0.2,8.00E-06,0.017,3000,72000,72000,72000,30000,30000,30000,0.2,0.2,0.2,5.00E-06,5.00E-06,5.00E-06,38258000000,37724000000,36599000000,14998000000,14920000000,14984000000,0.1897,0.1989,0.1981,6.47E-06,6.52E-06,6.64E-06
0,0,0,1,1,0,1,0,0,1,0,0,1,1,0,0,0,1,1,0,0,1,1,0,0,15,0.224889264,0.361427854,0.504905692,25000,0.2,8.00E-06,0.017,3000,72000,72000,72000,30000,30000,30000,0.2,0.2,0.2,5.00E-06,5.00E-06,5.00E-06,37704000000,36647000000,37289000000,14472000000,14863000000,15091000000,0.1909,0.1938,0.1946,6.53E-06,6.65E-06,6.54E-06
0,1,0,0,0,1,0,1,0,0,0,1,1,1,1,1,0,1,1,0,1,1,0,0,0,15,0.37434418,0.1013956,0.810584039,25000,0.2,8.00E-06,0.017,3000,72000,72000,72000,30000,30000,30000,0.2,0.2,0.2,5.00E-06,5.00E-06,5.00E-06,37860000000,37275000000,34519000000,14913000000,13871000000,14003000000,0.1918,0.1966,0.1975,6.49E-06,6.56E-06,6.94E-06
0,1,1,0,0,1,1,1,1,1,0,0,1,1,1,1,1,0,0,0,1,1,0,0,0,15,0.837689709,0.37705568,1.584246375,25000,0.2,8.00E-06,0.017,3000,72000,72000,72000,30000,30000,30000,0.2,0.2,0.2,5.00E-06,5.00E-06,5.00E-06,40494000000,39884000000,36946000000,15990000000,15091000000,15149000000,0.1898,0.2005,0.2001,6.29E-06,6.35E-06,6.68E-06
0,1,1,0,1,1,0,0,1,1,0,0,0,1,1,1,1,0,1,1,1,0,0,0,0,15,0.737602944,0.147493427,1.404187164,25000,0.2,8.00E-06,0.017,3000,72000,72000,72000,30000,30000,30000,0.2,0.2,0.2,5.00E-06,5.00E-06,5.00E-06,41031000000,40635000000,36603000000,16335000000,14663000000,14744000000,0.1927,0.1961,0.1968,6.25E-06,6.29E-06,6.79E-06
1,0,1,0,1,0,0,1,0,1,0,0,1,0,0,0,0,0,0,0,1,1,1,1,0,15,0.604194508,0.175155565,1.263217697,25000,0.2,8.00E-06,0.017,3000,72000,72000,72000,30000,30000,30000,0.2,0.2,0.2,5.00E-06,5.00E-06,5.00E-06,38110000000,37513000000,34813000000,15011000000,14011000000,14153000000,0.1914,0.197,0.1981,6.47E-06,6.54E-06,6.90E-06
1,0,0,0,1,1,1,0,0,0,0,0,0,1,1,1,0,0,0,1,0,1,1,0,1,15,0.63978106,0.313196354,1.420889575,25000,0.2,8.00E-06,0.017,3000,72000,72000,72000,30000,30000,30000,0.2,0.2,0.2,5.00E-06,5.00E-06,5.00E-06,37211000000,36609000000,34592000000,14609000000,14065000000,14206000000,0.1899,0.1989,0.2001,6.54E-06,6.62E-06,6.87E-06
1,0,0,1,0,0,1,0,0,1,1,0,1,1,1,0,0,1,0,0,1,1,1,0,0,15,0.679506179,0.111949813,1.344357052,25000,0.2,8.00E-06,0.017,3000,72000,72000,72000,30000,30000,30000,0.2,0.2,0.2,5.00E-06,5.00E-06,5.00E-06,40370000000,40021000000,36030000000,16086000000,14375000000,14479000000,0.1933,0.1951,0.1961,6.30E-06,6.34E-06,6.86E-06
1,0,0,0,1,1,1,1,1,0,0,1,1,1,1,1,1,1,0,0,0,0,1,0,1,15,0.965076283,0.196844469,2.014650259,25000,0.2,8.00E-06,0.017,3000,72000,72000,72000,30000,30000,30000,0.2,0.2,0.2,5.00E-06,5.00E-06,5.00E-06,38374000000,37835000000,34814000000,15136000000,13911000000,14068000000,0.1924,0.1953,0.1967,6.45E-06,6.52E-06,6.93E-06
0,0,1,1,0,0,1,0,0,1,0,0,0,0,1,0,1,0,0,1,0,0,1,0,1,15,0.413883213,0.240266387,0.749145788,25000,0.2,8.00E-06,0.017,3000,72000,72000,72000,30000,30000,30000,0.2,0.2,0.2,5.00E-06,5.00E-06,5.00E-06,41174000000,40501000000,38006000000,16224000000,15581000000,15618000000,0.1897,0.2008,0.1999,6.24E-06,6.30E-06,6.56E-06
0,1,0,0,0,0,0,1,1,1,1,1,0,0,1,1,1,0,0,1,0,0,1,1,0,15,0.871636096,0.330595268,1.933328069,25000,0.2,8.00E-06,0.017,3000,72000,72000,72000,30000,30000,30000,0.2,0.2,0.2,5.00E-06,5.00E-06,5.00E-06,37403000000,36873000000,34480000000,14724000000,13940000000,14095000000,0.1906,0.1977,0.1994,6.53E-06,6.60E-06,6.91E-06
1,1,0,1,0,1,0,1,1,1,1,0,0,0,0,0,1,1,1,0,0,0,1,1,0,15,0.630016463,0.142938796,1.234455854,25000,0.2,8.00E-06,0.017,3000,72000,72000,72000,30000,30000,30000,0.2,0.2,0.2,5.00E-06,5.00E-06,5.00E-06,40343000000,39930000000,36173000000,16049000000,14527000000,14607000000,0.1923,0.1967,0.1973,6.30E-06,6.34E-06,6.82E-06
0,0,1,0,1,0,0,0,0,0,0,0,1,1,1,1,1,1,1,0,1,0,0,0,1,15,0.533646023,0.31960507,0.970283707,25000,0.2,8.00E-06,0.017,3000,72000,72000,72000,30000,30000,30000,0.2,0.2,0.2,5.00E-06,5.00E-06,5.00E-06,41025000000,40370000000,37979000000,16157000000,15566000000,15645000000,0.1894,0.2005,0.2004,6.25E-06,6.31E-06,6.56E-06
1,1,0,0,0,1,0,1,0,0,1,1,0,1,1,0,0,1,0,0,0,0,1,0,0,15,0.511406247,0.192753599,1.046887185,25000,0.2,8.00E-06,0.017,3000,72000,72000,72000,30000,30000,30000,0.2,0.2,0.2,5.00E-06,5.00E-06,5.00E-06,38655000000,38290000000,35364000000,15329000000,14349000000,14441000000,0.1905,0.1988,0.1993,6.43E-06,6.47E-06,6.84E-06
1,0,1,1,0,0,1,0,1,0,1,1,0,1,1,0,1,0,1,0,0,1,0,0,1,15,0.603287236,0.348939982,1.116424433,25000,0.2,8.00E-06,0.017,3000,72000,72000,72000,30000,30000,30000,0.2,0.2,0.2,5.00E-06,5.00E-06,5.00E-06,40877000000,40265000000,37773000000,16148000000,15459000000,15524000000,0.1901,0.2001,0.1999,6.26E-06,6.32E-06,6.59E-06
1,1,1,0,0,1,0,1,0,1,0,1,0,1,0,0,0,1,0,1,1,1,0,1,1,15,0.372688012,0.104189428,0.835769837,25000,0.2,8.00E-06,0.017,3000,72000,72000,72000,30000,30000,30000,0.2,0.2,0.2,5.00E-06,5.00E-06,5.00E-06,37543000000,36962000000,34317000000,14789000000,13797000000,13937000000,0.1918,0.1966,0.1978,6.52E-06,6.59E-06,6.96E-06
1,1,1,1,1,0,1,1,1,1,1,0,0,0,1,1,1,0,0,0,0,0,0,0,1,15,0.330707508,0.219437982,0.740042349,25000,0.2,8.00E-06,0.017,3000,72000,72000,72000,30000,30000,30000,0.2,0.2,0.2,5.00E-06,5.00E-06,5.00E-06,36948000000,36426000000,34854000000,14477000000,14207000000,14380000000,0.1891,0.1989,0.2008,6.57E-06,6.64E-06,6.81E-06
1,1,1,0,1,0,1,0,0,0,1,1,1,1,0,0,0,1,0,1,0,1,1,0,1,15,0.543821721,0.257558294,1.127157829,25000,0.2,8.00E-06,0.017,3000,72000,72000,72000,30000,30000,30000,0.2,0.2,0.2,5.00E-06,5.00E-06,5.00E-06,37886000000,37206000000,35106000000,14855000000,14263000000,14400000000,0.19,0.199,0.1997,6.49E-06,6.57E-06,6.83E-06
1,1,0,0,1,1,0,0,0,1,0,1,0,0,0,0,0,1,0,0,1,1,0,1,1,15,0.782099975,0.226799451,1.556828491,25000,0.2,8.00E-06,0.017,3000,72000,72000,72000,30000,30000,30000,0.2,0.2,0.2,5.00E-06,5.00E-06,5.00E-06,39863000000,39433000000,35995000000,15831000000,14527000000,14605000000,0.1914,0.198,0.1982,6.34E-06,6.38E-06,6.81E-06
0,1,0,1,0,1,1,1,0,0,0,1,1,1,0,1,1,0,1,1,0,1,1,0,0,15,0.293697616,0.19299345,0.517885054,25000,0.2,8.00E-06,0.017,3000,72000,72000,72000,30000,30000,30000,0.2,0.2,0.2,5.00E-06,5.00E-06,5.00E-06,41600000000,40872000000,38704000000,16357000000,15847000000,15935000000,0.1896,0.2002,0.1998,6.21E-06,6.28E-06,6.49E-06
1,0,0,1,0,1,1,0,1,1,0,1,1,1,1,1,0,1,0,0,0,1,0,1,1,15,0.478970962,0.232930136,1.068072327,25000,0.2,8.00E-06,0.017,3000,72000,72000,72000,30000,30000,30000,0.2,0.2,0.2,5.00E-06,5.00E-06,5.00E-06,37222000000,36616000000,34598000000,14623000000,14057000000,14201000000,0.1902,0.1987,0.1999,6.54E-06,6.62E-06,6.87E-06
0,0,0,1,0,0,1,0,1,1,0,1,0,1,1,0,0,1,0,0,0,0,0,0,1,15,0.86675155,0.171473568,1.853771837,25000,0.2,8.00E-06,0.017,3000,72000,72000,72000,30000,30000,30000,0.2,0.2,0.2,5.00E-06,5.00E-06,5.00E-06,38237000000,37638000000,34643000000,15065000000,13841000000,13983000000,0.1927,0.1953,0.1963,6.46E-06,6.53E-06,6.96E-06
0,1,1,0,1,1,1,0,1,0,1,1,1,1,0,1,1,1,0,0,1,0,0,1,0,15,0.23441204,0.217767025,0.503994383,25000,0.2,8.00E-06,0.017,3000,72000,72000,72000,30000,30000,30000,0.2,0.2,0.2,5.00E-06,5.00E-06,5.00E-06,37614000000,36913000000,36106000000,14662000000,14638000000,14813000000,0.1899,0.1975,0.1985,6.52E-06,6.60E-06,6.67E-06
0,0,0,0,1,0,0,1,1,1,1,1,0,1,0,0,0,0,0,0,0,1,0,1,0,15,0.83674382,0.249700871,1.732142949,25000,0.2,8.00E-06,0.017,3000,72000,72000,72000,30000,30000,30000,0.2,0.2,0.2,5.00E-06,5.00E-06,5.00E-06,38187000000,37624000000,34911000000,15046000000,14045000000,14203000000,0.1913,0.1969,0.1983,6.47E-06,6.53E-06,6.89E-06
0,0,0,1,0,0,1,0,0,0,0,0,0,0,1,1,1,0,0,0,0,0,0,0,0,15,0.866332922,0.185486537,1.570344772,25000,0.2,8.00E-06,0.017,3000,72000,72000,72000,30000,30000,30000,0.2,0.2,0.2,5.00E-06,5.00E-06,5.00E-06,41897000000,41414000000,37320000000,16650000000,14973000000,15038000000,0.1924,0.1967,0.1969,6.20E-06,6.24E-06,6.73E-06
1,0,0,0,1,0,0,0,0,0,1,0,0,1,1,0,1,0,0,1,0,0,0,1,0,15,0.485275946,0.171100841,0.908400872,25000,0.2,8.00E-06,0.017,3000,72000,72000,72000,30000,30000,30000,0.2,0.2,0.2,5.00E-06,5.00E-06,5.00E-06,40846000000,40271000000,36967000000,16184000000,15014000000,15072000000,0.1908,0.1992,0.1992,6.26E-06,6.32E-06,6.70E-06
1,0,0,0,1,0,0,1,1,0,0,1,0,1,0,0,0,0,1,0,1,1,0,1,0,15,0.877199692,0.12489605,1.702848654,25000,0.2,8.00E-06,0.017,3000,72000,72000,72000,30000,30000,30000,0.2,0.2,0.2,5.00E-06,5.00E-06,5.00E-06,40860000000,40501000000,36325000000,16286000000,14473000000,14568000000,0.1936,0.1948,0.1956,6.27E-06,6.30E-06,6.84E-06
1,0,0,1,1,1,0,0,0,0,1,0,1,0,0,1,0,0,1,1,0,0,0,0,1,15,0.696026731,0.353237896,1.557960197,25000,0.2,8.00E-06,0.017,3000,72000,72000,72000,30000,30000,30000,0.2,0.2,0.2,5.00E-06,5.00E-06,5.00E-06,37137000000,36510000000,34489000000,14566000000,14042000000,14159000000,0.1899,0.1994,0.1999,6.55E-06,6.62E-06,6.88E-06
1,0,1,0,0,0,1,1,1,0,0,0,0,1,1,0,0,0,0,1,0,1,1,0,1,15,0.368869408,0.298705772,0.751851234,25000,0.2,8.00E-06,0.017,3000,72000,72000,72000,30000,30000,30000,0.2,0.2,0.2,5.00E-06,5.00E-06,5.00E-06,38678000000,38132000000,36607000000,15190000000,14980000000,15043000000,0.1894,0.1998,0.1993,6.43E-06,6.48E-06,6.65E-06
0,1,1,0,1,1,1,1,0,1,0,0,1,0,0,0,1,1,1,0,1,1,0,0,1,15,0.898346004,0.283708399,1.708930972,25000,0.2,8.00E-06,0.017,3000,72000,72000,72000,30000,30000,30000,0.2,0.2,0.2,5.00E-06,5.00E-06,5.00E-06,40681000000,40165000000,36707000000,16140000000,14874000000,14930000000,0.1911,0.1988,0.1988,6.28E-06,6.32E-06,6.74E-06
1,0,0,1,0,1,0,0,0,0,1,0,0,1,1,0,0,0,0,1,1,1,0,1,1,15,0.668333358,0.261536569,1.442437621,25000,0.2,8.00E-06,0.017,3000,72000,72000,72000,30000,30000,30000,0.2,0.2,0.2,5.00E-06,5.00E-06,5.00E-06,37574000000,36987000000,34587000000,14776000000,14014000000,14138000000,0.1905,0.1984,0.1992,6.51E-06,6.58E-06,6.90E-06
0,1,1,0,1,0,0,0,1,0,0,1,0,0,1,0,0,1,0,0,0,0,1,1,1,15,0.343034913,0.271243975,0.66042381,25000,0.2,8.00E-06,0.017,3000,72000,72000,72000,30000,30000,30000,0.2,0.2,0.2,5.00E-06,5.00E-06,5.00E-06,40164000000,39493000000,37790000000,15774000000,15487000000,15549000000,0.1896,0.2001,0.1996,6.32E-06,6.38E-06,6.55E-06
0,1,0,1,0,1,0,1,0,1,1,1,1,0,0,0,1,0,1,0,1,1,1,0,1,15,0.807826214,0.201513311,1.68166694,25000,0.2,8.00E-06,0.017,3000,72000,72000,72000,30000,30000,30000,0.2,0.2,0.2,5.00E-06,5.00E-06,5.00E-06,38270000000,37652000000,34861000000,15076000000,13983000000,14139000000,0.1919,0.1962,0.1975,6.46E-06,6.53E-06,6.91E-06
0,0,0,1,0,1,1,0,0,1,0,0,0,0,0,0,0,1,0,0,0,1,0,1,0,15,0.345439936,0.299775697,0.769545072,25000,0.2,8.00E-06,0.017,3000,72000,72000,72000,30000,30000,30000,0.2,0.2,0.2,5.00E-06,5.00E-06,5.00E-06,37007000000,36306000000,35294000000,14410000000,14382000000,14530000000,0.1892,0.1989,0.1996,6.57E-06,6.65E-06,6.75E-06
1,0,1,1,0,1,1,0,1,0,0,1,0,1,1,1,1,0,1,1,1,1,0,1,1,15,0.779708697,0.217669249,1.749186249,25000,0.2,8.00E-06,0.017,3000,72000,72000,72000,30000,30000,30000,0.2,0.2,0.2,5.00E-06,5.00E-06,5.00E-06,37550000000,36952000000,34259000000,14785000000,13783000000,13900000000,0.1919,0.1969,0.1975,6.52E-06,6.59E-06,6.97E-06
0,0,0,1,0,0,0,1,1,1,1,1,1,1,0,0,0,1,1,0,0,0,0,0,1,15,0.489930206,0.217437865,0.901405791,25000,0.2,8.00E-06,0.017,3000,72000,72000,72000,30000,30000,30000,0.2,0.2,0.2,5.00E-06,5.00E-06,5.00E-06,41079000000,40430000000,37403000000,16223000000,15271000000,15326000000,0.19,0.2004,0.1999,6.25E-06,6.31E-06,6.64E-06
0,0,1,0,0,1,1,0,1,1,0,0,1,1,0,1,1,0,1,1,0,1,0,1,0,15,0.6877534,0.299261762,1.365926087,25000,0.2,8.00E-06,0.017,3000,72000,72000,72000,30000,30000,30000,0.2,0.2,0.2,5.00E-06,5.00E-06,5.00E-06,39527000000,39126000000,36255000000,15692000000,14781000000,14866000000,0.1901,0.1995,0.2003,6.36E-06,6.40E-06,6.74E-06
0,0,0,1,0,0,1,0,1,1,1,1,1,1,1,1,0,0,1,0,0,1,1,0,1,15,0.918399929,0.334518644,1.84376763,25000,0.2,8.00E-06,0.017,3000,72000,72000,72000,30000,30000,30000,0.2,0.2,0.2,5.00E-06,5.00E-06,5.00E-06,39427000000,39002000000,35918000000,15648000000,14568000000,14661000000,0.1908,0.1986,0.1994,6.37E-06,6.41E-06,6.79E-06
0,1,1,1,0,1,0,1,1,0,1,1,1,0,1,1,0,0,0,1,1,1,0,1,0,15,0.544427157,0.21508486,0.958821506,25000,0.2,8.00E-06,0.017,3000,72000,72000,72000,30000,30000,30000,0.2,0.2,0.2,5.00E-06,5.00E-06,5.00E-06,41792000000,41197000000,37912000000,16543000000,15437000000,15503000000,0.1904,0.1996,0.1996,6.20E-06,6.25E-06,6.61E-06
0,1,0,0,1,1,0,0,1,0,1,1,0,0,0,1,1,0,0,1,0,1,1,0,0,15,0.683924633,0.247234174,1.500906288,25000,0.2,8.00E-06,0.017,3000,72000,72000,72000,30000,30000,30000,0.2,0.2,0.2,5.00E-06,5.00E-06,5.00E-06,37524000000,36942000000,34501000000,14764000000,13949000000,14079000000,0.1908,0.1979,0.1989,6.52E-06,6.59E-06,6.91E-06
0,0,1,1,0,1,0,1,1,0,1,0,0,0,1,1,0,0,1,0,1,1,0,0,0,15,0.381468421,0.142499221,0.727524401,25000,0.2,8.00E-06,0.017,3000,72000,72000,72000,30000,30000,30000,0.2,0.2,0.2,5.00E-06,5.00E-06,5.00E-06,40527000000,39992000000,36754000000,16063000000,14947000000,15009000000,0.1906,0.1995,0.1995,6.29E-06,6.34E-06,6.72E-06
1,1,1,0,1,0,1,1,1,1,0,1,1,0,1,0,0,0,0,1,1,1,1,1,1,15,0.657851144,0.373243922,1.275565986,25000,0.2,8.00E-06,0.017,3000,72000,72000,72000,30000,30000,30000,0.2,0.2,0.2,5.00E-06,5.00E-06,5.00E-06,39945000000,39323000000,36841000000,15726000000,15107000000,15156000000,0.1893,0.2011,0.2004,6.33E-06,6.39E-06,6.66E-06
0,1,0,1,0,0,1,1,0,0,0,1,1,1,1,1,0,1,1,1,1,1,0,1,1,15,0.771491583,0.254320342,1.435428922,25000,0.2,8.00E-06,0.017,3000,72000,72000,72000,30000,30000,30000,0.2,0.2,0.2,5.00E-06,5.00E-06,5.00E-06,41070000000,40510000000,37052000000,16277000000,15029000000,15068000000,0.191,0.1991,0.1986,6.25E-06,6.30E-06,6.71E-06
0,0,1,1,0,0,0,1,0,1,0,1,1,0,0,1,1,1,1,0,0,1,0,0,0,15,0.819098722,0.119336077,1.503821587,25000,0.2,8.00E-06,0.017,3000,72000,72000,72000,30000,30000,30000,0.2,0.2,0.2,5.00E-06,5.00E-06,5.00E-06,41924000000,41488000000,37122000000,16692000000,14794000000,14882000000,0.1936,0.195,0.1956,6.19E-06,6.24E-06,6.77E-06
0,0,0,1,1,1,0,0,1,0,0,1,0,0,0,0,0,0,0,0,0,0,1,1,0,15,0.926105328,0.244494805,1.998434431,25000,0.2,8.00E-06,0.017,3000,72000,72000,72000,30000,30000,30000,0.2,0.2,0.2,5.00E-06,5.00E-06,5.00E-06,37845000000,37334000000,34509000000,14921000000,13864000000,13997000000,0.1916,0.1965,0.1976,6.49E-06,6.56E-06,6.95E-06
0,1,0,0,1,1,1,0,1,0,0,0,1,1,0,1,1,1,1,0,0,1,0,0,1,15,0.751487357,0.254133394,1.488078016,25000,0.2,8.00E-06,0.017,3000,72000,72000,72000,30000,30000,30000,0.2,0.2,0.2,5.00E-06,5.00E-06,5.00E-06,39905000000,39433000000,36154000000,15835000000,14650000000,14714000000,0.1911,0.1987,0.1987,6.33E-06,6.38E-06,6.78E-06
1,0,1,1,1,0,1,0,1,0,0,1,0,0,1,0,1,1,1,1,1,0,1,1,0,15,0.872245663,0.152565689,1.549717375,25000,0.2,8.00E-06,0.017,3000,72000,72000,72000,30000,30000,30000,0.2,0.2,0.2,5.00E-06,5.00E-06,5.00E-06,42211000000,41707000000,37459000000,16789000000,14976000000,15056000000,0.1932,0.1958,0.1962,6.17E-06,6.22E-06,6.73E-06
1,0,0,0,1,1,0,1,0,1,1,0,0,0,1,0,0,0,0,1,0,1,1,0,0,15,0.761735659,0.22779051,1.688691505,25000,0.2,8.00E-06,0.017,3000,72000,72000,72000,30000,30000,30000,0.2,0.2,0.2,5.00E-06,5.00E-06,5.00E-06,37585000000,37010000000,34368000000,14800000000,13847000000,13972000000,0.1914,0.1972,0.1981,6.51E-06,6.58E-06,6.95E-06
0,0,0,0,0,1,1,1,1,1,0,0,1,1,1,0,0,0,0,1,0,0,0,1,0,15,0.325878819,0.365670932,0.577361559,25000,0.2,8.00E-06,0.017,3000,72000,72000,72000,30000,30000,30000,0.2,0.2,0.2,5.00E-06,5.00E-06,5.00E-06,41767000000,40742000000,40047000000,16172000000,16163000000,16386000000,0.19,0.1965,0.1977,6.21E-06,6.31E-06,6.36E-06
0,1,0,1,0,0,0,1,0,0,1,1,1,0,1,0,0,1,0,1,0,0,1,0,1,15,0.973954163,0.132966614,1.775281374,25000,0.2,8.00E-06,0.017,3000,72000,72000,72000,30000,30000,30000,0.2,0.2,0.2,5.00E-06,5.00E-06,5.00E-06,42018000000,41565000000,37181000000,16731000000,14805000000,14897000000,0.1938,0.1948,0.1954,6.19E-06,6.23E-06,6.77E-06
0,0,0,0,1,0,0,0,0,0,0,1,1,1,0,1,0,0,0,0,0,1,1,1,1,15,0.796894912,0.107481038,1.683458755,25000,0.2,8.00E-06,0.017,3000,72000,72000,72000,30000,30000,30000,0.2,0.2,0.2,5.00E-06,5.00E-06,5.00E-06,38524000000,38002000000,34765000000,15205000000,13815000000,13980000000,0.1934,0.194,0.1953,6.44E-06,6.50E-06,6.96E-06
1,0,0,0,0,1,0,0,0,1,1,0,1,1,0,1,0,0,0,0,0,0,1,1,0,15,0.536250173,0.287215322,1.20397297,25000,0.2,8.00E-06,0.017,3000,72000,72000,72000,30000,30000,30000,0.2,0.2,0.2,5.00E-06,5.00E-06,5.00E-06,37069000000,36440000000,34548000000,14537000000,14078000000,14206000000,0.1897,0.1994,0.2002,6.56E-06,6.63E-06,6.87E-06
0,0,1,1,1,1,1,1,0,0,1,1,0,1,1,0,1,1,0,0,1,0,0,1,0,15,0.211627602,0.325943075,0.456396806,25000,0.2,8.00E-06,0.017,3000,72000,72000,72000,30000,30000,30000,0.2,0.2,0.2,5.00E-06,5.00E-06,5.00E-06,38484000000,37332000000,38011000000,14786000000,15088000000,15386000000,0.1917,0.1926,0.1945,6.46E-06,6.59E-06,6.49E-06
1,0,0,0,1,1,1,1,1,0,0,1,1,0,1,1,1,1,1,1,1,0,0,0,1,15,0.380222138,0.397984231,0.691025736,25000,0.2,8.00E-06,0.017,3000,72000,72000,72000,30000,30000,30000,0.2,0.2,0.2,5.00E-06,5.00E-06,5.00E-06,41360000000,40394000000,39408000000,16056000000,16040000000,16143000000,0.1898,0.1988,0.1979,6.24E-06,6.32E-06,6.41E-06
0,1,1,1,1,0,1,0,1,0,0,1,1,1,0,1,1,1,1,0,0,0,1,0,0,15,0.262647847,0.255687071,0.533548668,25000,0.2,8.00E-06,0.017,3000,72000,72000,72000,30000,30000,30000,0.2,0.2,0.2,5.00E-06,5.00E-06,5.00E-06,38836000000,38136000000,37122000000,15147000000,15164000000,15249000000,0.1892,0.1995,0.1987,6.42E-06,6.49E-06,6.58E-06
1,0,0,1,0,0,1,0,0,1,1,0,0,0,1,1,0,0,1,0,0,1,0,0,0,15,0.651343484,0.143804169,1.222945657,25000,0.2,8.00E-06,0.017,3000,72000,72000,72000,30000,30000,30000,0.2,0.2,0.2,5.00E-06,5.00E-06,5.00E-06,41147000000,40695000000,36761000000,16367000000,14764000000,14835000000,0.1925,0.1967,0.1972,6.24E-06,6.29E-06,6.77E-06
0,1,0,1,0,1,1,1,1,1,0,1,1,1,1,0,1,1,0,1,0,0,1,0,1,15,0.78188852,0.111095745,1.481755196,25000,0.2,8.00E-06,0.017,3000,72000,72000,72000,30000,30000,30000,0.2,0.2,0.2,5.00E-06,5.00E-06,5.00E-06,41302000000,40908000000,36664000000,16457000000,14608000000,14700000000,0.1937,0.1949,0.1955,6.24E-06,6.28E-06,6.81E-06
0,1,1,0,0,1,1,0,0,0,1,0,0,0,1,1,1,1,0,0,1,1,0,1,1,15,0.683411521,0.184606142,1.235860414,25000,0.2,8.00E-06,0.017,3000,72000,72000,72000,30000,30000,30000,0.2,0.2,0.2,5.00E-06,5.00E-06,5.00E-06,41666000000,41145000000,37355000000,16545000000,15073000000,15142000000,0.1916,0.1978,0.1982,6.21E-06,6.26E-06,6.70E-06
1,1,1,1,1,0,1,0,0,1,1,1,1,0,1,1,1,0,1,0,0,0,0,0,0,15,0.589593296,0.184084138,1.2462422,25000,0.2,8.00E-06,0.017,3000,72000,72000,72000,30000,30000,30000,0.2,0.2,0.2,5.00E-06,5.00E-06,5.00E-06,37959000000,37418000000,34817000000,14951000000,14019000000,14186000000,0.1909,0.1969,0.1988,6.48E-06,6.55E-06,6.89E-06
1,0,0,0,0,0,1,1,0,0,0,0,0,0,1,1,0,0,1,0,1,0,0,0,1,15,0.760371699,0.359498928,1.680836377,25000,0.2,8.00E-06,0.017,3000,72000,72000,72000,30000,30000,30000,0.2,0.2,0.2,5.00E-06,5.00E-06,5.00E-06,37297000000,36681000000,34590000000,14639000000,14050000000,14183000000,0.19,0.1988,0.1997,6.54E-06,6.61E-06,6.88E-06
0,0,0,1,1,1,0,0,0,1,1,1,1,0,1,0,0,0,0,0,1,0,1,1,0,15,0.831233252,0.301583993,1.677082006,25000,0.2,8.00E-06,0.017,3000,72000,72000,72000,30000,30000,30000,0.2,0.2,0.2,5.00E-06,5.00E-06,5.00E-06,39291000000,38872000000,35827000000,15579000000,14527000000,14619000000,0.1905,0.1988,0.1993,6.38E-06,6.42E-06,6.80E-06
1,1,1,0,1,1,0,0,1,1,1,0,0,1,0,1,0,0,1,1,0,1,0,0,0,30,0.518651167,0.26260939,1.176267845,25000,0.2,8.00E-06,0.017,3000,72000,72000,72000,30000,30000,30000,0.2,0.2,0.2,5.00E-06,5.00E-06,5.00E-06,38923000000,37638000000,35791000000,15524000000,14531000000,14778000000,0.1978,0.1979,0.1989,6.37E-06,6.51E-06,6.77E-06
1,1,1,1,0,1,0,1,0,1,1,1,1,0,0,0,0,0,1,0,0,1,0,0,1,30,0.260153852,0.346305056,0.631397544,25000,0.2,8.00E-06,0.017,3000,72000,72000,72000,30000,30000,30000,0.2,0.2,0.2,5.00E-06,5.00E-06,5.00E-06,37663000000,35971000000,36883000000,14729000000,14665000000,15113000000,0.1994,0.1918,0.1953,6.48E-06,6.69E-06,6.58E-06
1,1,0,0,0,1,1,1,1,1,0,0,0,0,1,1,1,1,1,0,0,1,0,0,1,30,0.307215454,0.286938542,0.699796773,25000,0.2,8.00E-06,0.017,3000,72000,72000,72000,30000,30000,30000,0.2,0.2,0.2,5.00E-06,5.00E-06,5.00E-06,38590000000,37107000000,36608000000,15278000000,14830000000,15149000000,0.1985,0.1964,0.1981,6.40E-06,6.57E-06,6.64E-06
1,1,0,1,0,1,0,0,1,1,0,1,1,0,0,1,0,0,1,0,1,1,0,0,0,30,0.804399517,0.348895553,1.913221898,25000,0.2,8.00E-06,0.017,3000,72000,72000,72000,30000,30000,30000,0.2,0.2,0.2,5.00E-06,5.00E-06,5.00E-06,37668000000,36176000000,34800000000,14897000000,14030000000,14328000000,0.1985,0.1961,0.1979,6.47E-06,6.65E-06,6.86E-06
0,0,0,1,0,1,0,0,1,1,0,1,0,0,0,0,0,0,0,0,1,0,1,0,0,30,0.84872186,0.32058727,1.868085404,25000,0.2,8.00E-06,0.017,3000,72000,72000,72000,30000,30000,30000,0.2,0.2,0.2,5.00E-06,5.00E-06,5.00E-06,40189000000,38833000000,36386000000,16049000000,14697000000,14934000000,0.1983,0.1972,0.1981,6.28E-06,6.42E-06,6.75E-06
1,1,0,1,1,1,1,1,1,0,0,1,1,1,0,1,1,1,0,0,1,0,0,0,1,30,0.261601451,0.289062859,0.644242549,25000,0.2,8.00E-06,0.017,3000,72000,72000,72000,30000,30000,30000,0.2,0.2,0.2,5.00E-06,5.00E-06,5.00E-06,37063000000,35416000000,35756000000,14533000000,14400000000,14779000000,0.1988,0.1949,0.1974,6.52E-06,6.73E-06,6.69E-06
0,1,1,0,0,0,0,0,1,1,0,0,1,1,1,0,0,1,1,0,0,0,1,0,0,30,0.951237023,0.114700636,2.154315651,25000,0.2,8.00E-06,0.017,3000,72000,72000,72000,30000,30000,30000,0.2,0.2,0.2,5.00E-06,5.00E-06,5.00E-06,40006000000,38985000000,35705000000,16053000000,14117000000,14446000000,0.2009,0.1915,0.194,6.30E-06,6.41E-06,6.90E-06
0,0,1,1,0,1,1,1,1,1,1,1,1,1,0,1,0,0,0,0,1,0,0,0,1,30,0.401466486,0.372671268,0.937457394,25000,0.2,8.00E-06,0.017,3000,72000,72000,72000,30000,30000,30000,0.2,0.2,0.2,5.00E-06,5.00E-06,5.00E-06,37390000000,35714000000,35782000000,14673000000,14430000000,14822000000,0.1988,0.1954,0.1979,6.49E-06,6.70E-06,6.69E-06
1,1,0,0,1,0,0,1,1,1,1,1,1,1,1,1,1,0,0,1,1,1,1,0,1,30,0.654441877,0.341827435,1.589128023,25000,0.2,8.00E-06,0.017,3000,72000,72000,72000,30000,30000,30000,0.2,0.2,0.2,5.00E-06,5.00E-06,5.00E-06,37341000000,35809000000,34657000000,14753000000,14040000000,14318000000,0.1983,0.1973,0.1983,6.50E-06,6.68E-06,6.86E-06
0,0,0,0,1,0,0,1,1,1,0,0,1,1,0,1,0,1,0,0,0,0,0,0,0,30,0.399548799,0.169215827,0.969838923,25000,0.2,8.00E-06,0.017,3000,72000,72000,72000,30000,30000,30000,0.2,0.2,0.2,5.00E-06,5.00E-06,5.00E-06,37479000000,35970000000,34491000000,14826000000,13929000000,14191000000,0.1987,0.1968,0.1976,6.49E-06,6.66E-06,6.90E-06
1,0,0,0,0,1,1,1,1,0,1,1,1,0,1,0,1,0,0,0,1,1,1,1,1,30,0.249343597,0.28714573,0.508936505,25000,0.2,8.00E-06,0.017,3000,72000,72000,72000,30000,30000,30000,0.2,0.2,0.2,5.00E-06,5.00E-06,5.00E-06,41701000000,39569000000,39827000000,16305000000,15941000000,16426000000,0.1996,0.1938,0.1967,6.18E-06,6.39E-06,6.37E-06
1,0,0,1,0,0,1,0,1,0,1,0,0,0,0,0,1,0,1,0,1,1,0,0,0,30,0.300925159,0.263457543,0.747728791,25000,0.2,8.00E-06,0.017,3000,72000,72000,72000,30000,30000,30000,0.2,0.2,0.2,5.00E-06,5.00E-06,5.00E-06,37150000000,35552000000,35335000000,14607000000,14298000000,14614000000,0.1982,0.1963,0.198,6.52E-06,6.71E-06,6.75E-06
0,0,1,1,0,0,0,1,0,1,0,1,1,1,0,1,1,1,1,0,1,0,1,1,0,30,0.973918114,0.173641401,2.316915248,25000,0.2,8.00E-06,0.017,3000,72000,72000,72000,30000,30000,30000,0.2,0.2,0.2,5.00E-06,5.00E-06,5.00E-06,38177000000,36869000000,34579000000,15174000000,13756000000,14052000000,0.2004,0.1928,0.1946,6.44E-06,6.59E-06,6.96E-06
0,1,1,1,1,0,0,0,0,1,0,0,0,0,1,0,0,0,1,0,1,1,1,1,0,30,0.905661049,0.302903345,2.180895489,25000,0.2,8.00E-06,0.017,3000,72000,72000,72000,30000,30000,30000,0.2,0.2,0.2,5.00E-06,5.00E-06,5.00E-06,37712000000,36325000000,34575000000,14963000000,13891000000,14160000000,0.1991,0.1955,0.1967,6.47E-06,6.63E-06,6.91E-06
0,1,1,1,1,0,0,0,0,0,0,0,1,0,1,0,1,1,0,1,1,1,1,0,0,30,0.882607801,0.239539217,2.050687911,25000,0.2,8.00E-06,0.017,3000,72000,72000,72000,30000,30000,30000,0.2,0.2,0.2,5.00E-06,5.00E-06,5.00E-06,38062000000,36692000000,34798000000,15104000000,13913000000,14207000000,0.1995,0.1941,0.196,6.45E-06,6.61E-06,6.91E-06
0,1,1,1,0,1,1,0,1,0,0,0,0,1,0,0,1,1,0,1,1,1,1,1,0,30,0.865559308,0.373916998,1.753384623,25000,0.2,8.00E-06,0.017,3000,72000,72000,72000,30000,30000,30000,0.2,0.2,0.2,5.00E-06,5.00E-06,5.00E-06,41315000000,39883000000,37526000000,16475000000,15212000000,15456000000,0.1979,0.1975,0.1988,6.20E-06,6.34E-06,6.64E-06
0,0,1,1,1,1,1,0,1,1,0,0,1,1,0,0,0,1,1,0,0,0,0,0,1,30,0.813576222,0.336356564,1.991414197,25000,0.2,8.00E-06,0.017,3000,72000,72000,72000,30000,30000,30000,0.2,0.2,0.2,5.00E-06,5.00E-06,5.00E-06,37465000000,36063000000,34558000000,14851000000,13936000000,14223000000,0.1985,0.1962,0.1978,6.49E-06,6.66E-06,6.89E-06
1,0,0,0,0,0,0,0,0,0,1,1,1,0,0,0,0,0,1,0,1,1,1,1,1,30,0.991497325,0.155483305,2.347585135,25000,0.2,8.00E-06,0.017,3000,72000,72000,72000,30000,30000,30000,0.2,0.2,0.2,5.00E-06,5.00E-06,5.00E-06,38304000000,37063000000,34758000000,15243000000,13787000000,14102000000,0.2006,0.192,0.1941,6.43E-06,6.58E-06,6.95E-06
1,1,1,0,1,0,1,0,1,1,1,0,0,0,0,1,1,1,1,0,1,0,1,0,1,30,0.525243284,0.389430057,1.241558505,25000,0.2,8.00E-06,0.017,3000,72000,72000,72000,30000,30000,30000,0.2,0.2,0.2,5.00E-06,5.00E-06,5.00E-06,37408000000,35910000000,35421000000,14749000000,14326000000,14662000000,0.198,0.196,0.1986,6.49E-06,6.68E-06,6.75E-06
0,1,1,0,0,0,0,0,1,1,0,1,0,1,1,1,1,0,1,0,0,1,0,0,0,30,0.789359365,0.123077747,1.95057535,25000,0.2,8.00E-06,0.017,3000,72000,72000,72000,30000,30000,30000,0.2,0.2,0.2,5.00E-06,5.00E-06,5.00E-06,37994000000,36786000000,34386000000,15138000000,13666000000,13961000000,0.2006,0.1924,0.1943,6.45E-06,6.60E-06,6.99E-06
1,0,0,0,0,1,1,1,0,0,0,1,0,0,1,0,1,1,0,1,0,0,0,0,1,30,0.341918958,0.103565053,0.727958495,25000,0.2,8.00E-06,0.017,3000,72000,72000,72000,30000,30000,30000,0.2,0.2,0.2,5.00E-06,5.00E-06,5.00E-06,41016000000,39680000000,36790000000,16403000000,14791000000,15027000000,0.1989,0.1961,0.1972,6.22E-06,6.36E-06,6.74E-06
0,1,1,1,0,1,0,0,0,1,0,0,0,1,1,1,1,1,1,0,1,1,0,0,1,30,0.242177472,0.374138038,0.504134053,25000,0.2,8.00E-06,0.017,3000,72000,72000,72000,30000,30000,30000,0.2,0.2,0.2,5.00E-06,5.00E-06,5.00E-06,42356000000,40178000000,41073000000,16508000000,16226000000,16786000000,0.2003,0.1905,0.1946,6.14E-06,6.36E-06,6.28E-06
1,0,0,1,1,1,1,1,0,1,1,0,1,1,1,0,0,1,1,0,0,0,1,0,1,30,0.891446285,0.24417919,2.093596562,25000,0.2,8.00E-06,0.017,3000,72000,72000,72000,30000,30000,30000,0.2,0.2,0.2,5.00E-06,5.00E-06,5.00E-06,38020000000,36644000000,34741000000,15085000000,13895000000,14190000000,0.1994,0.1942,0.1961,6.45E-06,6.61E-06,6.91E-06
1,1,1,0,1,0,1,1,1,1,0,0,0,0,1,0,1,1,0,1,0,0,0,0,1,30,0.594764244,0.171478818,1.452317305,25000,0.2,8.00E-06,0.017,3000,72000,72000,72000,30000,30000,30000,0.2,0.2,0.2,5.00E-06,5.00E-06,5.00E-06,37743000000,36394000000,34484000000,14990000000,13821000000,14092000000,0.1994,0.1949,0.1962,6.47E-06,6.63E-06,6.94E-06
0,0,0,0,1,1,0,1,1,1,0,0,1,0,0,1,0,1,1,0,0,1,0,0,1,30,0.755364563,0.335514759,1.845947414,25000,0.2,8.00E-06,0.017,3000,72000,72000,72000,30000,30000,30000,0.2,0.2,0.2,5.00E-06,5.00E-06,5.00E-06,37442000000,36006000000,34615000000,14831000000,13973000000,14263000000,0.1984,0.1963,0.1981,6.49E-06,6.66E-06,6.88E-06
0,1,0,0,0,1,1,1,1,0,0,1,0,1,0,0,0,1,0,1,0,0,0,1,1,30,0.876621962,0.269368932,2.010940287,25000,0.2,8.00E-06,0.017,3000,72000,72000,72000,30000,30000,30000,0.2,0.2,0.2,5.00E-06,5.00E-06,5.00E-06,38794000000,37634000000,35223000000,15514000000,14137000000,14395000000,0.199,0.1953,0.1969,6.39E-06,6.52E-06,6.87E-06
0,0,1,0,0,0,1,0,0,1,1,1,1,1,0,1,1,0,0,1,0,1,0,0,0,30,0.218714682,0.190591831,0.452903033,25000,0.2,8.00E-06,0.017,3000,72000,72000,72000,30000,30000,30000,0.2,0.2,0.2,5.00E-06,5.00E-06,5.00E-06,40902000000,39324000000,38476000000,16185000000,15626000000,15939000000,0.1979,0.1968,0.1988,6.23E-06,6.39E-06,6.49E-06
0,0,0,1,1,1,0,0,1,1,0,1,1,1,1,0,0,0,0,0,0,0,0,0,0,30,0.388187813,0.359499077,0.951334525,25000,0.2,8.00E-06,0.017,3000,72000,72000,72000,30000,30000,30000,0.2,0.2,0.2,5.00E-06,5.00E-06,5.00E-06,37074000000,35322000000,35291000000,14529000000,14281000000,14633000000,0.1986,0.1966,0.1981,6.52E-06,6.73E-06,6.74E-06
1,1,0,0,1,0,0,1,0,1,1,1,1,1,1,0,0,1,0,0,1,0,0,1,0,30,0.926655235,0.174791283,2.056397089,25000,0.2,8.00E-06,0.017,3000,72000,72000,72000,30000,30000,30000,0.2,0.2,0.2,5.00E-06,5.00E-06,5.00E-06,40370000000,39321000000,36088000000,16214000000,14355000000,14626000000,0.1999,0.1933,0.1954,6.27E-06,6.38E-06,6.84E-06
0,1,1,1,0,0,0,0,1,1,0,0,1,0,0,0,1,0,0,1,0,0,0,1,1,30,0.474781381,0.250985955,1.097114674,25000,0.2,8.00E-06,0.017,3000,72000,72000,72000,30000,30000,30000,0.2,0.2,0.2,5.00E-06,5.00E-06,5.00E-06,37665000000,36129000000,35095000000,14871000000,14183000000,14498000000,0.1983,0.1965,0.1983,6.47E-06,6.66E-06,6.81E-06
0,0,0,1,1,1,1,1,1,1,1,0,1,1,1,0,0,1,1,1,1,1,0,0,0,30,0.713317212,0.319023319,1.431508689,25000,0.2,8.00E-06,0.017,3000,72000,72000,72000,30000,30000,30000,0.2,0.2,0.2,5.00E-06,5.00E-06,5.00E-06,41371000000,39866000000,37647000000,16481000000,15274000000,15532000000,0.1979,0.1978,0.1989,6.20E-06,6.34E-06,6.62E-06
0,1,0,1,1,1,1,1,1,0,1,1,0,1,0,0,1,0,1,0,1,1,0,1,0,30,0.669292746,0.329415835,1.45969525,25000,0.2,8.00E-06,0.017,3000,72000,72000,72000,30000,30000,30000,0.2,0.2,0.2,5.00E-06,5.00E-06,5.00E-06,40107000000,38651000000,36612000000,15971000000,14880000000,15106000000,0.1978,0.1982,0.199,6.28E-06,6.43E-06,6.70E-06
1,0,0,0,0,0,0,0,1,1,0,0,1,0,1,1,0,0,1,0,0,0,0,0,1,30,0.335787948,0.188099721,0.762733414,25000,0.2,8.00E-06,0.017,3000,72000,72000,72000,30000,30000,30000,0.2,0.2,0.2,5.00E-06,5.00E-06,5.00E-06,38866000000,37530000000,35848000000,15486000000,14558000000,14805000000,0.198,0.1977,0.1989,6.38E-06,6.52E-06,6.76E-06
0,0,0,0,0,1,0,0,1,1,0,1,0,0,0,1,0,0,0,0,1,1,0,1,1,30,0.616993956,0.33848096,1.280358723,25000,0.2,8.00E-06,0.017,3000,72000,72000,72000,30000,30000,30000,0.2,0.2,0.2,5.00E-06,5.00E-06,5.00E-06,40874000000,39338000000,37523000000,16260000000,15275000000,15535000000,0.1979,0.1983,0.1993,6.23E-06,6.38E-06,6.61E-06
1,0,1,1,1,0,1,1,0,0,0,0,0,1,0,0,1,1,0,0,0,1,1,0,1,30,0.59399991,0.264890135,1.199666379,25000,0.2,8.00E-06,0.017,3000,72000,72000,72000,30000,30000,30000,0.2,0.2,0.2,5.00E-06,5.00E-06,5.00E-06,41339000000,39907000000,37605000000,16479000000,15252000000,15507000000,0.1978,0.1975,0.199,6.20E-06,6.34E-06,6.63E-06
1,1,1,1,0,1,1,0,1,1,0,1,1,1,1,1,1,1,1,0,0,1,0,1,1,30,0.232042062,0.307298069,0.555757762,25000,0.2,8.00E-06,0.017,3000,72000,72000,72000,30000,30000,30000,0.2,0.2,0.2,5.00E-06,5.00E-06,5.00E-06,37758000000,35961000000,36850000000,14729000000,14662000000,15092000000,0.1997,0.1922,0.195,6.47E-06,6.69E-06,6.59E-06
1,1,0,0,0,0,0,1,1,0,0,0,0,1,1,1,1,0,0,0,0,1,1,0,1,30,0.200760368,0.153149201,0.446023039,25000,0.2,8.00E-06,0.017,3000,72000,72000,72000,30000,30000,30000,0.2,0.2,0.2,5.00E-06,5.00E-06,5.00E-06,39505000000,38011000000,36913000000,15687000000,15032000000,15325000000,0.1979,0.1978,0.1995,6.33E-06,6.49E-06,6.63E-06
1,0,1,1,1,1,1,1,0,0,0,1,0,0,1,0,0,0,0,1,0,0,0,1,0,30,0.927711491,0.304450039,2.292419709,25000,0.2,8.00E-06,0.017,3000,72000,72000,72000,30000,30000,30000,0.2,0.2,0.2,5.00E-06,5.00E-06,5.00E-06,37615000000,36255000000,34449000000,14933000000,13837000000,14109000000,0.1991,0.1953,0.1968,6.48E-06,6.64E-06,6.93E-06
1,1,0,1,1,0,0,0,0,1,0,1,1,0,0,0,1,1,0,0,0,1,0,0,1,30,0.693472155,0.171745878,1.477593003,25000,0.2,8.00E-06,0.017,3000,72000,72000,72000,30000,30000,30000,0.2,0.2,0.2,5.00E-06,5.00E-06,5.00E-06,41101000000,39846000000,36686000000,16464000000,14695000000,14931000000,0.1993,0.1953,0.1965,6.22E-06,6.34E-06,6.77E-06
1,0,1,1,1,0,0,0,0,0,0,0,1,0,0,0,1,1,0,1,0,1,0,0,0,30,0.591780543,0.22255762,1.205852476,25000,0.2,8.00E-06,0.017,3000,72000,72000,72000,30000,30000,30000,0.2,0.2,0.2,5.00E-06,5.00E-06,5.00E-06,41396000000,40046000000,37440000000,16542000000,15120000000,15373000000,0.1982,0.1967,0.1983,6.20E-06,6.33E-06,6.66E-06
0,0,0,0,0,0,1,0,0,1,1,1,1,1,1,0,0,0,0,1,0,0,1,1,0,30,0.951639538,0.106713171,2.288397139,25000,0.2,8.00E-06,0.017,3000,72000,72000,72000,30000,30000,30000,0.2,0.2,0.2,5.00E-06,5.00E-06,5.00E-06,38210000000,37072000000,34550000000,15244000000,13684000000,14010000000,0.2011,0.1913,0.1936,6.44E-06,6.57E-06,6.99E-06
1,1,1,0,0,0,1,1,1,1,0,0,0,0,1,0,0,1,0,0,0,1,1,0,0,30,0.212508647,0.368912615,0.507052624,25000,0.2,8.00E-06,0.017,3000,72000,72000,72000,30000,30000,30000,0.2,0.2,0.2,5.00E-06,5.00E-06,5.00E-06,37834000000,35840000000,37559000000,14666000000,14777000000,15253000000,0.2006,0.19,0.1927,6.47E-06,6.72E-06,6.51E-06
1,1,0,0,1,0,0,1,1,0,1,0,0,0,1,0,1,0,0,0,0,1,1,0,0,30,0.787186495,0.338117977,1.583667724,25000,0.2,8.00E-06,0.017,3000,72000,72000,72000,30000,30000,30000,0.2,0.2,0.2,5.00E-06,5.00E-06,5.00E-06,41380000000,39955000000,37636000000,16504000000,15248000000,15510000000,0.1979,0.1974,0.1988,6.20E-06,6.34E-06,6.63E-06
0,1,0,1,1,1,1,1,0,0,0,1,0,0,1,0,0,1,0,1,0,0,1,1,0,30,0.806179703,0.295438811,1.833603144,25000,0.2,8.00E-06,0.017,3000,72000,72000,72000,30000,30000,30000,0.2,0.2,0.2,5.00E-06,5.00E-06,5.00E-06,39043000000,37833000000,35537000000,15603000000,14311000000,14580000000,0.1985,0.196,0.198,6.36E-06,6.50E-06,6.83E-06
0,0,1,0,1,1,1,0,0,0,0,0,0,1,1,1,1,0,1,0,1,1,0,1,1,30,0.69118133,0.295858157,1.465104689,25000,0.2,8.00E-06,0.017,3000,72000,72000,72000,30000,30000,30000,0.2,0.2,0.2,5.00E-06,5.00E-06,5.00E-06,40670000000,39393000000,36942000000,16269000000,14959000000,15213000000,0.198,0.197,0.1991,6.24E-06,6.38E-06,6.69E-06
1,0,0,1,0,0,1,1,1,1,1,1,0,0,1,1,0,0,1,0,0,0,0,1,0,30,0.498892492,0.275872304,1.199325513,25000,0.2,8.00E-06,0.017,3000,72000,72000,72000,30000,30000,30000,0.2,0.2,0.2,5.00E-06,5.00E-06,5.00E-06,37353000000,35901000000,34853000000,14772000000,14110000000,14400000000,0.1981,0.1967,0.1984,6.50E-06,6.67E-06,6.83E-06
0,0,1,0,0,0,0,0,1,1,0,0,1,0,1,1,0,1,0,0,0,0,0,1,0,30,0.97495034,0.388267209,2.435827749,25000,0.2,8.00E-06,0.017,3000,72000,72000,72000,30000,30000,30000,0.2,0.2,0.2,5.00E-06,5.00E-06,5.00E-06,37437000000,36028000000,34448000000,14839000000,13885000000,14159000000,0.1986,0.1961,0.1976,6.49E-06,6.66E-06,6.91E-06
1,1,0,0,0,1,0,0,0,1,1,1,1,1,0,1,1,1,0,1,0,1,0,0,0,30,0.831124474,0.172543294,1.688392361,25000,0.2,8.00E-06,0.017,3000,72000,72000,72000,30000,30000,30000,0.2,0.2,0.2,5.00E-06,5.00E-06,5.00E-06,41889000000,40655000000,37277000000,16787000000,14873000000,15125000000,0.1996,0.1942,0.1958,6.17E-06,6.29E-06,6.73E-06
1,1,1,0,1,1,1,0,1,1,1,1,0,1,1,1,1,0,0,1,0,1,1,0,0,30,0.831383408,0.373042375,1.679612429,25000,0.2,8.00E-06,0.017,3000,72000,72000,72000,30000,30000,30000,0.2,0.2,0.2,5.00E-06,5.00E-06,5.00E-06,41361000000,39781000000,37575000000,16446000000,15267000000,15497000000,0.1978,0.1984,0.1987,6.20E-06,6.35E-06,6.63E-06
1,1,1,0,0,0,0,0,1,0,0,0,1,0,0,0,0,0,0,1,1,1,1,1,0,30,0.786812092,0.294422142,1.902500245,25000,0.2,8.00E-06,0.017,3000,72000,72000,72000,30000,30000,30000,0.2,0.2,0.2,5.00E-06,5.00E-06,5.00E-06,37631000000,36230000000,34619000000,14920000000,13926000000,14216000000,0.1988,0.1956,0.1973,6.48E-06,6.64E-06,6.90E-06
1,1,0,0,0,1,0,1,1,0,1,1,1,1,1,0,1,1,0,1,1,0,1,0,1,30,0.887355642,0.153631206,1.91392342,25000,0.2,8.00E-06,0.017,3000,72000,72000,72000,30000,30000,30000,0.2,0.2,0.2,5.00E-06,5.00E-06,5.00E-06,41100000000,39989000000,36538000000,16501000000,14529000000,14795000000,0.2002,0.1932,0.1952,6.22E-06,6.34E-06,6.81E-06
1,1,0,0,1,1,1,0,0,0,0,0,0,0,1,1,0,1,0,1,0,1,0,0,0,30,0.504388223,0.217589828,1.052353988,25000,0.2,8.00E-06,0.017,3000,72000,72000,72000,30000,30000,30000,0.2,0.2,0.2,5.00E-06,5.00E-06,5.00E-06,40847000000,39398000000,37071000000,16280000000,15040000000,15275000000,0.1978,0.198,0.1988,6.23E-06,6.37E-06,6.68E-06
1,0,1,0,0,1,0,0,1,0,0,1,0,1,1,1,0,1,1,1,0,0,0,1,0,30,0.218316748,0.390385832,0.446729489,25000,0.2,8.00E-06,0.017,3000,72000,72000,72000,30000,30000,30000,0.2,0.2,0.2,5.00E-06,5.00E-06,5.00E-06,42391000000,40609000000,41882000000,16638000000,16471000000,16895000000,0.2011,0.1887,0.1915,6.15E-06,6.32E-06,6.22E-06
0,1,1,0,0,1,0,0,1,0,0,1,1,1,0,1,0,1,0,0,0,1,1,0,1,30,0.883014984,0.205566566,1.887285286,25000,0.2,8.00E-06,0.017,3000,72000,72000,72000,30000,30000,30000,0.2,0.2,0.2,5.00E-06,5.00E-06,5.00E-06,41048000000,39864000000,36592000000,16458000000,14635000000,14876000000,0.1994,0.1946,0.1964,6.22E-06,6.34E-06,6.79E-06
1,0,1,0,0,1,0,1,0,1,1,0,1,1,0,0,1,1,1,1,1,1,1,0,1,30,0.63865895,0.29806156,1.313494495,25000,0.2,8.00E-06,0.017,3000,72000,72000,72000,30000,30000,30000,0.2,0.2,0.2,5.00E-06,5.00E-06,5.00E-06,41136000000,39629000000,37421000000,16374000000,15197000000,15426000000,0.1979,0.198,0.1988,6.21E-06,6.36E-06,6.64E-06
0,1,0,1,1,0,1,0,1,1,1,0,1,1,1,0,0,1,1,0,0,0,0,0,0,30,0.623537122,0.362017565,1.433892838,25000,0.2,8.00E-06,0.017,3000,72000,72000,72000,30000,30000,30000,0.2,0.2,0.2,5.00E-06,5.00E-06,5.00E-06,37920000000,36534000000,35308000000,15043000000,14314000000,14598000000,0.198,0.1973,0.1987,6.45E-06,6.61E-06,6.79E-06
1,0,0,1,1,0,1,0,1,0,1,1,0,1,1,0,0,1,1,1,1,1,1,0,0,30,0.473006272,0.343912673,1.001727038,25000,0.2,8.00E-06,0.017,3000,72000,72000,72000,30000,30000,30000,0.2,0.2,0.2,5.00E-06,5.00E-06,5.00E-06,40423000000,38920000000,37642000000,16054000000,15347000000,15645000000,0.1976,0.198,0.1999,6.26E-06,6.41E-06,6.57E-06
0,0,0,0,0,0,1,1,1,0,1,0,1,0,1,1,0,0,0,1,1,1,0,1,1,30,0.512133209,0.36196118,1.059326229,25000,0.2,8.00E-06,0.017,3000,72000,72000,72000,30000,30000,30000,0.2,0.2,0.2,5.00E-06,5.00E-06,5.00E-06,40808000000,39254000000,37969000000,16181000000,15463000000,15760000000,0.1976,0.1978,0.1995,6.23E-06,6.39E-06,6.55E-06
0,1,1,0,1,0,0,0,1,0,1,1,1,0,1,0,1,1,1,0,0,1,1,1,0,30,0.81614894,0.145904163,1.749473085,25000,0.2,8.00E-06,0.017,3000,72000,72000,72000,30000,30000,30000,0.2,0.2,0.2,5.00E-06,5.00E-06,5.00E-06,41250000000,40124000000,36664000000,16559000000,14586000000,14849000000,0.2,0.1934,0.1953,6.21E-06,6.33E-06,6.80E-06
1,0,0,1,1,0,0,1,1,1,0,1,1,1,0,0,0,0,0,1,0,1,0,1,0,30,0.63772864,0.35876327,1.592144822,25000,0.2,8.00E-06,0.017,3000,72000,72000,72000,30000,30000,30000,0.2,0.2,0.2,5.00E-06,5.00E-06,5.00E-06,37195000000,35762000000,34646000000,14719000000,14032000000,14328000000,0.1981,0.1968,0.1988,6.51E-06,6.69E-06,6.85E-06
0,1,1,0,0,0,0,1,0,0,1,1,1,0,1,1,1,0,1,1,1,0,1,1,1,30,0.604762964,0.117480038,1.356735092,25000,0.2,8.00E-06,0.017,3000,72000,72000,72000,30000,30000,30000,0.2,0.2,0.2,5.00E-06,5.00E-06,5.00E-06,40089000000,39006000000,35893000000,16087000000,14282000000,14556000000,0.1999,0.1935,0.1953,6.29E-06,6.41E-06,6.86E-06
1,0,0,1,0,0,0,1,1,0,1,1,1,1,0,0,1,0,1,1,1,0,0,0,0,30,0.474020968,0.38815488,1.184941855,25000,0.2,8.00E-06,0.017,3000,72000,72000,72000,30000,30000,30000,0.2,0.2,0.2,5.00E-06,5.00E-06,5.00E-06,37067000000,35510000000,35135000000,14601000000,14233000000,14556000000,0.1982,0.1966,0.1985,6.52E-06,6.71E-06,6.77E-06
1,0,0,1,0,1,1,1,0,1,0,1,0,0,0,0,0,0,0,0,0,0,1,0,0,30,0.418038818,0.121861341,0.890471242,25000,0.2,8.00E-06,0.017,3000,72000,72000,72000,30000,30000,30000,0.2,0.2,0.2,5.00E-06,5.00E-06,5.00E-06,41023000000,39711000000,36772000000,16412000000,14776000000,15012000000,0.1989,0.196,0.1972,6.22E-06,6.35E-06,6.75E-06
0,1,0,1,1,1,1,0,1,0,0,1,0,1,0,1,0,1,0,0,1,0,0,0,0,30,0.983175054,0.240973407,1.974542959,25000,0.2,8.00E-06,0.017,3000,72000,72000,72000,30000,30000,30000,0.2,0.2,0.2,5.00E-06,5.00E-06,5.00E-06,41790000000,40525000000,37315000000,16731000000,14940000000,15192000000,0.1991,0.1948,0.1967,6.17E-06,6.30E-06,6.71E-06
1,0,0,1,1,0,0,0,0,0,0,0,0,0,0,1,1,0,0,0,1,0,1,1,1,30,0.337019649,0.110563019,0.812684581,25000,0.2,8.00E-06,0.017,3000,72000,72000,72000,30000,30000,30000,0.2,0.2,0.2,5.00E-06,5.00E-06,5.00E-06,37672000000,36290000000,34532000000,14948000000,13874000000,14145000000,0.199,0.1956,0.1967,6.48E-06,6.64E-06,6.92E-06
0,1,1,0,1,0,0,0,1,0,0,1,0,0,1,0,0,1,0,1,1,0,0,1,1,30,0.385946541,0.146809738,0.922103694,25000,0.2,8.00E-06,0.017,3000,72000,72000,72000,30000,30000,30000,0.2,0.2,0.2,5.00E-06,5.00E-06,5.00E-06,37731000000,36324000000,34775000000,14949000000,13982000000,14287000000,0.1986,0.1953,0.1976,6.47E-06,6.64E-06,6.88E-06
0,0,1,0,0,1,0,1,0,0,1,1,1,0,1,0,1,0,1,0,0,0,0,0,1,30,0.367614084,0.219413084,0.875275804,25000,0.2,8.00E-06,0.017,3000,72000,72000,72000,30000,30000,30000,0.2,0.2,0.2,5.00E-06,5.00E-06,5.00E-06,37462000000,35968000000,35091000000,14793000000,14203000000,14514000000,0.198,0.1965,0.1986,6.49E-06,6.67E-06,6.80E-06
1,1,0,1,1,1,0,1,0,0,0,0,0,1,1,0,0,1,1,1,0,0,1,1,1,30,0.689520541,0.193849883,1.454440414,25000,0.2,8.00E-06,0.017,3000,72000,72000,72000,30000,30000,30000,0.2,0.2,0.2,5.00E-06,5.00E-06,5.00E-06,41145000000,39852000000,36838000000,16468000000,14786000000,15021000000,0.199,0.1957,0.1969,6.22E-06,6.34E-06,6.75E-06
1,1,1,0,1,1,0,0,0,0,1,0,0,0,0,1,0,1,0,0,1,1,0,0,0,30,0.423177028,0.17729416,1.012997219,25000,0.2,8.00E-06,0.017,3000,72000,72000,72000,30000,30000,30000,0.2,0.2,0.2,5.00E-06,5.00E-06,5.00E-06,37675000000,36163000000,34724000000,14898000000,14000000000,14282000000,0.1986,0.1963,0.1976,6.47E-06,6.65E-06,6.88E-06
0,1,0,0,0,0,1,0,0,1,1,0,0,0,0,0,0,1,0,1,1,0,0,1,0,30,0.514460109,0.330008795,1.050434271,25000,0.2,8.00E-06,0.017,3000,72000,72000,72000,30000,30000,30000,0.2,0.2,0.2,5.00E-06,5.00E-06,5.00E-06,41127000000,39749000000,38053000000,16373000000,15466000000,15741000000,0.1975,0.1971,0.1994,6.21E-06,6.35E-06,6.56E-06
0,0,0,0,0,0,0,0,0,0,0,0,1,1,0,1,0,0,1,0,1,0,0,0,0,30,0.70482429,0.291214639,1.460754309,25000,0.2,8.00E-06,0.017,3000,72000,72000,72000,30000,30000,30000,0.2,0.2,0.2,5.00E-06,5.00E-06,5.00E-06,41167000000,39545000000,37228000000,16366000000,15102000000,15314000000,0.1981,0.1986,0.1982,6.21E-06,6.36E-06,6.66E-06
0,1,0,0,0,0,1,1,0,0,0,0,1,0,0,1,1,1,0,0,0,0,0,0,0,30,0.302311743,0.104489259,0.64261564,25000,0.2,8.00E-06,0.017,3000,72000,72000,72000,30000,30000,30000,0.2,0.2,0.2,5.00E-06,5.00E-06,5.00E-06,40972000000,39480000000,36834000000,16336000000,14871000000,15089000000,0.1986,0.1975,0.1976,6.23E-06,6.37E-06,6.72E-06
1,0,1,0,0,1,0,1,1,1,0,0,0,0,0,0,0,0,1,1,1,0,1,0,0,30,0.96284061,0.240453405,2.060432166,25000,0.2,8.00E-06,0.017,3000,72000,72000,72000,30000,30000,30000,0.2,0.2,0.2,5.00E-06,5.00E-06,5.00E-06,41053000000,39815000000,36692000000,16445000000,14696000000,14933000000,0.1992,0.1952,0.1965,6.22E-06,6.35E-06,6.77E-06
1,0,1,1,1,0,0,0,0,1,1,0,0,0,0,1,0,0,1,0,1,1,1,0,0,30,0.396862274,0.270375614,0.988142653,25000,0.2,8.00E-06,0.017,3000,72000,72000,72000,30000,30000,30000,0.2,0.2,0.2,5.00E-06,5.00E-06,5.00E-06,37133000000,35621000000,34881000000,14660000000,14144000000,14453000000,0.1981,0.197,0.1988,6.51E-06,6.70E-06,6.81E-06
0,0,0,1,1,0,0,1,1,1,0,0,1,0,1,1,1,0,1,0,0,1,1,0,0,30,0.372038184,0.358583223,0.899222345,25000,0.2,8.00E-06,0.017,3000,72000,72000,72000,30000,30000,30000,0.2,0.2,0.2,5.00E-06,5.00E-06,5.00E-06,37328000000,35701000000,35760000000,14656000000,14410000000,14778000000,0.1985,0.1952,0.1976,6.50E-06,6.70E-06,6.70E-06
1,0,1,0,1,1,0,0,1,0,1,1,0,0,1,1,0,0,0,1,1,0,0,1,1,30,0.284208811,0.100232762,0.654185543,25000,0.2,8.00E-06,0.017,3000,72000,72000,72000,30000,30000,30000,0.2,0.2,0.2,5.00E-06,5.00E-06,5.00E-06,38271000000,36930000000,34967000000,15217000000,14060000000,14329000000,0.1989,0.1958,0.1971,6.43E-06,6.58E-06,6.88E-06
0,1,0,0,1,1,0,0,1,1,1,0,1,1,0,1,1,0,0,1,1,1,1,1,1,30,0.212660207,0.219815277,0.442933863,25000,0.2,8.00E-06,0.017,3000,72000,72000,72000,30000,30000,30000,0.2,0.2,0.2,5.00E-06,5.00E-06,5.00E-06,40876000000,39160000000,38861000000,16115000000,15705000000,16067000000,0.1986,0.1956,0.1978,6.23E-06,6.41E-06,6.45E-06
1,0,1,1,1,0,0,1,1,0,1,0,0,0,0,1,0,1,0,1,0,1,1,1,1,30,0.70194353,0.366817046,1.597382437,25000,0.2,8.00E-06,0.017,3000,72000,72000,72000,30000,30000,30000,0.2,0.2,0.2,5.00E-06,5.00E-06,5.00E-06,38742000000,37407000000,35682000000,15428000000,14481000000,14735000000,0.1979,0.1978,0.1988,6.39E-06,6.53E-06,6.78E-06
1,0,0,1,0,0,0,0,1,1,0,0,0,0,0,1,0,1,0,0,0,0,1,0,1,30,0.69916339,0.344104728,1.597573085,25000,0.2,8.00E-06,0.017,3000,72000,72000,72000,30000,30000,30000,0.2,0.2,0.2,5.00E-06,5.00E-06,5.00E-06,38585000000,37298000000,35458000000,15390000000,14379000000,14624000000,0.1981,0.1975,0.1987,6.40E-06,6.54E-06,6.80E-06
1,0,0,1,0,1,0,1,0,0,1,1,0,0,1,1,0,0,1,0,0,1,1,0,1,30,0.368496359,0.148663226,0.831879567,25000,0.2,8.00E-06,0.017,3000,72000,72000,72000,30000,30000,30000,0.2,0.2,0.2,5.00E-06,5.00E-06,5.00E-06,39363000000,38242000000,35888000000,15762000000,14485000000,14748000000,0.1981,0.1961,0.1986,6.34E-06,6.47E-06,6.79E-06
0,1,0,0,0,1,1,1,0,1,1,1,0,0,0,0,1,0,1,1,0,1,1,1,1,30,0.754344549,0.104499163,1.633849771,25000,0.2,8.00E-06,0.017,3000,72000,72000,72000,30000,30000,30000,0.2,0.2,0.2,5.00E-06,5.00E-06,5.00E-06,41107000000,40056000000,36472000000,16522000000,14460000000,14748000000,0.2005,0.1924,0.1946,6.22E-06,6.33E-06,6.83E-06
1,0,1,1,0,0,1,1,1,0,0,1,1,0,0,1,1,0,1,1,1,0,1,0,1,30,0.331855529,0.232056938,0.7692932,25000,0.2,8.00E-06,0.017,3000,72000,72000,72000,30000,30000,30000,0.2,0.2,0.2,5.00E-06,5.00E-06,5.00E-06,37490000000,35985000000,35441000000,14776000000,14330000000,14669000000,0.1979,0.196,0.1986,6.49E-06,6.67E-06,6.75E-06
1,1,1,0,1,0,0,0,1,1,1,0,0,0,1,0,0,0,1,0,0,0,0,1,1,30,0.568740898,0.284466759,1.202735674,25000,0.2,8.00E-06,0.017,3000,72000,72000,72000,30000,30000,30000,0.2,0.2,0.2,5.00E-06,5.00E-06,5.00E-06,40622000000,39193000000,37143000000,16195000000,15098000000,15352000000,0.1978,0.198,0.1993,6.25E-06,6.39E-06,6.65E-06
1,0,1,1,1,0,0,0,0,1,0,0,1,0,1,0,0,0,0,0,0,1,1,0,0,30,0.947475718,0.170741049,2.090705939,25000,0.2,8.00E-06,0.017,3000,72000,72000,72000,30000,30000,30000,0.2,0.2,0.2,5.00E-06,5.00E-06,5.00E-06,40668000000,39566000000,36281000000,16325000000,14424000000,14693000000,0.2001,0.1933,0.1951,6.25E-06,6.37E-06,6.83E-06
0,1,1,0,0,1,0,0,1,0,0,0,1,1,0,0,0,1,1,0,0,1,1,1,1,30,0.303536925,0.30099388,0.67584527,25000,0.2,8.00E-06,0.017,3000,72000,72000,72000,30000,30000,30000,0.2,0.2,0.2,5.00E-06,5.00E-06,5.00E-06,39507000000,37824000000,37448000000,15581000000,15216000000,15524000000,0.1983,0.1973,0.1984,6.33E-06,6.51E-06,6.56E-06
0,1,0,1,1,0,0,0,0,1,0,0,1,0,0,1,0,0,1,0,0,0,1,0,1,30,0.348264385,0.224806133,0.72805084,25000,0.2,8.00E-06,0.017,3000,72000,72000,72000,30000,30000,30000,0.2,0.2,0.2,5.00E-06,5.00E-06,5.00E-06,40648000000,39274000000,37582000000,16193000000,15303000000,15560000000,0.1977,0.1976,0.1995,6.24E-06,6.39E-06,6.60E-06
0,0,1,1,1,1,1,1,0,0,1,0,1,1,1,1,0,1,1,1,0,0,0,1,0,30,0.999501552,0.295641686,2.416542287,25000,0.2,8.00E-06,0.017,3000,72000,72000,72000,30000,30000,30000,0.2,0.2,0.2,5.00E-06,5.00E-06,5.00E-06,37752000000,36394000000,34521000000,14989000000,13839000000,14117000000,0.1993,0.1949,0.1964,6.47E-06,6.63E-06,6.93E-06
1,1,1,0,0,0,1,1,0,1,1,0,0,1,1,1,1,0,0,0,0,0,0,1,0,30,0.947271995,0.248746126,1.952542097,25000,0.2,8.00E-06,0.017,3000,72000,72000,72000,30000,30000,30000,0.2,0.2,0.2,5.00E-06,5.00E-06,5.00E-06,41485000000,40241000000,37140000000,16621000000,14881000000,15136000000,0.1991,0.195,0.1969,6.19E-06,6.32E-06,6.72E-06
1,0,0,0,1,1,1,1,1,0,1,1,1,1,0,1,1,1,1,0,0,1,0,0,1,30,0.989739901,0.264370379,2.072757084,25000,0.2,8.00E-06,0.017,3000,72000,72000,72000,30000,30000,30000,0.2,0.2,0.2,5.00E-06,5.00E-06,5.00E-06,41237000000,39972000000,36918000000,16512000000,14804000000,15046000000,0.199,0.1954,0.1968,6.21E-06,6.33E-06,6.74E-06
0,0,1,1,1,0,1,1,0,0,1,1,0,0,1,1,0,1,1,0,0,1,0,1,0,30,0.967491977,0.153028492,2.095857461,25000,0.2,8.00E-06,0.017,3000,72000,72000,72000,30000,30000,30000,0.2,0.2,0.2,5.00E-06,5.00E-06,5.00E-06,40998000000,39943000000,36423000000,16475000000,14462000000,14740000000,0.2003,0.1927,0.195,6.23E-06,6.34E-06,6.83E-06
1,0,1,0,0,0,0,0,1,1,1,1,1,0,1,1,1,0,0,0,1,1,1,1,0,30,0.711798892,0.266411781,1.649494111,25000,0.2,8.00E-06,0.017,3000,72000,72000,72000,30000,30000,30000,0.2,0.2,0.2,5.00E-06,5.00E-06,5.00E-06,37881000000,36435000000,34910000000,14999000000,14034000000,14340000000,0.1987,0.1954,0.1974,6.46E-06,6.63E-06,6.86E-06
0,0,0,1,0,0,1,1,1,0,1,1,1,1,1,1,0,0,0,0,0,0,1,0,1,30,0.429109339,0.397635403,1.044831028,25000,0.2,8.00E-06,0.017,3000,72000,72000,72000,30000,30000,30000,0.2,0.2,0.2,5.00E-06,5.00E-06,5.00E-06,37194000000,35628000000,35574000000,14627000000,14357000000,14725000000,0.1984,0.1954,0.1982,6.51E-06,6.71E-06,6.72E-06
0,0,0,1,1,1,1,1,1,1,0,1,0,1,0,1,1,1,1,1,1,0,1,0,1,30,0.457464138,0.122132809,1.133102126,25000,0.2,8.00E-06,0.017,3000,72000,72000,72000,30000,30000,30000,0.2,0.2,0.2,5.00E-06,5.00E-06,5.00E-06,37711000000,36416000000,34429000000,14991000000,13772000000,14054000000,0.1995,0.1943,0.1961,6.47E-06,6.63E-06,6.95E-06
0,1,1,0,0,1,1,0,1,0,0,0,0,0,1,0,0,1,0,0,1,0,1,0,1,30,0.776244884,0.178599632,1.824514208,25000,0.2,8.00E-06,0.017,3000,72000,72000,72000,30000,30000,30000,0.2,0.2,0.2,5.00E-06,5.00E-06,5.00E-06,38076000000,36779000000,34707000000,15130000000,13842000000,14142000000,0.1997,0.1934,0.1956,6.45E-06,6.60E-06,6.93E-06
1,1,1,0,1,0,1,0,1,1,0,1,1,1,0,1,1,1,1,1,1,1,1,0,1,30,0.335762891,0.391814384,0.747577407,25000,0.2,8.00E-06,0.017,3000,72000,72000,72000,30000,30000,30000,0.2,0.2,0.2,5.00E-06,5.00E-06,5.00E-06,39495000000,37808000000,37911000000,15522000000,15310000000,15636000000,0.1986,0.1956,0.197,6.33E-06,6.52E-06,6.51E-06
1,0,0,1,0,1,0,0,0,1,0,0,1,0,1,1,0,0,1,0,0,0,1,0,1,30,0.749016487,0.153783092,1.688526625,25000,0.2,8.00E-06,0.017,3000,72000,72000,72000,30000,30000,30000,0.2,0.2,0.2,5.00E-06,5.00E-06,5.00E-06,39886000000,38846000000,35772000000,16008000000,14239000000,14514000000,0.1998,0.1932,0.1956,6.31E-06,6.42E-06,6.87E-06
0,0,1,0,1,0,1,0,1,1,1,1,0,0,0,0,1,1,0,1,1,1,0,0,0,30,0.853709748,0.218614045,2.004885071,25000,0.2,8.00E-06,0.017,3000,72000,72000,72000,30000,30000,30000,0.2,0.2,0.2,5.00E-06,5.00E-06,5.00E-06,38030000000,36715000000,34736000000,15106000000,13871000000,14172000000,0.1995,0.1936,0.196,6.45E-06,6.61E-06,6.92E-06
0,0,0,0,0,0,1,0,0,1,1,0,0,0,0,0,0,1,1,0,1,1,0,1,1,30,0.976199535,0.398591593,2.188507247,25000,0.2,8.00E-06,0.017,3000,72000,72000,72000,30000,30000,30000,0.2,0.2,0.2,5.00E-06,5.00E-06,5.00E-06,39576000000,38327000000,36080000000,15823000000,14581000000,14835000000,0.1982,0.1969,0.1985,6.32E-06,6.46E-06,6.77E-06
1,1,0,1,1,1,0,1,0,1,0,1,0,1,0,0,0,0,1,1,0,1,0,0,0,30,0.84498548,0.266458141,1.722654602,25000,0.2,8.00E-06,0.017,3000,72000,72000,72000,30000,30000,30000,0.2,0.2,0.2,5.00E-06,5.00E-06,5.00E-06,41505000000,40231000000,37333000000,16608000000,15020000000,15273000000,0.1985,0.1958,0.1978,6.19E-06,6.32E-06,6.69E-06
0,1,0,1,1,1,1,0,0,0,0,0,1,1,0,0,1,0,0,0,1,0,0,0,0,30,0.695158451,0.132252798,1.672574198,25000,0.2,8.00E-06,0.017,3000,72000,72000,72000,30000,30000,30000,0.2,0.2,0.2,5.00E-06,5.00E-06,5.00E-06,37997000000,36762000000,34527000000,15128000000,13743000000,14036000000,0.2002,0.1929,0.1948,6.45E-06,6.60E-06,6.96E-06
0,1,0,0,0,1,1,1,1,1,1,0,1,1,1,0,0,1,1,1,1,0,1,0,0,45,0.973419218,0.153781668,2.405713309,25000,0.2,8.00E-06,0.017,3000,72000,72000,72000,30000,30000,30000,0.2,0.2,0.2,5.00E-06,5.00E-06,5.00E-06,42402000000,40459000000,37390000000,17022000000,14810000000,15211000000,0.2051,0.1912,0.1946,6.12E-06,6.31E-06,6.74E-06
1,0,0,0,0,1,1,1,0,1,1,0,0,0,1,0,1,1,1,1,1,0,1,1,1,45,0.518071448,0.189718681,1.394459671,25000,0.2,8.00E-06,0.017,3000,72000,72000,72000,30000,30000,30000,0.2,0.2,0.2,5.00E-06,5.00E-06,5.00E-06,40382000000,38113000000,36318000000,16125000000,14574000000,14965000000,0.2045,0.1952,0.1966,6.24E-06,6.48E-06,6.76E-06
0,0,1,0,0,1,1,1,0,0,0,0,1,0,1,0,0,0,1,1,0,0,0,0,0,45,0.554011565,0.339827596,1.237709678,25000,0.2,8.00E-06,0.017,3000,72000,72000,72000,30000,30000,30000,0.2,0.2,0.2,5.00E-06,5.00E-06,5.00E-06,43185000000,40204000000,39241000000,17044000000,15868000000,16384000000,0.204,0.1969,0.1988,6.05E-06,6.32E-06,6.46E-06
1,0,0,1,0,1,0,0,1,1,0,0,1,1,1,0,1,1,0,1,1,0,1,1,1,45,0.605089985,0.11819566,1.436835242,25000,0.2,8.00E-06,0.017,3000,72000,72000,72000,30000,30000,30000,0.2,0.2,0.2,5.00E-06,5.00E-06,5.00E-06,42869000000,40759000000,37775000000,17162000000,15005000000,15413000000,0.2047,0.1922,0.1955,6.08E-06,6.29E-06,6.70E-06
1,1,0,1,1,0,1,1,0,0,0,0,0,0,0,0,0,1,1,1,1,0,1,0,1,45,0.923660718,0.266739754,2.066506672,25000,0.2,8.00E-06,0.017,3000,72000,72000,72000,30000,30000,30000,0.2,0.2,0.2,5.00E-06,5.00E-06,5.00E-06,43660000000,41256000000,38715000000,17415000000,15461000000,15912000000,0.204,0.1941,0.197,6.03E-06,6.25E-06,6.59E-06
1,1,0,1,1,1,0,1,1,0,0,1,0,1,0,0,0,0,0,0,1,0,0,0,1,45,0.798066905,0.20908308,2.072671554,25000,0.2,8.00E-06,0.017,3000,72000,72000,72000,30000,30000,30000,0.2,0.2,0.2,5.00E-06,5.00E-06,5.00E-06,41296000000,39154000000,36726000000,16519000000,14657000000,15039000000,0.2045,0.1936,0.1959,6.18E-06,6.40E-06,6.76E-06
0,1,1,0,1,0,0,0,0,1,0,0,1,0,0,0,0,0,1,0,1,0,0,1,1,45,0.954403511,0.364162017,2.525580261,25000,0.2,8.00E-06,0.017,3000,72000,72000,72000,30000,30000,30000,0.2,0.2,0.2,5.00E-06,5.00E-06,5.00E-06,40690000000,38369000000,36565000000,16229000000,14697000000,15089000000,0.2042,0.1956,0.197,6.22E-06,6.46E-06,6.74E-06
1,1,1,1,1,0,0,1,0,1,0,1,1,0,1,0,0,1,0,0,0,0,1,0,0,45,0.298008514,0.192117548,0.685649663,25000,0.2,8.00E-06,0.017,3000,72000,72000,72000,30000,30000,30000,0.2,0.2,0.2,5.00E-06,5.00E-06,5.00E-06,42725000000,39894000000,39003000000,16879000000,15770000000,16287000000,0.2037,0.1967,0.1989,6.08E-06,6.35E-06,6.48E-06
0,1,0,0,0,0,1,0,1,0,0,0,1,0,1,0,1,1,0,1,0,1,0,1,1,45,0.644390057,0.390792254,1.563769446,25000,0.2,8.00E-06,0.017,3000,72000,72000,72000,30000,30000,30000,0.2,0.2,0.2,5.00E-06,5.00E-06,5.00E-06,41704000000,39139000000,37934000000,16532000000,15365000000,15817000000,0.2032,0.197,0.1991,6.15E-06,6.40E-06,6.57E-06
0,1,1,1,0,1,0,1,0,1,0,1,0,0,1,0,1,1,1,1,1,1,1,1,0,45,0.670438457,0.228672055,1.645509553,25000,0.2,8.00E-06,0.017,3000,72000,72000,72000,30000,30000,30000,0.2,0.2,0.2,5.00E-06,5.00E-06,5.00E-06,41986000000,39635000000,37403000000,16748000000,15014000000,15409000000,0.204,0.1954,0.1972,6.14E-06,6.36E-06,6.68E-06
0,0,0,0,1,0,0,1,1,0,1,1,0,1,0,0,0,0,0,0,1,0,1,0,1,45,0.393382003,0.379409544,0.877972036,25000,0.2,8.00E-06,0.017,3000,72000,72000,72000,30000,30000,30000,0.2,0.2,0.2,5.00E-06,5.00E-06,5.00E-06,43217000000,40250000000,40360000000,17010000000,16176000000,16836000000,0.2046,0.194,0.1982,6.05E-06,6.33E-06,6.35E-06
1,1,0,0,1,1,1,1,0,1,0,0,0,1,0,1,1,1,0,0,0,0,0,1,1,45,0.653048044,0.248009756,1.560806786,25000,0.2,8.00E-06,0.017,3000,72000,72000,72000,30000,30000,30000,0.2,0.2,0.2,5.00E-06,5.00E-06,5.00E-06,42383000000,39937000000,37919000000,16883000000,15227000000,15661000000,0.2039,0.1953,0.1976,6.11E-06,6.34E-06,6.63E-06
0,1,1,1,1,0,0,1,0,0,0,0,1,0,0,1,1,0,0,1,1,0,0,1,1,45,0.97918347,0.129655262,2.31675495,25000,0.2,8.00E-06,0.017,3000,72000,72000,72000,30000,30000,30000,0.2,0.2,0.2,5.00E-06,5.00E-06,5.00E-06,43203000000,41238000000,37932000000,17337000000,15000000000,15415000000,0.2051,0.1908,0.1945,6.07E-06,6.25E-06,6.70E-06
0,1,0,1,1,0,1,1,1,0,0,1,1,0,0,0,1,0,1,0,1,1,0,1,1,45,0.614021604,0.154138297,1.657192895,25000,0.2,8.00E-06,0.017,3000,72000,72000,72000,30000,30000,30000,0.2,0.2,0.2,5.00E-06,5.00E-06,5.00E-06,40632000000,38531000000,36237000000,16257000000,14447000000,14830000000,0.2048,0.1934,0.1954,6.23E-06,6.45E-06,6.81E-06
1,1,1,0,1,1,0,0,1,1,0,1,1,0,0,0,1,0,1,1,1,1,1,1,0,45,0.525242229,0.123087767,1.257339103,25000,0.2,8.00E-06,0.017,3000,72000,72000,72000,30000,30000,30000,0.2,0.2,0.2,5.00E-06,5.00E-06,5.00E-06,42605000000,40461000000,37629000000,17052000000,14988000000,15386000000,0.2044,0.1931,0.1961,6.10E-06,6.30E-06,6.70E-06
1,0,1,0,1,0,0,0,0,1,0,1,0,0,1,0,0,1,1,0,0,1,0,0,1,45,0.487521399,0.307673627,1.091788424,25000,0.2,8.00E-06,0.017,3000,72000,72000,72000,30000,30000,30000,0.2,0.2,0.2,5.00E-06,5.00E-06,5.00E-06,43046000000,40531000000,39193000000,17088000000,15817000000,16339000000,0.203,0.1956,0.1996,6.06E-06,6.30E-06,6.48E-06
1,1,1,1,0,1,0,0,0,1,1,0,1,1,1,0,0,1,1,0,0,1,1,0,0,45,0.982204923,0.283220859,2.178715036,25000,0.2,8.00E-06,0.017,3000,72000,72000,72000,30000,30000,30000,0.2,0.2,0.2,5.00E-06,5.00E-06,5.00E-06,43730000000,41237000000,38708000000,17424000000,15472000000,15909000000,0.2041,0.1946,0.1969,6.03E-06,6.25E-06,6.59E-06
0,0,0,0,0,0,0,1,0,0,0,0,1,0,0,1,1,0,1,0,0,0,0,0,0,45,0.510307325,0.148034005,1.290639274,25000,0.2,8.00E-06,0.017,3000,72000,72000,72000,30000,30000,30000,0.2,0.2,0.2,5.00E-06,5.00E-06,5.00E-06,41765000000,39378000000,37152000000,16641000000,14859000000,15242000000,0.2044,0.1949,0.1958,6.15E-06,6.38E-06,6.71E-06
0,0,1,1,1,1,0,1,0,1,0,1,0,1,1,0,0,1,0,1,0,1,0,0,0,45,0.273552015,0.164744948,0.672986916,25000,0.2,8.00E-06,0.017,3000,72000,72000,72000,30000,30000,30000,0.2,0.2,0.2,5.00E-06,5.00E-06,5.00E-06,41601000000,39166000000,37849000000,16535000000,15297000000,15765000000,0.2034,0.1961,0.1991,6.15E-06,6.40E-06,6.59E-06
0,1,1,1,0,0,0,0,0,1,0,1,1,1,0,0,0,1,0,0,0,1,1,1,1,45,0.402355368,0.278718656,0.923036402,25000,0.2,8.00E-06,0.017,3000,72000,72000,72000,30000,30000,30000,0.2,0.2,0.2,5.00E-06,5.00E-06,5.00E-06,42740000000,39827000000,39066000000,16868000000,15795000000,16325000000,0.2041,0.1967,0.1988,6.08E-06,6.35E-06,6.47E-06
1,0,1,0,0,1,0,0,0,1,1,1,0,1,0,0,1,0,1,1,1,1,1,0,1,45,0.571878021,0.277382463,1.405092859,25000,0.2,8.00E-06,0.017,3000,72000,72000,72000,30000,30000,30000,0.2,0.2,0.2,5.00E-06,5.00E-06,5.00E-06,41747000000,39293000000,37695000000,16604000000,15208000000,15652000000,0.2035,0.1961,0.1985,6.15E-06,6.39E-06,6.62E-06
1,0,1,1,0,1,0,0,0,0,0,1,0,0,1,0,1,1,0,0,1,0,0,1,1,45,0.357905307,0.385463159,0.867108993,25000,0.2,8.00E-06,0.017,3000,72000,72000,72000,30000,30000,30000,0.2,0.2,0.2,5.00E-06,5.00E-06,5.00E-06,41895000000,39139000000,39416000000,16521000000,15790000000,16422000000,0.2046,0.1936,0.1979,6.14E-06,6.41E-06,6.41E-06
0,0,0,0,1,1,0,0,1,1,1,1,0,0,0,1,1,0,1,1,1,0,1,0,0,45,0.735402554,0.21986626,1.952791233,25000,0.2,8.00E-06,0.017,3000,72000,72000,72000,30000,30000,30000,0.2,0.2,0.2,5.00E-06,5.00E-06,5.00E-06,40751000000,38628000000,36415000000,16311000000,14560000000,14943000000,0.2045,0.194,0.1962,6.22E-06,6.44E-06,6.78E-06
1,0,1,0,1,1,1,0,0,0,0,1,1,1,1,0,0,0,1,0,1,1,1,1,0,45,0.365572205,0.336888435,0.973775284,25000,0.2,8.00E-06,0.017,3000,72000,72000,72000,30000,30000,30000,0.2,0.2,0.2,5.00E-06,5.00E-06,5.00E-06,40043000000,37444000000,37408000000,15849000000,15096000000,15632000000,0.2047,0.1954,0.1984,6.26E-06,6.54E-06,6.58E-06
1,1,1,0,1,0,1,1,1,1,0,1,1,0,0,0,1,1,1,1,0,1,1,1,1,45,0.824446499,0.161958023,1.832768501,25000,0.2,8.00E-06,0.017,3000,72000,72000,72000,30000,30000,30000,0.2,0.2,0.2,5.00E-06,5.00E-06,5.00E-06,44090000000,41769000000,38788000000,17618000000,15396000000,15836000000,0.2047,0.1925,0.1956,6.01E-06,6.22E-06,6.61E-06
1,1,1,1,0,1,1,1,1,1,1,1,1,1,1,1,0,1,0,0,1,0,1,0,0,45,0.743422372,0.37878856,1.801214681,25000,0.2,8.00E-06,0.017,3000,72000,72000,72000,30000,30000,30000,0.2,0.2,0.2,5.00E-06,5.00E-06,5.00E-06,41917000000,39042000000,37817000000,16575000000,15317000000,15728000000,0.2041,0.198,0.1978,6.14E-06,6.41E-06,6.59E-06
1,0,0,1,1,1,1,1,1,1,1,1,0,0,1,0,1,0,1,1,0,1,0,1,0,45,0.860716734,0.236197082,2.181042176,25000,0.2,8.00E-06,0.017,3000,72000,72000,72000,30000,30000,30000,0.2,0.2,0.2,5.00E-06,5.00E-06,5.00E-06,41658000000,39412000000,37019000000,16629000000,14789000000,15177000000,0.2043,0.1941,0.1961,6.16E-06,6.38E-06,6.73E-06
0,0,0,1,1,1,0,1,1,0,0,1,0,0,1,1,1,0,1,1,0,1,1,1,1,45,0.655111872,0.218586998,1.754941385,25000,0.2,8.00E-06,0.017,3000,72000,72000,72000,30000,30000,30000,0.2,0.2,0.2,5.00E-06,5.00E-06,5.00E-06,40461000000,38329000000,36277000000,16190000000,14531000000,14920000000,0.2044,0.1944,0.1966,6.24E-06,6.46E-06,6.78E-06
1,1,0,1,1,1,1,1,1,0,0,0,0,0,0,1,0,0,0,1,1,0,1,1,1,45,0.887003365,0.214080971,2.198141587,25000,0.2,8.00E-06,0.017,3000,72000,72000,72000,30000,30000,30000,0.2,0.2,0.2,5.00E-06,5.00E-06,5.00E-06,42208000000,40010000000,37425000000,16881000000,14911000000,15303000000,0.2046,0.1934,0.1956,6.13E-06,6.34E-06,6.71E-06
0,1,0,0,1,0,0,1,1,0,1,0,1,0,0,1,0,0,1,1,1,1,0,1,1,45,0.33113988,0.295064613,0.815328504,25000,0.2,8.00E-06,0.017,3000,72000,72000,72000,30000,30000,30000,0.2,0.2,0.2,5.00E-06,5.00E-06,5.00E-06,41461000000,38710000000,38601000000,16361000000,15584000000,16135000000,0.204,0.1958,0.1987,6.16E-06,6.44E-06,6.48E-06
0,0,1,1,1,1,0,1,0,0,1,1,1,1,0,1,1,1,1,1,0,0,1,0,1,45,0.641896351,0.389102277,1.42278095,25000,0.2,8.00E-06,0.017,3000,72000,72000,72000,30000,30000,30000,0.2,0.2,0.2,5.00E-06,5.00E-06,5.00E-06,43277000000,40484000000,39372000000,17127000000,15912000000,16432000000,0.2036,0.1965,0.1991,6.05E-06,6.30E-06,6.46E-06
0,1,0,0,0,1,0,1,1,0,0,0,1,1,1,1,1,1,1,0,1,1,0,0,1,45,0.972995557,0.140304407,2.481795496,25000,0.2,8.00E-06,0.017,3000,72000,72000,72000,30000,30000,30000,0.2,0.2,0.2,5.00E-06,5.00E-06,5.00E-06,41759000000,39916000000,36875000000,16781000000,14596000000,14988000000,0.2053,0.1907,0.1944,6.16E-06,6.35E-06,6.79E-06
0,1,1,1,0,0,0,1,1,1,1,1,0,0,0,1,1,0,1,1,1,1,1,1,1,45,0.378479992,0.261861588,0.897807287,25000,0.2,8.00E-06,0.017,3000,72000,72000,72000,30000,30000,30000,0.2,0.2,0.2,5.00E-06,5.00E-06,5.00E-06,42226000000,39197000000,38615000000,16641000000,15634000000,16140000000,0.2046,0.1972,0.1984,6.11E-06,6.40E-06,6.50E-06
1,1,1,1,0,1,1,1,1,0,0,1,0,0,0,0,0,0,1,1,1,0,0,1,1,45,0.889808493,0.27432228,1.998915291,25000,0.2,8.00E-06,0.017,3000,72000,72000,72000,30000,30000,30000,0.2,0.2,0.2,5.00E-06,5.00E-06,5.00E-06,43670000000,41090000000,38754000000,17379000000,15504000000,15951000000,0.2041,0.1949,0.197,6.03E-06,6.26E-06,6.57E-06
1,0,1,1,0,0,0,0,0,0,1,0,1,0,1,0,0,0,1,1,1,0,0,1,1,45,0.815020846,0.309824316,2.199836206,25000,0.2,8.00E-06,0.017,3000,72000,72000,72000,30000,30000,30000,0.2,0.2,0.2,5.00E-06,5.00E-06,5.00E-06,40296000000,37987000000,36240000000,16068000000,14557000000,14950000000,0.2043,0.1955,0.1969,6.25E-06,6.49E-06,6.77E-06
1,0,0,1,0,1,1,1,1,0,1,0,1,0,1,0,1,0,0,1,0,1,0,1,1,45,0.824856271,0.332081069,2.10076698,25000,0.2,8.00E-06,0.017,3000,72000,72000,72000,30000,30000,30000,0.2,0.2,0.2,5.00E-06,5.00E-06,5.00E-06,41248000000,38926000000,36943000000,16436000000,14866000000,15267000000,0.2036,0.1956,0.1978,6.18E-06,6.42E-06,6.71E-06
0,1,1,1,0,1,0,0,1,1,0,0,1,1,0,0,0,0,1,1,0,0,1,1,0,45,0.955119286,0.276991206,2.123201207,25000,0.2,8.00E-06,0.017,3000,72000,72000,72000,30000,30000,30000,0.2,0.2,0.2,5.00E-06,5.00E-06,5.00E-06,43723000000,41255000000,38657000000,17427000000,15450000000,15891000000,0.2041,0.1945,0.197,6.03E-06,6.25E-06,6.59E-06
1,1,1,1,0,1,1,0,1,0,0,0,0,1,0,1,1,1,1,0,1,0,1,0,1,45,0.655980464,0.364130977,1.645539592,25000,0.2,8.00E-06,0.017,3000,72000,72000,72000,30000,30000,30000,0.2,0.2,0.2,5.00E-06,5.00E-06,5.00E-06,41418000000,38853000000,37552000000,16436000000,15180000000,15623000000,0.2037,0.1966,0.1985,6.17E-06,6.42E-06,6.62E-06
1,1,0,0,1,1,1,1,1,1,1,1,1,1,0,0,1,1,0,1,0,1,1,0,1,45,0.506508872,0.362199318,1.186497267,25000,0.2,8.00E-06,0.017,3000,72000,72000,72000,30000,30000,30000,0.2,0.2,0.2,5.00E-06,5.00E-06,5.00E-06,42331000000,39452000000,38765000000,16704000000,15688000000,16190000000,0.2041,0.1968,0.1987,6.11E-06,6.38E-06,6.49E-06
0,1,0,1,0,1,0,1,1,0,0,0,1,1,0,1,0,1,1,0,1,0,1,1,0,45,0.463874176,0.282987034,1.062207236,25000,0.2,8.00E-06,0.017,3000,72000,72000,72000,30000,30000,30000,0.2,0.2,0.2,5.00E-06,5.00E-06,5.00E-06,42740000000,40130000000,38844000000,16929000000,15695000000,16191000000,0.2031,0.1963,0.1993,6.08E-06,6.33E-06,6.50E-06
0,1,1,1,1,0,1,1,1,1,1,1,0,1,1,1,1,1,0,0,1,0,0,1,1,45,0.355557819,0.19335485,0.840262466,25000,0.2,8.00E-06,0.017,3000,72000,72000,72000,30000,30000,30000,0.2,0.2,0.2,5.00E-06,5.00E-06,5.00E-06,42361000000,39591000000,38280000000,16774000000,15484000000,15942000000,0.2039,0.197,0.1985,6.11E-06,6.37E-06,6.56E-06
1,0,0,0,0,0,1,1,0,1,1,0,1,0,1,0,1,1,1,0,1,0,0,1,1,45,0.215896379,0.359595024,0.550289118,25000,0.2,8.00E-06,0.017,3000,72000,72000,72000,30000,30000,30000,0.2,0.2,0.2,5.00E-06,5.00E-06,5.00E-06,42069000000,38899000000,40696000000,16396000000,15921000000,16761000000,0.2066,0.1885,0.1943,6.13E-06,6.46E-06,6.30E-06
1,1,1,1,0,1,1,0,0,1,0,1,1,1,1,0,1,0,1,0,1,1,1,1,0,45,0.387296789,0.291662826,0.960498987,25000,0.2,8.00E-06,0.017,3000,72000,72000,72000,30000,30000,30000,0.2,0.2,0.2,5.00E-06,5.00E-06,5.00E-06,41368000000,38502000000,38022000000,16319000000,15424000000,15905000000,0.2042,0.1974,0.1986,6.17E-06,6.45E-06,6.54E-06
1,1,1,1,0,0,1,0,1,1,1,0,1,1,1,0,1,0,1,0,0,1,1,0,0,45,0.363691375,0.244318374,0.914710686,25000,0.2,8.00E-06,0.017,3000,72000,72000,72000,30000,30000,30000,0.2,0.2,0.2,5.00E-06,5.00E-06,5.00E-06,41237000000,38668000000,37735000000,16350000000,15268000000,15743000000,0.2038,0.1964,0.1989,6.18E-06,6.44E-06,6.58E-06
1,0,1,1,0,1,0,1,1,0,1,1,1,0,0,0,1,1,1,0,1,1,1,0,0,45,0.835647054,0.380715703,2.129395214,25000,0.2,8.00E-06,0.017,3000,72000,72000,72000,30000,30000,30000,0.2,0.2,0.2,5.00E-06,5.00E-06,5.00E-06,41300000000,38702000000,37153000000,16389000000,14994000000,15400000000,0.2039,0.1968,0.1977,6.18E-06,6.43E-06,6.67E-06
1,0,0,0,0,0,1,1,1,0,1,0,0,1,0,1,1,1,1,0,0,1,0,1,1,45,0.85768128,0.236721897,2.258776556,25000,0.2,8.00E-06,0.017,3000,72000,72000,72000,30000,30000,30000,0.2,0.2,0.2,5.00E-06,5.00E-06,5.00E-06,40986000000,38938000000,36561000000,16425000000,14593000000,14979000000,0.2045,0.1934,0.1962,6.20E-06,6.42E-06,6.77E-06
1,0,1,1,1,0,0,0,0,1,1,0,1,0,1,1,1,0,1,1,1,0,1,1,1,45,0.450339945,0.293862338,1.13204047,25000,0.2,8.00E-06,0.017,3000,72000,72000,72000,30000,30000,30000,0.2,0.2,0.2,5.00E-06,5.00E-06,5.00E-06,41318000000,38522000000,37669000000,16316000000,15272000000,15717000000,0.2039,0.1975,0.1984,6.17E-06,6.45E-06,6.59E-06
1,0,0,1,0,0,1,0,0,1,0,0,0,0,0,0,0,0,0,1,1,0,0,0,0,45,0.729755866,0.320504605,1.922743425,25000,0.2,8.00E-06,0.017,3000,72000,72000,72000,30000,30000,30000,0.2,0.2,0.2,5.00E-06,5.00E-06,5.00E-06,40697000000,38269000000,36679000000,16204000000,14783000000,15179000000,0.2041,0.1962,0.1975,6.22E-06,6.47E-06,6.71E-06
1,0,1,0,1,1,0,1,1,0,0,0,1,1,1,0,0,0,1,1,1,0,0,1,1,45,0.936847549,0.201273526,2.08225842,25000,0.2,8.00E-06,0.017,3000,72000,72000,72000,30000,30000,30000,0.2,0.2,0.2,5.00E-06,5.00E-06,5.00E-06,43942000000,41668000000,38679000000,17560000000,15375000000,15816000000,0.2044,0.1928,0.1961,6.02E-06,6.22E-06,6.61E-06
1,1,0,0,1,0,0,1,0,1,0,0,1,0,0,0,1,1,0,1,0,0,1,1,1,45,0.569892752,0.331001037,1.373227492,25000,0.2,8.00E-06,0.017,3000,72000,72000,72000,30000,30000,30000,0.2,0.2,0.2,5.00E-06,5.00E-06,5.00E-06,41990000000,39319000000,38129000000,16638000000,15421000000,15889000000,0.2036,0.1968,0.1987,6.13E-06,6.39E-06,6.56E-06
1,0,0,0,1,0,1,1,0,1,0,0,1,1,0,0,1,1,0,0,1,1,0,1,0,45,0.90512659,0.108625709,2.367058126,25000,0.2,8.00E-06,0.017,3000,72000,72000,72000,30000,30000,30000,0.2,0.2,0.2,5.00E-06,5.00E-06,5.00E-06,41443000000,39703000000,36578000000,16683000000,14459000000,14850000000,0.2055,0.19,0.1942,6.18E-06,6.36E-06,6.83E-06
1,0,0,0,0,0,0,0,1,0,1,1,1,1,1,1,1,0,0,0,0,1,1,1,1,45,0.564082142,0.142497514,1.294595477,25000,0.2,8.00E-06,0.017,3000,72000,72000,72000,30000,30000,30000,0.2,0.2,0.2,5.00E-06,5.00E-06,5.00E-06,43387000000,41134000000,38467000000,17345000000,15304000000,15748000000,0.2044,0.193,0.1962,6.05E-06,6.26E-06,6.62E-06
0,0,1,0,1,0,1,1,0,1,0,1,0,0,0,0,0,0,1,0,0,0,1,1,1,45,0.956200084,0.334793054,2.389516766,25000,0.2,8.00E-06,0.017,3000,72000,72000,72000,30000,30000,30000,0.2,0.2,0.2,5.00E-06,5.00E-06,5.00E-06,41806000000,39389000000,37257000000,16645000000,14965000000,15357000000,0.2039,0.1956,0.1971,6.15E-06,6.38E-06,6.69E-06
1,1,1,0,1,1,0,1,0,1,0,1,1,0,1,0,1,1,1,1,1,0,0,0,1,45,0.917473928,0.399440614,2.250439236,25000,0.2,8.00E-06,0.017,3000,72000,72000,72000,30000,30000,30000,0.2,0.2,0.2,5.00E-06,5.00E-06,5.00E-06,41888000000,39404000000,37610000000,16661000000,15161000000,15577000000,0.2037,0.1963,0.1979,6.14E-06,6.38E-06,6.64E-06
1,1,0,0,0,1,1,1,0,1,0,1,0,1,1,0,1,1,1,1,0,1,0,0,1,45,0.2204214,0.31746428,0.524876781,25000,0.2,8.00E-06,0.017,3000,72000,72000,72000,30000,30000,30000,0.2,0.2,0.2,5.00E-06,5.00E-06,5.00E-06,42451000000,39236000000,40704000000,16590000000,16085000000,16825000000,0.2068,0.1908,0.195,6.10E-06,6.42E-06,6.30E-06
0,1,1,0,0,0,1,1,1,0,0,1,1,0,0,1,0,1,0,1,0,1,0,1,1,45,0.25250888,0.137751323,0.624989864,25000,0.2,8.00E-06,0.017,3000,72000,72000,72000,30000,30000,30000,0.2,0.2,0.2,5.00E-06,5.00E-06,5.00E-06,41579000000,39024000000,37624000000,16498000000,15221000000,15658000000,0.2035,0.1969,0.1986,6.16E-06,6.41E-06,6.61E-06
0,0,0,1,0,1,1,1,0,1,0,1,0,1,1,0,0,1,1,1,0,0,0,1,1,45,0.935831602,0.299850664,2.446819237,25000,0.2,8.00E-06,0.017,3000,72000,72000,72000,30000,30000,30000,0.2,0.2,0.2,5.00E-06,5.00E-06,5.00E-06,41089000000,38806000000,36686000000,16401000000,14701000000,15081000000,0.2043,0.1949,0.1964,6.20E-06,6.42E-06,6.75E-06
0,0,0,0,1,0,0,0,0,0,0,0,0,1,1,0,0,1,0,1,0,0,1,1,0,45,0.599770072,0.350711606,1.598751744,25000,0.2,8.00E-06,0.017,3000,72000,72000,72000,30000,30000,30000,0.2,0.2,0.2,5.00E-06,5.00E-06,5.00E-06,40249000000,37566000000,36653000000,15946000000,14843000000,15259000000,0.2045,0.1975,0.1978,6.25E-06,6.52E-06,6.68E-06
0,0,1,1,1,1,1,0,0,0,1,1,1,1,0,0,1,1,0,0,1,0,1,0,0,45,0.537373078,0.316111203,1.404378284,25000,0.2,8.00E-06,0.017,3000,72000,72000,72000,30000,30000,30000,0.2,0.2,0.2,5.00E-06,5.00E-06,5.00E-06,40618000000,38060000000,36984000000,16127000000,14970000000,15402000000,0.2041,0.1969,0.1984,6.22E-06,6.48E-06,6.66E-06
1,0,1,1,1,1,0,1,0,1,1,1,0,1,1,0,0,0,0,1,0,0,0,0,1,45,0.870400047,0.173731581,2.191964268,25000,0.2,8.00E-06,0.017,3000,72000,72000,72000,30000,30000,30000,0.2,0.2,0.2,5.00E-06,5.00E-06,5.00E-06,41955000000,39896000000,37124000000,16805000000,14754000000,15143000000,0.2048,0.1924,0.195,6.14E-06,6.35E-06,6.75E-06
0,0,0,0,0,1,0,1,0,0,0,0,1,1,1,0,1,0,0,1,1,1,1,1,0,45,0.631482062,0.176046786,1.442039829,25000,0.2,8.00E-06,0.017,3000,72000,72000,72000,30000,30000,30000,0.2,0.2,0.2,5.00E-06,5.00E-06,5.00E-06,43287000000,41011000000,38400000000,17297000000,15316000000,15756000000,0.2041,0.1936,0.1967,6.05E-06,6.27E-06,6.62E-06
0,0,1,1,1,1,1,0,1,0,0,0,0,1,1,0,0,1,1,0,0,0,1,0,1,45,0.910837993,0.26818953,2.294554254,25000,0.2,8.00E-06,0.017,3000,72000,72000,72000,30000,30000,30000,0.2,0.2,0.2,5.00E-06,5.00E-06,5.00E-06,41649000000,39416000000,37030000000,16635000000,14809000000,15201000000,0.2042,0.1942,0.1965,6.16E-06,6.38E-06,6.73E-06
0,1,1,0,0,1,1,1,1,1,0,1,1,0,0,1,1,0,0,0,1,1,1,0,0,45,0.260716865,0.273501722,0.692656281,25000,0.2,8.00E-06,0.017,3000,72000,72000,72000,30000,30000,30000,0.2,0.2,0.2,5.00E-06,5.00E-06,5.00E-06,40077000000,36960000000,37623000000,15707000000,15143000000,15718000000,0.2061,0.1957,0.1969,6.26E-06,6.59E-06,6.54E-06
0,0,0,0,0,1,0,0,1,0,1,1,1,1,0,1,1,0,1,1,1,0,1,1,0,45,0.273775134,0.399300086,0.656204724,25000,0.2,8.00E-06,0.017,3000,72000,72000,72000,30000,30000,30000,0.2,0.2,0.2,5.00E-06,5.00E-06,5.00E-06,42624000000,39407000000,40783000000,16646000000,16082000000,16850000000,0.2068,0.1903,0.195,6.09E-06,6.41E-06,6.30E-06
1,0,0,1,1,1,0,0,0,0,1,1,0,0,1,1,0,0,0,0,1,0,0,1,1,45,0.987718702,0.277200328,2.65005055,25000,0.2,8.00E-06,0.017,3000,72000,72000,72000,30000,30000,30000,0.2,0.2,0.2,5.00E-06,5.00E-06,5.00E-06,40670000000,38456000000,36311000000,16248000000,14508000000,14888000000,0.2047,0.1943,0.1956,6.23E-06,6.45E-06,6.79E-06
1,0,0,0,0,0,0,1,0,1,0,0,0,1,0,0,0,1,1,0,1,0,0,0,0,45,0.231936485,0.191419038,0.59037116,25000,0.2,8.00E-06,0.017,3000,72000,72000,72000,30000,30000,30000,0.2,0.2,0.2,5.00E-06,5.00E-06,5.00E-06,40922000000,38030000000,37808000000,16117000000,15311000000,15814000000,0.2045,0.1969,0.1984,6.20E-06,6.49E-06,6.55E-06
1,1,0,0,1,0,0,1,0,0,0,1,1,0,0,0,0,0,1,1,0,0,1,1,0,45,0.651141505,0.283292648,1.714779343,25000,0.2,8.00E-06,0.017,3000,72000,72000,72000,30000,30000,30000,0.2,0.2,0.2,5.00E-06,5.00E-06,5.00E-06,40658000000,38335000000,36649000000,16217000000,14764000000,15169000000,0.204,0.1959,0.1977,6.22E-06,6.46E-06,6.72E-06
1,0,0,1,1,1,0,0,0,1,0,0,1,1,1,1,1,0,1,1,1,1,0,1,0,45,0.319869373,0.236983681,0.800992653,25000,0.2,8.00E-06,0.017,3000,72000,72000,72000,30000,30000,30000,0.2,0.2,0.2,5.00E-06,5.00E-06,5.00E-06,41296000000,38431000000,37899000000,16285000000,15370000000,15850000000,0.2041,0.1974,0.1987,6.17E-06,6.46E-06,6.55E-06
1,1,1,0,0,1,1,0,0,0,1,1,1,0,1,0,0,1,0,0,1,1,1,0,1,45,0.66055647,0.344582724,1.503118901,25000,0.2,8.00E-06,0.017,3000,72000,72000,72000,30000,30000,30000,0.2,0.2,0.2,5.00E-06,5.00E-06,5.00E-06,42996000000,40108000000,38806000000,17005000000,15687000000,16165000000,0.2039,0.1972,0.1985,6.07E-06,6.33E-06,6.51E-06
1,1,0,1,1,1,1,1,1,0,0,0,0,1,1,1,1,1,1,1,1,1,0,1,0,45,0.724863508,0.255048079,1.772744531,25000,0.2,8.00E-06,0.017,3000,72000,72000,72000,30000,30000,30000,0.2,0.2,0.2,5.00E-06,5.00E-06,5.00E-06,42120000000,39702000000,37598000000,16789000000,15087000000,15492000000,0.2042,0.1954,0.197,6.13E-06,6.36E-06,6.66E-06
1,1,1,1,0,0,0,0,0,0,0,1,1,0,0,0,1,0,0,1,0,0,0,0,1,45,0.759822848,0.327878737,2.053941274,25000,0.2,8.00E-06,0.017,3000,72000,72000,72000,30000,30000,30000,0.2,0.2,0.2,5.00E-06,5.00E-06,5.00E-06,40165000000,37804000000,36311000000,16008000000,14618000000,15017000000,0.2044,0.1959,0.1971,6.26E-06,6.50E-06,6.75E-06
0,0,0,0,1,0,1,1,0,1,0,1,0,0,0,1,1,1,0,1,0,1,0,0,1,45,0.889829603,0.383636718,2.271996525,25000,0.2,8.00E-06,0.017,3000,72000,72000,72000,30000,30000,30000,0.2,0.2,0.2,5.00E-06,5.00E-06,5.00E-06,41147000000,38646000000,36984000000,16354000000,14914000000,15316000000,0.2038,0.1965,0.1978,6.19E-06,6.44E-06,6.69E-06
0,1,0,0,0,0,0,0,1,0,0,0,1,0,0,1,1,1,0,0,0,1,1,1,0,45,0.478945038,0.234540867,1.29497436,25000,0.2,8.00E-06,0.017,3000,72000,72000,72000,30000,30000,30000,0.2,0.2,0.2,5.00E-06,5.00E-06,5.00E-06,40170000000,37612000000,36371000000,15947000000,14697000000,15090000000,0.2043,0.1972,0.1973,6.26E-06,6.52E-06,6.72E-06
0,1,1,1,1,1,0,1,1,1,1,1,1,1,1,0,1,0,1,1,1,0,1,1,1,45,0.75629816,0.259206762,1.713217563,25000,0.2,8.00E-06,0.017,3000,72000,72000,72000,30000,30000,30000,0.2,0.2,0.2,5.00E-06,5.00E-06,5.00E-06,43313000000,40741000000,38499000000,17233000000,15442000000,15879000000,0.2039,0.1955,0.1974,6.05E-06,6.28E-06,6.59E-06
0,0,1,0,1,0,0,1,0,1,1,1,1,0,0,1,0,0,1,1,0,0,1,1,0,45,0.574935058,0.262507934,1.280338982,25000,0.2,8.00E-06,0.017,3000,72000,72000,72000,30000,30000,30000,0.2,0.2,0.2,5.00E-06,5.00E-06,5.00E-06,43300000000,40683000000,38842000000,17195000000,15653000000,16134000000,0.2034,0.1961,0.1988,6.05E-06,6.29E-06,6.53E-06
0,1,0,1,1,1,0,0,0,0,0,1,0,1,0,0,0,0,0,0,1,1,0,0,0,45,0.583059051,0.167724034,1.552862944,25000,0.2,8.00E-06,0.017,3000,72000,72000,72000,30000,30000,30000,0.2,0.2,0.2,5.00E-06,5.00E-06,5.00E-06,40660000000,38553000000,36355000000,16278000000,14522000000,14910000000,0.2046,0.1938,0.196,6.23E-06,6.45E-06,6.79E-06
0,1,1,0,0,0,0,0,1,0,0,0,1,0,0,0,0,1,1,1,1,0,0,0,1,45,0.471846743,0.307359165,1.163617303,25000,0.2,8.00E-06,0.017,3000,72000,72000,72000,30000,30000,30000,0.2,0.2,0.2,5.00E-06,5.00E-06,5.00E-06,41585000000,38811000000,38019000000,16446000000,15389000000,15874000000,0.2041,0.197,0.1985,6.15E-06,6.43E-06,6.55E-06
0,0,1,1,0,0,0,0,0,0,0,1,0,1,1,1,1,1,1,1,0,0,0,1,0,45,0.942177873,0.118956628,2.286000022,25000,0.2,8.00E-06,0.017,3000,72000,72000,72000,30000,30000,30000,0.2,0.2,0.2,5.00E-06,5.00E-06,5.00E-06,42729000000,40846000000,37612000000,17177000000,14865000000,15276000000,0.2054,0.1905,0.1942,6.09E-06,6.28E-06,6.73E-06
0,0,0,1,0,1,1,0,1,1,1,0,0,1,0,1,0,1,0,1,0,1,0,1,1,45,0.664247127,0.275336105,1.506266872,25000,0.2,8.00E-06,0.017,3000,72000,72000,72000,30000,30000,30000,0.2,0.2,0.2,5.00E-06,5.00E-06,5.00E-06,43005000000,40639000000,38454000000,17141000000,15468000000,15926000000,0.2033,0.1954,0.1986,6.07E-06,6.29E-06,6.58E-06
0,1,1,0,1,0,0,0,0,0,1,1,1,1,1,1,0,0,0,1,0,1,0,1,0,45,0.528928823,0.350320318,1.43039128,25000,0.2,8.00E-06,0.017,3000,72000,72000,72000,30000,30000,30000,0.2,0.2,0.2,5.00E-06,5.00E-06,5.00E-06,39836000000,37407000000,36668000000,15838000000,14816000000,15287000000,0.2044,0.196,0.1984,6.28E-06,6.54E-06,6.67E-06
0,1,0,0,0,1,0,1,0,1,1,1,0,1,1,0,0,1,0,1,1,0,1,0,1,45,0.283137067,0.192391475,0.764914078,25000,0.2,8.00E-06,0.017,3000,72000,72000,72000,30000,30000,30000,0.2,0.2,0.2,5.00E-06,5.00E-06,5.00E-06,39816000000,37483000000,36657000000,15838000000,14822000000,15285000000,0.2039,0.196,0.1988,6.28E-06,6.53E-06,6.67E-06
1,1,0,0,1,0,0,1,0,0,0,0,1,1,1,0,1,1,1,0,1,0,1,1,0,45,0.762190188,0.279426206,1.916400384,25000,0.2,8.00E-06,0.017,3000,72000,72000,72000,30000,30000,30000,0.2,0.2,0.2,5.00E-06,5.00E-06,5.00E-06,41630000000,39308000000,37229000000,16603000000,14947000000,15354000000,0.2039,0.1952,0.1973,6.16E-06,6.39E-06,6.69E-06
0,0,0,1,0,1,0,1,0,1,1,0,1,1,0,1,1,1,1,1,0,0,0,1,0,45,0.752911715,0.341279298,1.997567358,25000,0.2,8.00E-06,0.017,3000,72000,72000,72000,30000,30000,30000,0.2,0.2,0.2,5.00E-06,5.00E-06,5.00E-06,40579000000,38157000000,36637000000,16151000000,14772000000,15170000000,0.2041,0.1963,0.1974,6.23E-06,6.47E-06,6.71E-06
0,1,1,0,1,1,1,1,0,0,1,1,0,0,0,0,1,0,0,0,1,0,1,1,1,45,0.816759189,0.28020164,1.810599409,25000,0.2,8.00E-06,0.017,3000,72000,72000,72000,30000,30000,30000,0.2,0.2,0.2,5.00E-06,5.00E-06,5.00E-06,43605000000,41089000000,38772000000,17363000000,15549000000,16000000000,0.2037,0.1952,0.1977,6.03E-06,6.26E-06,6.57E-06
0,1,1,0,1,0,1,0,0,0,0,1,1,0,0,0,1,0,1,0,0,1,0,1,1,45,0.945319523,0.150398833,2.364006869,25000,0.2,8.00E-06,0.017,3000,72000,72000,72000,30000,30000,30000,0.2,0.2,0.2,5.00E-06,5.00E-06,5.00E-06,42258000000,40300000000,37247000000,16951000000,14762000000,15163000000,0.205,0.1912,0.1947,6.12E-06,6.32E-06,6.75E-06
0,0,0,0,1,1,1,1,0,0,1,0,0,0,1,1,0,0,1,1,0,1,0,1,1,45,0.218407314,0.101927099,0.563469732,25000,0.2,8.00E-06,0.017,3000,72000,72000,72000,30000,30000,30000,0.2,0.2,0.2,5.00E-06,5.00E-06,5.00E-06,40977000000,38500000000,36962000000,16295000000,14913000000,15322000000,0.204,0.1964,0.1978,6.20E-06,6.45E-06,6.68E-06
1,0,1,1,0,0,0,0,1,0,0,1,0,0,0,1,0,0,1,1,1,0,1,1,0,45,0.344162218,0.359187595,0.768059956,25000,0.2,8.00E-06,0.017,3000,72000,72000,72000,30000,30000,30000,0.2,0.2,0.2,5.00E-06,5.00E-06,5.00E-06,43289000000,40275000000,40661000000,17004000000,16256000000,16930000000,0.2047,0.1934,0.1976,6.05E-06,6.33E-06,6.32E-06
1,1,0,0,0,1,0,0,1,0,0,1,1,0,1,1,1,1,0,1,0,1,1,1,1,45,0.289822904,0.19629075,0.674501828,25000,0.2,8.00E-06,0.017,3000,72000,72000,72000,30000,30000,30000,0.2,0.2,0.2,5.00E-06,5.00E-06,5.00E-06,42440000000,39790000000,38760000000,16815000000,15667000000,16175000000,0.2037,0.1961,0.1991,6.10E-06,6.35E-06,6.50E-06
1,0,0,0,0,0,0,0,1,0,1,1,1,1,1,1,0,1,1,1,1,0,1,0,0,45,0.305912651,0.286461126,0.772252728,25000,0.2,8.00E-06,0.017,3000,72000,72000,72000,30000,30000,30000,0.2,0.2,0.2,5.00E-06,5.00E-06,5.00E-06,41086000000,38050000000,38312000000,16140000000,15445000000,16010000000,0.2053,0.1959,0.1976,6.19E-06,6.49E-06,6.50E-06
0,1,1,0,1,1,1,1,1,0,1,0,1,1,1,0,1,1,1,0,0,1,1,1,1,45,0.808218316,0.280549736,2.084394924,25000,0.2,8.00E-06,0.017,3000,72000,72000,72000,30000,30000,30000,0.2,0.2,0.2,5.00E-06,5.00E-06,5.00E-06,41237000000,38861000000,36853000000,16433000000,14791000000,15178000000,0.2042,0.1954,0.1967,6.19E-06,6.42E-06,6.72E-06
1,1,1,1,1,1,0,0,1,0,0,0,0,0,1,0,0,0,0,1,1,0,0,1,1,45,0.924899134,0.327239611,2.262485135,25000,0.2,8.00E-06,0.017,3000,72000,72000,72000,30000,30000,30000,0.2,0.2,0.2,5.00E-06,5.00E-06,5.00E-06,42054000000,39611000000,37528000000,16753000000,15077000000,15473000000,0.204,0.1958,0.197,6.13E-06,6.36E-06,6.66E-06
1,1,0,0,1,0,0,1,0,0,1,1,1,0,1,1,0,1,1,1,0,0,1,1,1,45,0.596184408,0.215013571,1.483340214,25000,0.2,8.00E-06,0.017,3000,72000,72000,72000,30000,30000,30000,0.2,0.2,0.2,5.00E-06,5.00E-06,5.00E-06,41831000000,39450000000,37407000000,16679000000,15018000000,15425000000,0.2041,0.1954,0.1971,6.15E-06,6.38E-06,6.67E-06
0,0,0,1,0,0,1,0,1,0,0,1,0,0,0,0,0,0,0,1,0,1,0,1,0,45,0.995000588,0.312857114,2.626819584,25000,0.2,8.00E-06,0.017,3000,72000,72000,72000,30000,30000,30000,0.2,0.2,0.2,5.00E-06,5.00E-06,5.00E-06,40910000000,38664000000,36527000000,16335000000,14628000000,15007000000,0.2044,0.1947,0.1962,6.21E-06,6.44E-06,6.76E-06
0,1,1,0,1,1,1,1,0,1,1,1,0,0,0,1,1,0,1,1,0,0,0,0,0,45,0.499561353,0.372441512,1.205718633,25000,0.2,8.00E-06,0.017,3000,72000,72000,72000,30000,30000,30000,0.2,0.2,0.2,5.00E-06,5.00E-06,5.00E-06,41884000000,38973000000,38526000000,16526000000,15584000000,16103000000,0.2045,0.1967,0.1985,6.13E-06,6.42E-06,6.50E-06
0,1,1,1,0,1,0,0,0,1,1,1,1,1,1,0,0,1,1,1,0,0,0,0,0,45,0.620570886,0.377358335,1.395339024,25000,0.2,8.00E-06,0.017,3000,72000,72000,72000,30000,30000,30000,0.2,0.2,0.2,5.00E-06,5.00E-06,5.00E-06,43143000000,40254000000,39267000000,17059000000,15846000000,16391000000,0.2042,0.1964,0.1987,6.05E-06,6.32E-06,6.46E-06
1,0,0,1,1,1,1,1,0,1,1,0,1,0,0,0,0,1,0,0,1,1,0,1,0,45,0.422610455,0.115465825,0.991040396,25000,0.2,8.00E-06,0.017,3000,72000,72000,72000,30000,30000,30000,0.2,0.2,0.2,5.00E-06,5.00E-06,5.00E-06,42902000000,40625000000,38043000000,17127000000,15185000000,15607000000,0.204,0.1937,0.1966,6.08E-06,6.29E-06,6.65E-06
1,1,0,0,0,1,0,1,0,1,1,1,0,1,1,1,0,0,0,1,0,0,1,0,1,45,0.25639356,0.336168884,0.672805512,25000,0.2,8.00E-06,0.017,3000,72000,72000,72000,30000,30000,30000,0.2,0.2,0.2,5.00E-06,5.00E-06,5.00E-06,40653000000,37863000000,38763000000,15979000000,15454000000,16105000000,0.2056,0.1925,0.1966,6.22E-06,6.52E-06,6.44E-06
0,1,1,0,1,1,0,0,1,0,1,1,1,0,0,1,0,1,1,0,0,0,1,0,1,45,0.308384482,0.180071866,0.758319044,25000,0.2,8.00E-06,0.017,3000,72000,72000,72000,30000,30000,30000,0.2,0.2,0.2,5.00E-06,5.00E-06,5.00E-06,41516000000,39073000000,37719000000,16505000000,15267000000,15722000000,0.2032,0.1965,0.1993,6.16E-06,6.40E-06,6.60E-06
1,0,1,0,0,1,1,0,1,0,0,0,0,0,1,0,1,0,0,0,1,0,0,1,1,45,0.647375881,0.252894016,1.598798788,25000,0.2,8.00E-06,0.017,3000,72000,72000,72000,30000,30000,30000,0.2,0.2,0.2,5.00E-06,5.00E-06,5.00E-06,41795000000,39519000000,37445000000,16678000000,15046000000,15468000000,0.2036,0.1952,0.1978,6.15E-06,6.37E-06,6.67E-06
0,0,0,0,0,1,1,1,1,1,1,1,1,0,0,1,0,0,1,0,0,1,0,1,1,45,0.926841892,0.192962574,2.322047065,25000,0.2,8.00E-06,0.017,3000,72000,72000,72000,30000,30000,30000,0.2,0.2,0.2,5.00E-06,5.00E-06,5.00E-06,42097000000,40040000000,37326000000,16867000000,14819000000,15222000000,0.2048,0.1921,0.1952,6.13E-06,6.34E-06,6.73E-06
0,1,1,1,0,1,1,1,0,0,1,1,0,0,1,1,0,1,1,1,0,0,0,1,0,60,0.954891694,0.232117715,2.577039956,25000,0.2,8.00E-06,0.017,3000,72000,72000,72000,30000,30000,30000,0.2,0.2,0.2,5.00E-06,5.00E-06,5.00E-06,47803000000,44771000000,41197000000,19066000000,16472000000,16918000000,0.2048,0.1953,0.1974,5.80E-06,6.03E-06,6.43E-06
0,0,0,1,0,0,0,1,0,0,0,0,0,0,0,1,1,1,0,1,1,0,0,0,1,60,0.884322803,0.351352586,2.427064606,25000,0.2,8.00E-06,0.017,3000,72000,72000,72000,30000,30000,30000,0.2,0.2,0.2,5.00E-06,5.00E-06,5.00E-06,47245000000,43628000000,41163000000,18673000000,16573000000,17086000000,0.2051,0.1974,0.1982,5.82E-06,6.10E-06,6.39E-06
0,1,0,1,0,1,0,1,0,0,1,1,0,0,1,0,0,0,1,0,0,1,0,0,1,60,0.54117291,0.155245294,1.330984959,25000,0.2,8.00E-06,0.017,3000,72000,72000,72000,30000,30000,30000,0.2,0.2,0.2,5.00E-06,5.00E-06,5.00E-06,49156000000,46531000000,42290000000,19696000000,17020000000,17430000000,0.2029,0.1965,0.1988,5.74E-06,5.92E-06,6.35E-06
1,0,1,0,1,1,1,1,1,0,1,1,1,1,0,0,0,0,1,1,0,0,1,1,1,60,0.212580461,0.221364418,0.543141971,25000,0.2,8.00E-06,0.017,3000,72000,72000,72000,30000,30000,30000,0.2,0.2,0.2,5.00E-06,5.00E-06,5.00E-06,48594000000,44410000000,44148000000,19004000000,17751000000,18542000000,0.2062,0.1959,0.1988,5.75E-06,6.06E-06,6.11E-06
1,0,1,1,1,1,1,1,1,0,1,0,0,1,0,1,0,0,1,0,1,1,1,0,1,60,0.326633779,0.295575596,0.796349139,25000,0.2,8.00E-06,0.017,3000,72000,72000,72000,30000,30000,30000,0.2,0.2,0.2,5.00E-06,5.00E-06,5.00E-06,49521000000,45785000000,44593000000,19510000000,18020000000,18720000000,0.2046,0.1967,0.1998,5.71E-06,5.97E-06,6.10E-06
0,1,1,0,1,0,0,1,1,1,0,1,1,0,1,1,1,0,1,1,0,0,1,1,0,60,0.409192708,0.124716237,1.118536791,25000,0.2,8.00E-06,0.017,3000,72000,72000,72000,30000,30000,30000,0.2,0.2,0.2,5.00E-06,5.00E-06,5.00E-06,47238000000,44221000000,40842000000,18811000000,16375000000,16843000000,0.2042,0.1958,0.1982,5.83E-06,6.06E-06,6.44E-06
0,1,0,1,0,1,0,1,1,0,0,0,1,1,1,1,1,1,1,1,0,1,1,0,1,60,0.859053909,0.253776735,2.348211062,25000,0.2,8.00E-06,0.017,3000,72000,72000,72000,30000,30000,30000,0.2,0.2,0.2,5.00E-06,5.00E-06,5.00E-06,47315000000,44255000000,40887000000,18844000000,16397000000,16862000000,0.2044,0.196,0.198,5.82E-06,6.06E-06,6.44E-06
1,1,0,1,0,1,0,0,1,0,1,1,1,1,0,0,0,1,0,1,1,0,0,1,0,60,0.936460084,0.129142518,2.55077767,25000,0.2,8.00E-06,0.017,3000,72000,72000,72000,30000,30000,30000,0.2,0.2,0.2,5.00E-06,5.00E-06,5.00E-06,47695000000,45423000000,40868000000,19188000000,16189000000,16639000000,0.2047,0.1916,0.1968,5.81E-06,5.99E-06,6.49E-06
1,0,0,0,1,0,0,0,1,0,1,0,1,1,0,0,0,1,0,1,1,1,1,0,1,60,0.994660924,0.236947908,2.67790514,25000,0.2,8.00E-06,0.017,3000,72000,72000,72000,30000,30000,30000,0.2,0.2,0.2,5.00E-06,5.00E-06,5.00E-06,47751000000,44902000000,41099000000,19079000000,16422000000,16877000000,0.2044,0.1948,0.1977,5.80E-06,6.02E-06,6.44E-06
1,1,1,1,0,0,1,0,0,0,0,0,0,1,1,0,0,0,1,0,1,0,0,1,1,60,0.687363312,0.388394858,1.776569925,25000,0.2,8.00E-06,0.017,3000,72000,72000,72000,30000,30000,30000,0.2,0.2,0.2,5.00E-06,5.00E-06,5.00E-06,48422000000,44566000000,42595000000,19075000000,17289000000,17848000000,0.2046,0.199,0.1994,5.76E-06,6.04E-06,6.26E-06
0,1,1,0,0,1,0,0,1,1,0,0,1,0,0,1,1,0,0,0,1,1,0,0,1,60,0.372257472,0.144843882,0.906206862,25000,0.2,8.00E-06,0.017,3000,72000,72000,72000,30000,30000,30000,0.2,0.2,0.2,5.00E-06,5.00E-06,5.00E-06,49727000000,46546000000,43117000000,19801000000,17440000000,17907000000,0.2036,0.198,0.1992,5.70E-06,5.92E-06,6.26E-06
0,0,1,0,1,0,0,0,0,1,1,0,0,0,0,1,1,0,0,0,1,0,0,0,1,60,0.261271955,0.377582429,0.635131956,25000,0.2,8.00E-06,0.017,3000,72000,72000,72000,30000,30000,30000,0.2,0.2,0.2,5.00E-06,5.00E-06,5.00E-06,50057000000,45877000000,46289000000,19554000000,18333000000,19308000000,0.2073,0.1914,0.1974,5.68E-06,5.99E-06,5.99E-06
0,1,0,1,0,1,1,1,1,0,0,0,0,0,1,0,1,0,1,0,0,1,1,1,1,60,0.221818218,0.183092014,0.541034618,25000,0.2,8.00E-06,0.017,3000,72000,72000,72000,30000,30000,30000,0.2,0.2,0.2,5.00E-06,5.00E-06,5.00E-06,49295000000,45698000000,44149000000,19467000000,17895000000,18531000000,0.2041,0.1975,0.2,5.72E-06,5.97E-06,6.14E-06
0,1,0,1,1,0,1,0,1,1,1,0,0,1,0,1,1,1,1,0,0,1,1,0,0,60,0.35332345,0.170023616,0.869907039,25000,0.2,8.00E-06,0.017,3000,72000,72000,72000,30000,30000,30000,0.2,0.2,0.2,5.00E-06,5.00E-06,5.00E-06,49230000000,46024000000,43020000000,19587000000,17451000000,17968000000,0.2034,0.1982,0.2002,5.72E-06,5.95E-06,6.25E-06
0,1,1,0,0,0,0,1,1,1,0,0,0,0,0,0,0,1,1,0,0,0,0,1,0,60,0.370515826,0.339667018,0.988625368,25000,0.2,8.00E-06,0.017,3000,72000,72000,72000,30000,30000,30000,0.2,0.2,0.2,5.00E-06,5.00E-06,5.00E-06,47771000000,43510000000,43098000000,18660000000,17346000000,18111000000,0.2063,0.1965,0.1989,5.79E-06,6.11E-06,6.19E-06
1,0,1,0,1,1,1,1,1,0,1,0,1,1,1,1,1,1,0,0,1,0,0,0,0,60,0.790176263,0.1622076,2.121141031,25000,0.2,8.00E-06,0.017,3000,72000,72000,72000,30000,30000,30000,0.2,0.2,0.2,5.00E-06,5.00E-06,5.00E-06,48022000000,45299000000,41270000000,19223000000,16445000000,16900000000,0.2046,0.194,0.1973,5.79E-06,6.00E-06,6.44E-06
1,1,1,0,1,0,1,1,1,1,0,1,0,0,0,0,1,0,0,1,1,0,1,0,0,60,0.76102248,0.179615792,1.811789191,25000,0.2,8.00E-06,0.017,3000,72000,72000,72000,30000,30000,30000,0.2,0.2,0.2,5.00E-06,5.00E-06,5.00E-06,50306000000,47793000000,43139000000,20221000000,17322000000,17743000000,0.2031,0.196,0.1985,5.68E-06,5.85E-06,6.30E-06
1,1,0,0,0,1,1,0,0,1,0,1,0,1,1,0,0,1,0,0,1,0,0,0,0,60,0.654261518,0.295784022,1.638530597,25000,0.2,8.00E-06,0.017,3000,72000,72000,72000,30000,30000,30000,0.2,0.2,0.2,5.00E-06,5.00E-06,5.00E-06,49113000000,45645000000,42867000000,19493000000,17395000000,17887000000,0.2042,0.1987,0.1994,5.73E-06,5.97E-06,6.26E-06
1,1,0,0,1,1,1,0,0,0,0,0,0,0,0,1,0,1,1,1,1,0,0,0,1,60,0.284637801,0.221823656,0.752608754,25000,0.2,8.00E-06,0.017,3000,72000,72000,72000,30000,30000,30000,0.2,0.2,0.2,5.00E-06,5.00E-06,5.00E-06,48099000000,43745000000,42922000000,18805000000,17413000000,18081000000,0.2059,0.199,0.1993,5.77E-06,6.09E-06,6.20E-06
0,0,0,0,1,0,1,1,0,1,0,0,0,0,1,1,0,1,1,1,1,1,0,0,0,60,0.688966884,0.306757279,1.966934647,25000,0.2,8.00E-06,0.017,3000,72000,72000,72000,30000,30000,30000,0.2,0.2,0.2,5.00E-06,5.00E-06,5.00E-06,45614000000,41762000000,40144000000,17845000000,16063000000,16725000000,0.2053,0.1959,0.1986,5.91E-06,6.23E-06,6.44E-06
1,1,1,0,0,1,1,0,0,0,1,1,1,0,0,0,0,0,1,0,0,1,1,0,1,60,0.815596153,0.260459536,2.287020243,25000,0.2,8.00E-06,0.017,3000,72000,72000,72000,30000,30000,30000,0.2,0.2,0.2,5.00E-06,5.00E-06,5.00E-06,46600000000,43325000000,40438000000,18469000000,16186000000,16709000000,0.2048,0.1958,0.198,5.86E-06,6.12E-06,6.46E-06
0,1,1,1,0,0,1,0,1,1,0,1,1,1,1,1,1,1,0,1,0,0,0,1,0,60,0.995660799,0.336933019,2.848291528,25000,0.2,8.00E-06,0.017,3000,72000,72000,72000,30000,30000,30000,0.2,0.2,0.2,5.00E-06,5.00E-06,5.00E-06,45672000000,41936000000,39951000000,17877000000,15914000000,16547000000,0.2053,0.1945,0.198,5.91E-06,6.22E-06,6.48E-06
0,0,0,0,1,1,1,1,1,1,1,1,1,1,1,1,1,0,0,1,0,1,0,0,0,60,0.908389213,0.367746571,2.270029087,25000,0.2,8.00E-06,0.017,3000,72000,72000,72000,30000,30000,30000,0.2,0.2,0.2,5.00E-06,5.00E-06,5.00E-06,49624000000,45959000000,43164000000,19669000000,17469000000,17956000000,0.2049,0.1986,0.1985,5.71E-06,5.95E-06,6.25E-06
1,1,1,1,1,0,1,0,0,1,1,1,0,1,0,0,1,0,1,0,1,0,0,0,0,60,0.763510828,0.283823897,2.121834922,25000,0.2,8.00E-06,0.017,3000,72000,72000,72000,30000,30000,30000,0.2,0.2,0.2,5.00E-06,5.00E-06,5.00E-06,46765000000,43605000000,40721000000,18565000000,16351000000,16878000000,0.2043,0.1963,0.1986,5.85E-06,6.10E-06,6.43E-06
1,1,0,1,1,1,1,0,0,1,0,0,0,0,1,1,0,0,0,1,0,1,0,0,1,60,0.80768889,0.27426909,1.948097674,25000,0.2,8.00E-06,0.017,3000,72000,72000,72000,30000,30000,30000,0.2,0.2,0.2,5.00E-06,5.00E-06,5.00E-06,50193000000,46994000000,43399000000,20012000000,17557000000,18015000000,0.2037,0.1983,0.199,5.68E-06,5.89E-06,6.25E-06
0,0,1,1,1,0,1,1,1,0,0,1,0,0,0,0,1,0,0,0,0,1,0,0,0,60,0.34624709,0.104622941,0.911312513,25000,0.2,8.00E-06,0.017,3000,72000,72000,72000,30000,30000,30000,0.2,0.2,0.2,5.00E-06,5.00E-06,5.00E-06,48590000000,45319000000,41988000000,19343000000,16890000000,17354000000,0.2047,0.197,0.1981,5.76E-06,5.99E-06,6.35E-06
0,0,0,0,0,1,0,1,1,0,0,1,0,1,1,0,0,0,0,0,0,0,0,1,0,60,0.250267997,0.197545326,0.627959599,25000,0.2,8.00E-06,0.017,3000,72000,72000,72000,30000,30000,30000,0.2,0.2,0.2,5.00E-06,5.00E-06,5.00E-06,48884000000,45050000000,43678000000,19252000000,17651000000,18301000000,0.2053,0.197,0.1992,5.74E-06,6.01E-06,6.17E-06
1,0,0,0,0,1,0,0,0,0,0,0,1,1,1,1,1,0,0,1,1,0,1,1,1,60,0.510225624,0.241128659,1.446039556,25000,0.2,8.00E-06,0.017,3000,72000,72000,72000,30000,30000,30000,0.2,0.2,0.2,5.00E-06,5.00E-06,5.00E-06,46126000000,42429000000,40500000000,18150000000,16289000000,16886000000,0.2051,0.1972,0.1987,5.88E-06,6.18E-06,6.42E-06
1,0,1,0,1,0,1,1,1,0,0,1,1,0,0,0,0,0,1,1,0,0,0,1,0,60,0.932427551,0.174176862,2.644638278,25000,0.2,8.00E-06,0.017,3000,72000,72000,72000,30000,30000,30000,0.2,0.2,0.2,5.00E-06,5.00E-06,5.00E-06,46407000000,43597000000,40060000000,18489000000,15879000000,16377000000,0.2052,0.1924,0.1968,5.87E-06,6.10E-06,6.53E-06
1,1,1,1,0,0,1,1,1,1,0,0,1,1,0,1,0,0,1,1,0,0,0,0,1,60,0.425381635,0.220167673,1.099133615,25000,0.2,8.00E-06,0.017,3000,72000,72000,72000,30000,30000,30000,0.2,0.2,0.2,5.00E-06,5.00E-06,5.00E-06,48497000000,44893000000,42539000000,19194000000,17251000000,17786000000,0.2045,0.1987,0.1994,5.76E-06,6.01E-06,6.27E-06
1,1,1,0,1,1,1,0,1,0,0,1,0,1,1,0,1,1,1,0,1,1,1,0,0,60,0.611701242,0.298399747,1.714819346,25000,0.2,8.00E-06,0.017,3000,72000,72000,72000,30000,30000,30000,0.2,0.2,0.2,5.00E-06,5.00E-06,5.00E-06,46208000000,42486000000,40563000000,18181000000,16360000000,16930000000,0.2049,0.1977,0.199,5.87E-06,6.17E-06,6.41E-06
1,1,0,1,0,0,1,1,0,0,1,1,0,1,1,0,0,1,1,1,1,0,1,1,0,60,0.719139832,0.348322729,1.938858909,25000,0.2,8.00E-06,0.017,3000,72000,72000,72000,30000,30000,30000,0.2,0.2,0.2,5.00E-06,5.00E-06,5.00E-06,47288000000,43923000000,41376000000,18729000000,16706000000,17243000000,0.2042,0.1975,0.1994,5.82E-06,6.08E-06,6.36E-06
1,0,0,0,0,0,0,1,1,0,0,1,1,1,0,1,1,1,0,1,0,0,1,1,1,60,0.912835982,0.23090894,2.273576294,25000,0.2,8.00E-06,0.017,3000,72000,72000,72000,30000,30000,30000,0.2,0.2,0.2,5.00E-06,5.00E-06,5.00E-06,49649000000,46825000000,42715000000,19870000000,17128000000,17569000000,0.2038,0.1959,0.198,5.71E-06,5.91E-06,6.32E-06
0,0,0,0,1,0,1,0,0,0,1,1,1,1,1,0,0,0,1,0,0,1,0,0,0,60,0.81491075,0.324613705,2.11607125,25000,0.2,8.00E-06,0.017,3000,72000,72000,72000,30000,30000,30000,0.2,0.2,0.2,5.00E-06,5.00E-06,5.00E-06,48558000000,45165000000,42241000000,19273000000,17062000000,17556000000,0.2043,0.1979,0.1988,5.76E-06,6.00E-06,6.31E-06
1,0,1,1,1,0,1,1,0,0,1,1,1,1,0,1,1,0,1,1,0,1,0,1,1,60,0.658438339,0.243917287,1.717274674,25000,0.2,8.00E-06,0.017,3000,72000,72000,72000,30000,30000,30000,0.2,0.2,0.2,5.00E-06,5.00E-06,5.00E-06,48277000000,45036000000,41900000000,19190000000,16893000000,17372000000,0.2041,0.1973,0.1987,5.77E-06,6.01E-06,6.35E-06
1,1,0,0,1,1,1,1,0,1,1,1,0,0,1,0,0,1,1,0,1,0,0,0,1,60,0.603710416,0.26064314,1.460167027,25000,0.2,8.00E-06,0.017,3000,72000,72000,72000,30000,30000,30000,0.2,0.2,0.2,5.00E-06,5.00E-06,5.00E-06,50022000000,46644000000,43517000000,19879000000,17662000000,18148000000,0.2036,0.199,0.1995,5.69E-06,5.91E-06,6.22E-06
1,1,1,0,0,0,1,0,1,1,0,1,1,0,0,1,1,1,1,0,1,0,1,0,0,60,0.319334111,0.36636149,0.818361332,25000,0.2,8.00E-06,0.017,3000,72000,72000,72000,30000,30000,30000,0.2,0.2,0.2,5.00E-06,5.00E-06,5.00E-06,48471000000,44529000000,44268000000,19020000000,17758000000,18571000000,0.206,0.1949,0.1991,5.75E-06,6.05E-06,6.11E-06
0,0,0,0,0,1,1,0,0,0,0,1,0,1,0,1,1,1,0,1,0,0,0,0,0,60,0.290136987,0.248347063,0.787669756,25000,0.2,8.00E-06,0.017,3000,72000,72000,72000,30000,30000,30000,0.2,0.2,0.2,5.00E-06,5.00E-06,5.00E-06,47297000000,42942000000,42616000000,18430000000,17125000000,17890000000,0.2066,0.1963,0.1986,5.81E-06,6.15E-06,6.22E-06
0,0,1,1,0,1,0,0,0,0,0,0,1,1,0,0,0,0,0,0,1,1,0,0,0,60,0.249491073,0.155423339,0.660085945,25000,0.2,8.00E-06,0.017,3000,72000,72000,72000,30000,30000,30000,0.2,0.2,0.2,5.00E-06,5.00E-06,5.00E-06,48010000000,44093000000,42430000000,18896000000,17193000000,17789000000,0.2052,0.1984,0.1993,5.78E-06,6.07E-06,6.26E-06
1,1,0,1,1,0,0,0,0,0,0,1,1,1,1,0,0,0,1,0,0,1,0,1,0,60,0.434688132,0.33594814,1.029264155,25000,0.2,8.00E-06,0.017,3000,72000,72000,72000,30000,30000,30000,0.2,0.2,0.2,5.00E-06,5.00E-06,5.00E-06,50171000000,46545000000,44804000000,19840000000,18193000000,18823000000,0.204,0.198,0.2003,5.68E-06,5.93E-06,6.10E-06
1,0,0,0,1,1,0,0,1,1,0,1,1,0,1,1,1,0,1,0,1,0,0,1,0,60,0.995444506,0.14698728,2.619490254,25000,0.2,8.00E-06,0.017,3000,72000,72000,72000,30000,30000,30000,0.2,0.2,0.2,5.00E-06,5.00E-06,5.00E-06,48338000000,46035000000,41287000000,19465000000,16409000000,16821000000,0.2044,0.1928,0.197,5.78E-06,5.95E-06,6.46E-06
0,0,0,0,0,0,1,1,1,0,0,0,0,1,1,0,1,1,1,1,0,1,1,1,0,60,0.608724646,0.37612661,1.722497404,25000,0.2,8.00E-06,0.017,3000,72000,72000,72000,30000,30000,30000,0.2,0.2,0.2,5.00E-06,5.00E-06,5.00E-06,46135000000,41963000000,40908000000,18022000000,16510000000,17171000000,0.2058,0.1982,0.1989,5.88E-06,6.21E-06,6.36E-06
0,0,0,0,1,0,1,0,1,0,0,1,0,1,1,0,1,1,0,1,0,0,1,1,0,60,0.267060413,0.397597577,0.762992974,25000,0.2,8.00E-06,0.017,3000,72000,72000,72000,30000,30000,30000,0.2,0.2,0.2,5.00E-06,5.00E-06,5.00E-06,45686000000,41226000000,42915000000,17566000000,16733000000,17892000000,0.2077,0.1889,0.1969,5.90E-06,6.30E-06,6.16E-06
1,1,1,0,0,1,0,0,1,0,1,0,1,1,1,1,0,1,0,1,1,1,1,1,1,60,0.666248282,0.29109118,1.611042392,25000,0.2,8.00E-06,0.017,3000,72000,72000,72000,30000,30000,30000,0.2,0.2,0.2,5.00E-06,5.00E-06,5.00E-06,49859000000,46533000000,43390000000,19832000000,17608000000,18091000000,0.2037,0.1988,0.1996,5.70E-06,5.92E-06,6.23E-06
1,1,0,0,0,1,0,0,0,0,1,1,1,1,1,1,1,1,1,1,0,0,1,1,0,60,0.403376562,0.321941246,1.085696609,25000,0.2,8.00E-06,0.017,3000,72000,72000,72000,30000,30000,30000,0.2,0.2,0.2,5.00E-06,5.00E-06,5.00E-06,47479000000,43049000000,42520000000,18516000000,17147000000,17864000000,0.2068,0.1974,0.1985,5.80E-06,6.14E-06,6.23E-06
0,0,0,1,1,0,1,1,1,1,0,0,0,1,1,1,1,1,1,1,1,0,1,1,0,60,0.959653422,0.373168759,2.672528302,25000,0.2,8.00E-06,0.017,3000,72000,72000,72000,30000,30000,30000,0.2,0.2,0.2,5.00E-06,5.00E-06,5.00E-06,46849000000,43338000000,40802000000,18525000000,16408000000,16939000000,0.205,0.1971,0.1984,5.84E-06,6.11E-06,6.42E-06
1,1,0,1,0,0,1,1,1,1,0,0,1,0,1,1,1,1,0,1,0,0,0,0,0,60,0.511087074,0.328252262,1.382991266,25000,0.2,8.00E-06,0.017,3000,72000,72000,72000,30000,30000,30000,0.2,0.2,0.2,5.00E-06,5.00E-06,5.00E-06,47284000000,43650000000,41940000000,18654000000,16975000000,17592000000,0.2045,0.1979,0.1999,5.82E-06,6.09E-06,6.29E-06
0,0,1,0,0,1,0,1,1,1,1,1,0,0,1,1,0,0,0,0,0,1,1,1,1,60,0.43491599,0.115647502,1.052153369,25000,0.2,8.00E-06,0.017,3000,72000,72000,72000,30000,30000,30000,0.2,0.2,0.2,5.00E-06,5.00E-06,5.00E-06,50249000000,47549000000,43280000000,20150000000,17385000000,17842000000,0.2033,0.1963,0.1985,5.68E-06,5.87E-06,6.28E-06
1,1,0,1,1,1,1,1,1,0,1,0,1,0,1,1,1,1,0,0,1,1,0,1,1,60,0.807189359,0.193910403,2.020757704,25000,0.2,8.00E-06,0.017,3000,72000,72000,72000,30000,30000,30000,0.2,0.2,0.2,5.00E-06,5.00E-06,5.00E-06,49452000000,46648000000,42499000000,19809000000,17050000000,17480000000,0.204,0.1959,0.198,5.72E-06,5.92E-06,6.34E-06
1,1,1,1,1,1,0,0,0,1,1,0,0,0,1,1,0,1,1,1,1,0,0,1,0,60,0.951234259,0.234049798,2.36140335,25000,0.2,8.00E-06,0.017,3000,72000,72000,72000,30000,30000,30000,0.2,0.2,0.2,5.00E-06,5.00E-06,5.00E-06,49910000000,47088000000,42915000000,19991000000,17210000000,17665000000,0.2039,0.196,0.1981,5.70E-06,5.89E-06,6.31E-06
1,0,0,0,0,1,0,1,0,0,1,0,1,1,0,0,0,0,0,1,0,0,0,1,1,60,0.515049679,0.352800185,1.314286617,25000,0.2,8.00E-06,0.017,3000,72000,72000,72000,30000,30000,30000,0.2,0.2,0.2,5.00E-06,5.00E-06,5.00E-06,48445000000,44770000000,42965000000,19134000000,17452000000,18047000000,0.2045,0.1985,0.2001,5.76E-06,6.02E-06,6.22E-06
1,1,0,1,0,0,0,1,1,1,1,1,1,1,1,1,0,0,0,0,1,1,1,1,0,60,0.837110023,0.140532953,2.023377219,25000,0.2,8.00E-06,0.017,3000,72000,72000,72000,30000,30000,30000,0.2,0.2,0.2,5.00E-06,5.00E-06,5.00E-06,50498000000,48116000000,43240000000,20341000000,17241000000,17677000000,0.2038,0.1941,0.1975,5.67E-06,5.84E-06,6.31E-06
1,1,0,1,1,1,0,0,1,0,0,1,1,0,0,0,1,1,0,1,0,0,0,0,0,60,0.33513875,0.297138209,0.79536877,25000,0.2,8.00E-06,0.017,3000,72000,72000,72000,30000,30000,30000,0.2,0.2,0.2,5.00E-06,5.00E-06,5.00E-06,50063000000,46317000000,44986000000,19736000000,18197000000,18880000000,0.2044,0.1969,0.2,5.68E-06,5.94E-06,6.08E-06
0,1,0,1,1,1,0,1,0,1,0,1,0,0,0,1,1,1,0,1,1,0,1,1,1,60,0.918101954,0.188636815,2.212098576,25000,0.2,8.00E-06,0.017,3000,72000,72000,72000,30000,30000,30000,0.2,0.2,0.2,5.00E-06,5.00E-06,5.00E-06,49957000000,47502000000,42803000000,20076000000,17139000000,17531000000,0.2032,0.1952,0.1979,5.70E-06,5.87E-06,6.33E-06
0,0,1,0,1,1,1,0,0,0,0,0,0,1,1,1,1,0,1,1,1,1,1,1,1,60,0.408582865,0.358113274,1.13693156,25000,0.2,8.00E-06,0.017,3000,72000,72000,72000,30000,30000,30000,0.2,0.2,0.2,5.00E-06,5.00E-06,5.00E-06,46374000000,42251000000,41792000000,18119000000,16828000000,17576000000,0.2061,0.1967,0.1992,5.86E-06,6.19E-06,6.27E-06
1,0,1,0,0,1,0,1,0,0,0,0,0,0,0,1,1,1,0,0,1,1,0,1,0,60,0.227560108,0.174710731,0.595800628,25000,0.2,8.00E-06,0.017,3000,72000,72000,72000,30000,30000,30000,0.2,0.2,0.2,5.00E-06,5.00E-06,5.00E-06,47841000000,44053000000,42683000000,18823000000,17272000000,17927000000,0.2049,0.1975,0.1999,5.79E-06,6.07E-06,6.23E-06
1,0,0,0,1,0,1,1,0,0,1,0,0,1,1,0,1,1,1,0,0,0,1,1,1,60,0.776070742,0.323714002,2.089652909,25000,0.2,8.00E-06,0.017,3000,72000,72000,72000,30000,30000,30000,0.2,0.2,0.2,5.00E-06,5.00E-06,5.00E-06,47675000000,44327000000,41575000000,18888000000,16769000000,17291000000,0.2041,0.1974,0.199,5.80E-06,6.05E-06,6.36E-06
0,0,1,1,0,0,1,1,0,0,0,1,1,1,1,1,0,1,0,0,1,1,0,1,1,60,0.453707058,0.128551602,1.22760878,25000,0.2,8.00E-06,0.017,3000,72000,72000,72000,30000,30000,30000,0.2,0.2,0.2,5.00E-06,5.00E-06,5.00E-06,47492000000,44592000000,41017000000,18955000000,16422000000,16883000000,0.2043,0.1954,0.1979,5.81E-06,6.04E-06,6.44E-06
1,1,1,1,1,1,0,1,0,1,1,1,0,1,1,0,1,1,0,0,0,1,0,0,0,60,0.833500597,0.148204603,2.308078988,25000,0.2,8.00E-06,0.017,3000,72000,72000,72000,30000,30000,30000,0.2,0.2,0.2,5.00E-06,5.00E-06,5.00E-06,47370000000,44726000000,40791000000,18957000000,16178000000,16651000000,0.2051,0.1925,0.1968,5.82E-06,6.03E-06,6.48E-06
0,0,1,0,0,1,1,0,0,0,0,1,0,1,1,0,0,1,0,0,1,1,0,1,1,60,0.558690426,0.274703963,1.391443088,25000,0.2,8.00E-06,0.017,3000,72000,72000,72000,30000,30000,30000,0.2,0.2,0.2,5.00E-06,5.00E-06,5.00E-06,48904000000,45836000000,42732000000,19477000000,17296000000,17812000000,0.2032,0.1976,0.2001,5.74E-06,5.96E-06,6.28E-06
0,0,1,0,0,0,0,0,1,0,1,1,1,1,0,0,0,0,1,0,1,1,1,0,1,60,0.532122279,0.172767179,1.482880139,25000,0.2,8.00E-06,0.017,3000,72000,72000,72000,30000,30000,30000,0.2,0.2,0.2,5.00E-06,5.00E-06,5.00E-06,46898000000,43817000000,40741000000,18638000000,16314000000,16832000000,0.2046,0.1955,0.1981,5.84E-06,6.08E-06,6.44E-06
0,0,1,0,0,1,0,0,1,0,1,0,1,0,1,1,1,1,0,0,0,1,0,0,0,60,0.505474812,0.1896026,1.315639306,25000,0.2,8.00E-06,0.017,3000,72000,72000,72000,30000,30000,30000,0.2,0.2,0.2,5.00E-06,5.00E-06,5.00E-06,48254000000,45082000000,41891000000,19196000000,16901000000,17389000000,0.2038,0.1975,0.199,5.77E-06,6.00E-06,6.35E-06
1,1,1,0,1,1,0,1,1,0,1,0,0,1,1,0,1,1,0,1,0,0,1,1,1,60,0.22776246,0.311976074,0.627603312,25000,0.2,8.00E-06,0.017,3000,72000,72000,72000,30000,30000,30000,0.2,0.2,0.2,5.00E-06,5.00E-06,5.00E-06,47184000000,43012000000,43729000000,18365000000,17317000000,18274000000,0.207,0.1922,0.1976,5.82E-06,6.16E-06,6.13E-06
1,1,1,0,0,0,1,1,0,1,1,1,1,0,1,0,0,0,1,0,0,0,0,0,1,60,0.384166499,0.271922374,0.971291299,25000,0.2,8.00E-06,0.017,3000,72000,72000,72000,30000,30000,30000,0.2,0.2,0.2,5.00E-06,5.00E-06,5.00E-06,48733000000,45030000000,43313000000,19219000000,17583000000,18190000000,0.2042,0.1984,0.2002,5.74E-06,6.01E-06,6.20E-06
0,0,1,1,1,1,0,1,0,0,1,0,0,0,1,1,0,1,0,1,1,1,1,0,1,60,0.681818865,0.196494843,1.864851996,25000,0.2,8.00E-06,0.017,3000,72000,72000,72000,30000,30000,30000,0.2,0.2,0.2,5.00E-06,5.00E-06,5.00E-06,47560000000,44610000000,41037000000,18971000000,16431000000,16921000000,0.2045,0.1954,0.1982,5.81E-06,6.03E-06,6.43E-06
0,0,0,1,0,0,0,0,0,1,1,0,0,0,1,1,0,1,1,1,0,0,0,0,0,60,0.259373281,0.291592836,0.706236757,25000,0.2,8.00E-06,0.017,3000,72000,72000,72000,30000,30000,30000,0.2,0.2,0.2,5.00E-06,5.00E-06,5.00E-06,47361000000,42662000000,43282000000,18343000000,17247000000,18162000000,0.208,0.1944,0.1976,5.81E-06,6.18E-06,6.16E-06
0,0,1,1,0,0,0,1,0,1,0,1,0,1,1,1,1,1,0,1,1,0,0,0,1,60,0.884112297,0.206385852,2.410041716,25000,0.2,8.00E-06,0.017,3000,72000,72000,72000,30000,30000,30000,0.2,0.2,0.2,5.00E-06,5.00E-06,5.00E-06,47459000000,44654000000,40845000000,18962000000,16304000000,16751000000,0.2045,0.1945,0.1975,5.82E-06,6.03E-06,6.46E-06
0,1,0,0,0,1,0,1,1,1,0,0,1,1,1,0,0,0,0,0,0,0,0,0,1,60,0.872371442,0.125546999,2.078379673,25000,0.2,8.00E-06,0.017,3000,72000,72000,72000,30000,30000,30000,0.2,0.2,0.2,5.00E-06,5.00E-06,5.00E-06,50874000000,48506000000,43520000000,20503000000,17340000000,17754000000,0.2038,0.194,0.1972,5.66E-06,5.82E-06,6.30E-06
0,1,0,1,1,0,0,1,1,1,0,1,1,0,1,1,0,0,0,1,0,0,1,1,0,60,0.947655349,0.162081632,2.469411673,25000,0.2,8.00E-06,0.017,3000,72000,72000,72000,30000,30000,30000,0.2,0.2,0.2,5.00E-06,5.00E-06,5.00E-06,48596000000,46154000000,41649000000,19522000000,16583000000,17004000000,0.2041,0.1934,0.1972,5.76E-06,5.95E-06,6.42E-06
0,0,0,0,0,1,1,1,0,0,0,0,0,0,1,0,1,0,0,1,1,0,1,0,0,60,0.830640749,0.335627737,2.094816873,25000,0.2,8.00E-06,0.017,3000,72000,72000,72000,30000,30000,30000,0.2,0.2,0.2,5.00E-06,5.00E-06,5.00E-06,48887000000,45755000000,42415000000,19482000000,17154000000,17632000000,0.2037,0.1979,0.1994,5.74E-06,5.96E-06,6.31E-06
1,1,1,0,1,0,1,1,0,1,1,1,0,0,0,0,1,0,0,1,1,0,0,1,1,60,0.854009229,0.289656341,2.087888046,25000,0.2,8.00E-06,0.017,3000,72000,72000,72000,30000,30000,30000,0.2,0.2,0.2,5.00E-06,5.00E-06,5.00E-06,49442000000,46531000000,42703000000,19763000000,17236000000,17683000000,0.2034,0.1974,0.199,5.72E-06,5.92E-06,6.31E-06
0,1,0,1,0,1,1,1,1,0,0,1,0,0,1,1,0,1,0,1,1,1,1,1,0,60,0.269666592,0.10560165,0.660407788,25000,0.2,8.00E-06,0.017,3000,72000,72000,72000,30000,30000,30000,0.2,0.2,0.2,5.00E-06,5.00E-06,5.00E-06,49358000000,46443000000,42855000000,19702000000,17322000000,17802000000,0.2029,0.1975,0.1997,5.72E-06,5.93E-06,6.28E-06
0,0,1,1,0,0,0,0,0,1,0,1,1,0,0,1,0,0,0,1,0,0,0,1,1,60,0.857982301,0.387866899,2.20667987,25000,0.2,8.00E-06,0.017,3000,72000,72000,72000,30000,30000,30000,0.2,0.2,0.2,5.00E-06,5.00E-06,5.00E-06,48482000000,44917000000,42310000000,19194000000,17116000000,17617000000,0.2046,0.198,0.1989,5.76E-06,6.02E-06,6.30E-06
0,1,1,0,0,0,0,0,1,1,0,0,0,1,1,0,1,1,1,0,1,1,1,1,0,60,0.904905836,0.264059249,2.247433466,25000,0.2,8.00E-06,0.017,3000,72000,72000,72000,30000,30000,30000,0.2,0.2,0.2,5.00E-06,5.00E-06,5.00E-06,49721000000,46545000000,42935000000,19829000000,17296000000,17746000000,0.2042,0.1972,0.1983,5.71E-06,5.92E-06,6.29E-06
1,1,1,0,0,1,0,0,1,0,0,1,1,0,1,0,0,0,0,1,0,0,1,1,0,60,0.668968341,0.236972889,1.86113544,25000,0.2,8.00E-06,0.017,3000,72000,72000,72000,30000,30000,30000,0.2,0.2,0.2,5.00E-06,5.00E-06,5.00E-06,46531000000,43413000000,40449000000,18487000000,16235000000,16737000000,0.2043,0.1962,0.1984,5.86E-06,6.11E-06,6.46E-06
0,0,0,0,1,0,0,0,1,1,1,1,0,1,1,0,0,0,0,0,0,0,1,1,0,60,0.445967008,0.321146529,1.164576679,25000,0.2,8.00E-06,0.017,3000,72000,72000,72000,30000,30000,30000,0.2,0.2,0.2,5.00E-06,5.00E-06,5.00E-06,48254000000,44067000000,42892000000,18918000000,17386000000,18029000000,0.2057,0.1985,0.1993,5.77E-06,6.07E-06,6.22E-06
1,1,1,1,0,0,1,0,1,1,0,0,0,0,0,0,1,0,1,1,1,0,0,1,0,60,0.741206491,0.179910064,1.883058292,25000,0.2,8.00E-06,0.017,3000,72000,72000,72000,30000,30000,30000,0.2,0.2,0.2,5.00E-06,5.00E-06,5.00E-06,49085000000,46471000000,42206000000,19698000000,16905000000,17349000000,0.2038,0.1953,0.1981,5.74E-06,5.93E-06,6.36E-06
0,1,0,1,1,0,1,1,0,0,1,0,0,1,1,0,0,0,1,0,1,1,1,1,1,60,0.260442528,0.359318278,0.738784817,25000,0.2,8.00E-06,0.017,3000,72000,72000,72000,30000,30000,30000,0.2,0.2,0.2,5.00E-06,5.00E-06,5.00E-06,46191000000,41610000000,42883000000,17809000000,16875000000,17944000000,0.2077,0.1914,0.1974,5.87E-06,6.26E-06,6.17E-06
0,0,1,1,0,1,1,0,0,1,0,1,1,1,0,0,1,0,1,1,0,1,0,1,0,60,0.37367145,0.114670565,1.045086221,25000,0.2,8.00E-06,0.017,3000,72000,72000,72000,30000,30000,30000,0.2,0.2,0.2,5.00E-06,5.00E-06,5.00E-06,46705000000,43649000000,40489000000,18560000000,16203000000,16717000000,0.2045,0.1953,0.1982,5.85E-06,6.10E-06,6.46E-06
1,0,0,0,1,0,1,1,1,1,0,1,1,0,0,0,1,1,1,1,1,0,1,1,1,60,0.533757542,0.218856703,1.385083531,25000,0.2,8.00E-06,0.017,3000,72000,72000,72000,30000,30000,30000,0.2,0.2,0.2,5.00E-06,5.00E-06,5.00E-06,48537000000,45102000000,42177000000,19265000000,17062000000,17557000000,0.2044,0.1984,0.199,5.76E-06,6.00E-06,6.32E-06
0,1,1,1,1,0,0,1,1,0,0,1,0,1,0,0,1,1,0,0,1,1,1,0,1,60,0.987819279,0.191794725,2.544010605,25000,0.2,8.00E-06,0.017,3000,72000,72000,72000,30000,30000,30000,0.2,0.2,0.2,5.00E-06,5.00E-06,5.00E-06,49047000000,46433000000,42073000000,19681000000,16790000000,17223000000,0.2042,0.1943,0.1974,5.74E-06,5.93E-06,6.38E-06
0,0,0,1,0,0,0,1,1,1,0,0,0,1,0,1,0,0,0,1,0,0,0,1,1,60,0.949632312,0.380361905,2.55683263,25000,0.2,8.00E-06,0.017,3000,72000,72000,72000,30000,30000,30000,0.2,0.2,0.2,5.00E-06,5.00E-06,5.00E-06,47657000000,43962000000,41513000000,18823000000,16756000000,17258000000,0.2049,0.1981,0.1984,5.80E-06,6.07E-06,6.36E-06
0,0,0,1,0,0,1,1,0,1,1,0,0,1,1,0,1,0,1,0,0,1,1,1,0,60,0.438548478,0.381769138,1.110987722,25000,0.2,8.00E-06,0.017,3000,72000,72000,72000,30000,30000,30000,0.2,0.2,0.2,5.00E-06,5.00E-06,5.00E-06,48633000000,44960000000,43692000000,19162000000,17675000000,18355000000,0.2042,0.1972,0.2002,5.75E-06,6.02E-06,6.16E-06
0,1,0,0,0,1,0,0,0,0,1,0,0,0,0,0,0,0,1,1,0,0,1,1,0,60,0.555306032,0.356016565,1.506890682,25000,0.2,8.00E-06,0.017,3000,72000,72000,72000,30000,30000,30000,0.2,0.2,0.2,5.00E-06,5.00E-06,5.00E-06,47156000000,43029000000,41736000000,18462000000,16865000000,17484000000,0.2057,0.1979,0.1989,5.82E-06,6.14E-06,6.30E-06
0,0,0,1,0,1,1,0,0,0,0,0,0,1,0,0,0,0,0,0,0,1,1,0,1,60,0.440997129,0.165912557,1.145833998,25000,0.2,8.00E-06,0.017,3000,72000,72000,72000,30000,30000,30000,0.2,0.2,0.2,5.00E-06,5.00E-06,5.00E-06,48435000000,45162000000,42025000000,19255000000,16952000000,17433000000,0.2042,0.1976,0.1987,5.77E-06,6.00E-06,6.34E-06
0,1,1,1,0,1,0,0,0,0,0,1,1,1,1,1,1,0,0,1,0,0,1,1,1,60,0.753716892,0.248593366,2.122898469,25000,0.2,8.00E-06,0.017,3000,72000,72000,72000,30000,30000,30000,0.2,0.2,0.2,5.00E-06,5.00E-06,5.00E-06,46238000000,43035000000,40207000000,18330000000,16081000000,16606000000,0.2048,0.1955,0.1979,5.88E-06,6.14E-06,6.48E-06
0,1,0,1,1,1,1,0,1,1,1,1,0,1,0,1,1,0,1,1,1,1,1,1,0,60,0.783292078,0.285000295,2.221737185,25000,0.2,8.00E-06,0.017,3000,72000,72000,72000,30000,30000,30000,0.2,0.2,0.2,5.00E-06,5.00E-06,5.00E-06,46260000000,42739000000,40285000000,18248000000,16135000000,16705000000,0.205,0.1961,0.1983,5.87E-06,6.16E-06,6.46E-06
0,0,1,1,0,1,0,1,0,0,0,0,0,1,0,1,1,0,0,0,1,1,1,1,1,60,0.629961194,0.34501296,1.706559471,25000,0.2,8.00E-06,0.017,3000,72000,72000,72000,30000,30000,30000,0.2,0.2,0.2,5.00E-06,5.00E-06,5.00E-06,47408000000,43730000000,41656000000,18705000000,16858000000,17427000000,0.2047,0.1983,0.1994,5.81E-06,6.09E-06,6.33E-06
1,0,0,1,1,1,1,0,1,1,1,0,1,1,0,1,0,1,0,0,1,1,0,0,1,60,0.472050594,0.327263478,1.343683236,25000,0.2,8.00E-06,0.017,3000,72000,72000,72000,30000,30000,30000,0.2,0.2,0.2,5.00E-06,5.00E-06,5.00E-06,45357000000,41316000000,40535000000,17673000000,16252000000,17018000000,0.2055,0.196,0.1996,5.92E-06,6.26E-06,6.38E-06
1,0,0,1,0,1,1,0,0,0,1,0,1,0,0,1,0,0,0,0,0,0,0,0,0,60,0.539591064,0.14254492,1.319678585,25000,0.2,8.00E-06,0.017,3000,72000,72000,72000,30000,30000,30000,0.2,0.2,0.2,5.00E-06,5.00E-06,5.00E-06,49993000000,47074000000,43051000000,20007000000,17299000000,17752000000,0.2039,0.1965,0.1983,5.69E-06,5.89E-06,6.29E-06
1,0,1,1,1,1,1,0,0,0,1,0,1,1,1,0,1,1,1,0,1,1,0,0,0,60,0.366840128,0.304305202,0.881052881,25000,0.2,8.00E-06,0.017,3000,72000,72000,72000,30000,30000,30000,0.2,0.2,0.2,5.00E-06,5.00E-06,5.00E-06,49673000000,46078000000,44467000000,19584000000,17950000000,18657000000,0.204,0.1961,0.2005,5.70E-06,5.96E-06,6.12E-06
0,0,0,0,0,0,0,1,1,1,1,0,1,0,0,0,0,1,0,0,0,1,0,1,0,60,0.437731272,0.195779252,1.037100894,25000,0.2,8.00E-06,0.017,3000,72000,72000,72000,30000,30000,30000,0.2,0.2,0.2,5.00E-06,5.00E-06,5.00E-06,50119000000,46909000000,43633000000,19952000000,17704000000,18189000000,0.2032,0.1985,0.1998,5.68E-06,5.90E-06,6.22E-06
0,1,0,1,0,0,0,1,1,1,1,0,0,0,1,0,0,1,0,0,0,0,0,1,1,60,0.342916212,0.19931677,0.979772349,25000,0.2,8.00E-06,0.017,3000,72000,72000,72000,30000,30000,30000,0.2,0.2,0.2,5.00E-06,5.00E-06,5.00E-06,45322000000,41209000000,40321000000,17596000000,16144000000,16897000000,0.205,0.1959,0.1994,5.92E-06,6.27E-06,6.40E-06
0,0,0,1,1,0,1,0,1,1,1,0,0,1,0,0,0,1,0,1,0,0,0,0,1,60,0.945774051,0.13924032,2.630891824,25000,0.2,8.00E-06,0.017,3000,72000,72000,72000,30000,30000,30000,0.2,0.2,0.2,5.00E-06,5.00E-06,5.00E-06,47133000000,44661000000,40451000000,18900000000,16014000000,16482000000,0.205,0.1917,0.1967,5.83E-06,6.04E-06,6.52E-06
1,0,1,1,0,0,0,1,1,1,1,0,0,1,1,0,0,1,1,1,1,1,1,0,0,60,0.762767876,0.181505635,1.862726746,25000,0.2,8.00E-06,0.017,3000,72000,72000,72000,30000,30000,30000,0.2,0.2,0.2,5.00E-06,5.00E-06,5.00E-06,49930000000,47196000000,42912000000,20021000000,17213000000,17652000000,0.2037,0.1959,0.1981,5.70E-06,5.89E-06,6.31E-06
0,1,1,0,1,0,0,1,1,1,1,0,1,1,1,1,0,1,0,0,0,0,0,1,0,60,0.433615605,0.379126223,1.126167618,25000,0.2,8.00E-06,0.017,3000,72000,72000,72000,30000,30000,30000,0.2,0.2,0.2,5.00E-06,5.00E-06,5.00E-06,48160000000,44323000000,43348000000,18911000000,17483000000,18205000000,0.2047,0.1966,0.1999,5.77E-06,6.06E-06,6.18E-06
0,1,0,0,0,1,1,1,0,1,0,0,0,1,1,1,0,1,1,0,1,1,0,1,1,60,0.719772022,0.119525858,1.799955938,25000,0.2,8.00E-06,0.017,3000,72000,72000,72000,30000,30000,30000,0.2,0.2,0.2,5.00E-06,5.00E-06,5.00E-06,49562000000,47259000000,42425000000,19967000000,16896000000,17317000000,0.2039,0.1936,0.1972,5.72E-06,5.88E-06,6.37E-06
0,0,0,1,0,0,1,1,0,1,1,1,0,1,1,1,1,1,1,0,0,0,0,0,0,60,0.944200459,0.250173013,2.269264528,25000,0.2,8.00E-06,0.017,3000,72000,72000,72000,30000,30000,30000,0.2,0.2,0.2,5.00E-06,5.00E-06,5.00E-06,50163000000,47317000000,43191000000,20088000000,17361000000,17782000000,0.2037,0.1965,0.1981,5.69E-06,5.88E-06,6.29E-06
1,1,1,0,0,1,0,0,1,0,0,0,0,1,1,0,0,1,0,1,0,0,1,0,0,60,0.861138419,0.221433507,2.389887405,25000,0.2,8.00E-06,0.017,3000,72000,72000,72000,30000,30000,30000,0.2,0.2,0.2,5.00E-06,5.00E-06,5.00E-06,47111000000,44153000000,40713000000,18768000000,16239000000,16742000000,0.2047,0.1944,0.1976,5.83E-06,6.07E-06,6.46E-06
0,0,0,0,0,1,0,1,0,1,0,1,0,0,1,0,1,1,0,0,0,1,0,1,0,60,0.348847281,0.117612096,0.891882327,25000,0.2,8.00E-06,0.017,3000,72000,72000,72000,30000,30000,30000,0.2,0.2,0.2,5.00E-06,5.00E-06,5.00E-06,48692000000,45702000000,42106000000,19428000000,16968000000,17431000000,0.2037,0.1971,0.1988,5.75E-06,5.97E-06,6.34E-06
0,1,1,1,1,0,1,1,0,0,0,0,0,1,0,0,1,0,0,1,0,0,0,0,1,0,0.283613257,0.380507829,0.522294209,25000,0.2,8.00E-06,0.007,3000,230000,23000,23000,9000,9000,9000,0.26,0.26,0.26,1.50E-05,1.00E-05,1.00E-05,44068000000,40091000000,25674000000,9750300000,11588000000,11033000000,0.1012,0.3432,0.3061,1.20E-05,1.19E-05,9.55E-06
0,0,0,0,0,1,1,0,0,1,1,0,1,0,1,0,1,1,1,0,1,0,1,0,0,0,0.575267661,0.187774685,1.074989348,25000,0.2,8.00E-06,0.007,3000,230000,23000,23000,9000,9000,9000,0.26,0.26,0.26,1.50E-05,1.00E-05,1.00E-05,60369000000,60982000000,24965000000,9837200000,10065000000,10061000000,0.1006,0.263,0.2658,1.27E-05,1.27E-05,7.51E-06
0,1,1,0,0,0,0,0,1,0,1,0,1,1,1,0,1,0,1,1,0,1,0,0,1,0,0.580220944,0.234598135,1.077570353,25000,0.2,8.00E-06,0.007,3000,230000,23000,23000,9000,9000,9000,0.26,0.26,0.26,1.50E-05,1.00E-05,1.00E-05,60063000000,58226000000,24821000000,9825000000,10221000000,10134000000,0.1069,0.2784,0.2707,1.27E-05,1.27E-05,7.62E-06
0,0,0,0,0,1,1,0,0,1,0,0,1,0,1,0,0,1,1,0,1,0,1,0,1,0,0.507699826,0.301312196,0.931893298,25000,0.2,8.00E-06,0.007,3000,230000,23000,23000,9000,9000,9000,0.26,0.26,0.26,1.50E-05,1.00E-05,1.00E-05,53882000000,55686000000,24572000000,9806100000,10495000000,10449000000,0.1079,0.2955,0.3015,1.26E-05,1.27E-05,7.96E-06
1,0,1,0,1,0,0,1,0,0,1,1,0,0,1,0,1,1,1,1,1,0,1,0,0,0,0.379448678,0.200700781,0.750412835,25000,0.2,8.00E-06,0.007,3000,230000,23000,23000,9000,9000,9000,0.26,0.26,0.26,1.50E-05,1.00E-05,1.00E-05,52339000000,52270000000,24720000000,9890200000,10421000000,10329000000,0.1099,0.2812,0.2772,1.23E-05,1.23E-05,7.73E-06
1,1,0,0,0,0,0,0,0,0,1,0,0,0,1,0,1,1,0,0,1,0,1,0,1,0,0.72603008,0.313905788,1.359896582,25000,0.2,8.00E-06,0.007,3000,230000,23000,23000,9000,9000,9000,0.26,0.26,0.26,1.50E-05,1.00E-05,1.00E-05,57996000000,60049000000,24846000000,9829600000,10176000000,10191000000,0.1005,0.2697,0.2789,1.26E-05,1.27E-05,7.62E-06
1,1,1,0,0,0,0,0,0,1,0,1,1,1,0,1,0,0,1,1,1,1,1,0,1,0,0.525011701,0.37654237,1.011108519,25000,0.2,8.00E-06,0.007,3000,230000,23000,23000,9000,9000,9000,0.26,0.26,0.26,1.50E-05,1.00E-05,1.00E-05,48196000000,53476000000,24482000000,9840800000,10603000000,10672000000,0.1125,0.2955,0.3117,1.23E-05,1.26E-05,8.09E-06
1,1,1,1,0,1,0,0,1,1,0,1,1,0,1,1,0,0,0,1,1,1,0,1,0,0,0.327112086,0.214287311,0.530373848,25000,0.2,8.00E-06,0.007,3000,230000,23000,23000,9000,9000,9000,0.26,0.26,0.26,1.50E-05,1.00E-05,1.00E-05,52364000000,51876000000,24289000000,9735600000,10931000000,10698000000,0.1178,0.3364,0.3252,1.27E-05,1.27E-05,8.47E-06
0,1,0,1,1,1,0,0,1,0,0,1,1,1,0,0,0,1,0,1,0,1,1,1,0,0,0.887358705,0.270049021,1.37294904,25000,0.2,8.00E-06,0.007,3000,230000,23000,23000,9000,9000,9000,0.26,0.26,0.26,1.50E-05,1.00E-05,1.00E-05,64379000000,62747000000,24742000000,9751000000,10170000000,10069000000,0.1058,0.2847,0.2765,1.30E-05,1.29E-05,7.70E-06
1,0,1,0,0,0,1,0,0,0,1,0,1,0,1,1,0,1,0,1,0,0,1,0,0,0,0.794244017,0.120702588,1.400684113,25000,0.2,8.00E-06,0.007,3000,230000,23000,23000,9000,9000,9000,0.26,0.26,0.26,1.50E-05,1.00E-05,1.00E-05,66952000000,65415000000,25134000000,9807300000,9869700000,9833900000,0.0868,0.2556,0.2515,1.29E-05,1.28E-05,7.41E-06
0,1,0,0,0,1,1,1,1,1,1,1,0,1,1,1,0,1,0,1,0,1,0,0,1,0,0.656708839,0.116402344,1.155764972,25000,0.2,8.00E-06,0.007,3000,230000,23000,23000,9000,9000,9000,0.26,0.26,0.26,1.50E-05,1.00E-05,1.00E-05,66163000000,65822000000,25115000000,9805200000,9869700000,9864000000,0.0878,0.255,0.2545,1.29E-05,1.28E-05,7.42E-06
1,0,0,1,1,1,0,1,0,1,0,0,0,0,0,1,1,1,0,0,0,1,1,0,1,0,0.934730234,0.378020215,1.403035415,25000,0.2,8.00E-06,0.007,3000,230000,23000,23000,9000,9000,9000,0.26,0.26,0.26,1.50E-05,1.00E-05,1.00E-05,60503000000,62256000000,24586000000,9731600000,10285000000,10269000000,0.1066,0.2933,0.2994,1.29E-05,1.30E-05,7.89E-06
0,0,0,1,1,0,0,0,0,1,0,1,1,0,0,1,0,0,0,0,0,1,1,0,1,0,0.536615468,0.379741977,1.024470158,25000,0.2,8.00E-06,0.007,3000,230000,23000,23000,9000,9000,9000,0.26,0.26,0.26,1.50E-05,1.00E-05,1.00E-05,50718000000,51861000000,24500000000,9828900000,10671000000,10570000000,0.1176,0.3048,0.3049,1.24E-05,1.25E-05,8.10E-06
1,0,1,0,0,0,0,1,0,1,1,1,1,0,0,0,1,0,0,1,1,0,0,0,0,0,0.599454852,0.34110742,1.170155666,25000,0.2,8.00E-06,0.007,3000,230000,23000,23000,9000,9000,9000,0.26,0.26,0.26,1.50E-05,1.00E-05,1.00E-05,54651000000,50855000000,24641000000,9863800000,10555000000,10315000000,0.1205,0.2977,0.2761,1.25E-05,1.23E-05,7.83E-06
0,0,1,0,1,1,0,1,1,1,0,1,1,1,0,0,1,1,0,1,1,0,1,1,1,0,0.552079398,0.271990572,0.923554412,25000,0.2,8.00E-06,0.007,3000,230000,23000,23000,9000,9000,9000,0.26,0.26,0.26,1.50E-05,1.00E-05,1.00E-05,59522000000,56900000000,24566000000,9764200000,10468000000,10278000000,0.1125,0.3069,0.2899,1.28E-05,1.28E-05,7.93E-06
0,1,1,0,1,0,1,0,0,1,0,0,0,0,0,1,0,0,1,0,1,1,0,0,0,0,0.279116525,0.201675237,0.441482073,25000,0.2,8.00E-06,0.007,3000,230000,23000,23000,9000,9000,9000,0.26,0.26,0.26,1.50E-05,1.00E-05,1.00E-05,54736000000,50230000000,24510000000,9723100000,11043000000,10597000000,0.1105,0.3394,0.319,1.28E-05,1.26E-05,8.54E-06
1,0,0,0,0,1,0,0,0,1,1,1,1,1,1,0,1,0,1,0,0,1,0,1,0,0,0.552651897,0.325640174,0.949292724,25000,0.2,8.00E-06,0.007,3000,230000,23000,23000,9000,9000,9000,0.26,0.26,0.26,1.50E-05,1.00E-05,1.00E-05,57620000000,55815000000,24582000000,9774500000,10512000000,10354000000,0.105,0.3055,0.2962,1.27E-05,1.27E-05,7.98E-06
1,0,1,1,0,0,0,1,1,1,0,1,0,1,0,1,0,0,0,1,0,0,1,1,1,0,0.39796139,0.205060005,0.747860534,25000,0.2,8.00E-06,0.007,3000,230000,23000,23000,9000,9000,9000,0.26,0.26,0.26,1.50E-05,1.00E-05,1.00E-05,55556000000,55375000000,24638000000,9830500000,10446000000,10322000000,0.1171,0.2908,0.2855,1.26E-05,1.26E-05,7.80E-06
0,0,1,0,0,1,1,0,0,1,1,0,1,0,0,0,1,0,0,0,1,1,0,0,0,0,0.249741857,0.268078732,0.471990977,25000,0.2,8.00E-06,0.007,3000,230000,23000,23000,9000,9000,9000,0.26,0.26,0.26,1.50E-05,1.00E-05,1.00E-05,44959000000,44604000000,24876000000,9792600000,11248000000,10976000000,0.11,0.3449,0.3156,1.21E-05,1.23E-05,9.00E-06
1,1,1,0,1,0,0,0,0,1,0,1,0,1,1,1,1,0,0,1,1,1,1,0,1,0,0.384913297,0.258199181,0.723645486,25000,0.2,8.00E-06,0.007,3000,230000,23000,23000,9000,9000,9000,0.26,0.26,0.26,1.50E-05,1.00E-05,1.00E-05,56767000000,52045000000,24646000000,9825700000,10575000000,10265000000,0.1031,0.3068,0.2796,1.26E-05,1.24E-05,7.90E-06
0,1,1,1,0,0,0,1,1,0,1,1,0,0,0,0,1,1,1,0,0,0,0,0,1,0,0.709315928,0.34801432,1.249580487,25000,0.2,8.00E-06,0.007,3000,230000,23000,23000,9000,9000,9000,0.26,0.26,0.26,1.50E-05,1.00E-05,1.00E-05,55817000000,60324000000,24607000000,9787900000,10321000000,10375000000,0.1028,0.2836,0.3007,1.26E-05,1.28E-05,7.83E-06
0,0,0,1,1,1,1,1,0,0,1,0,1,0,0,1,0,0,0,1,1,1,1,1,1,0,0.794590326,0.322873432,1.396770789,25000,0.2,8.00E-06,0.007,3000,230000,23000,23000,9000,9000,9000,0.26,0.26,0.26,1.50E-05,1.00E-05,1.00E-05,59678000000,62223000000,24789000000,9792700000,10150000000,10189000000,0.0964,0.2732,0.2844,1.27E-05,1.28E-05,7.67E-06
1,0,0,0,1,1,0,1,1,1,0,0,0,0,1,1,0,1,1,0,0,1,0,1,1,0,0.965979209,0.24424852,1.52557541,25000,0.2,8.00E-06,0.007,3000,230000,23000,23000,9000,9000,9000,0.26,0.26,0.26,1.50E-05,1.00E-05,1.00E-05,65102000000,65506000000,24876000000,9759800000,10002000000,9996600000,0.0985,0.2696,0.2717,1.29E-05,1.30E-05,7.60E-06
0,1,0,1,1,1,0,0,0,0,1,1,0,0,1,0,0,0,1,0,1,0,0,0,1,0,0.59541689,0.276689424,1.155450827,25000,0.2,8.00E-06,0.007,3000,230000,23000,23000,9000,9000,9000,0.26,0.26,0.26,1.50E-05,1.00E-05,1.00E-05,54780000000,56431000000,24783000000,9861700000,10266000000,10279000000,0.1106,0.2726,0.2797,1.25E-05,1.26E-05,7.66E-06
0,1,1,1,0,0,0,1,0,1,0,0,0,1,0,1,0,1,1,1,1,0,1,0,1,0,0.229293237,0.156825403,0.401783231,25000,0.2,8.00E-06,0.007,3000,230000,23000,23000,9000,9000,9000,0.26,0.26,0.26,1.50E-05,1.00E-05,1.00E-05,51906000000,51270000000,24366000000,9768800000,10825000000,10628000000,0.1211,0.3282,0.3158,1.26E-05,1.27E-05,8.36E-06
0,0,1,0,0,0,1,1,0,0,0,0,0,1,0,1,0,0,1,0,0,0,1,0,1,0,0.230425284,0.35116941,0.353937442,25000,0.2,8.00E-06,0.007,3000,230000,23000,23000,9000,9000,9000,0.26,0.26,0.26,1.50E-05,1.00E-05,1.00E-05,42247000000,34321000000,27601000000,9656300000,12292000000,10793000000,0.111,0.3344,0.2836,1.19E-05,1.14E-05,1.06E-05
0,1,0,1,0,1,0,0,0,0,1,0,1,1,1,0,0,1,1,1,0,1,0,0,0,0,0.725409546,0.188089611,1.283244308,25000,0.2,8.00E-06,0.007,3000,230000,23000,23000,9000,9000,9000,0.26,0.26,0.26,1.50E-05,1.00E-05,1.00E-05,64464000000,64054000000,25013000000,9803800000,9967400000,9957400000,0.0922,0.2623,0.2613,1.28E-05,1.28E-05,7.49E-06
1,0,0,1,1,0,1,1,0,1,1,1,0,1,1,1,1,1,0,0,1,0,0,1,0,0,0.381516435,0.341106299,0.639485358,25000,0.2,8.00E-06,0.007,3000,230000,23000,23000,9000,9000,9000,0.26,0.26,0.26,1.50E-05,1.00E-05,1.00E-05,46467000000,45685000000,24499000000,9726500000,11381000000,10996000000,0.1119,0.3607,0.338,1.24E-05,1.25E-05,9.13E-06
0,0,0,1,0,1,1,0,1,0,0,0,0,0,0,1,0,0,0,1,0,1,0,1,0,0,0.549265802,0.115015481,1.041589537,25000,0.2,8.00E-06,0.007,3000,230000,23000,23000,9000,9000,9000,0.26,0.26,0.26,1.50E-05,1.00E-05,1.00E-05,62737000000,62210000000,25141000000,9852500000,9933200000,9921500000,0.0908,0.2533,0.2528,1.27E-05,1.27E-05,7.38E-06
0,1,1,0,0,0,0,1,1,0,0,1,0,0,0,0,1,1,0,0,1,1,1,1,0,0,0.393480742,0.383123119,0.701804711,25000,0.2,8.00E-06,0.007,3000,230000,23000,23000,9000,9000,9000,0.26,0.26,0.26,1.50E-05,1.00E-05,1.00E-05,51075000000,48471000000,24718000000,9767200000,11058000000,10640000000,0.107,0.3406,0.3036,1.25E-05,1.25E-05,8.58E-06
0,0,1,1,0,0,0,1,0,0,0,0,0,1,0,1,0,0,1,1,1,0,1,1,1,0,0.4639816,0.326597455,0.844820337,25000,0.2,8.00E-06,0.007,3000,230000,23000,23000,9000,9000,9000,0.26,0.26,0.26,1.50E-05,1.00E-05,1.00E-05,57030000000,53861000000,24627000000,9800800000,10558000000,10305000000,0.1072,0.3087,0.2871,1.27E-05,1.26E-05,7.94E-06
0,0,0,0,1,1,1,0,1,0,0,1,0,0,1,0,1,1,0,1,1,1,1,0,0,0,0.763984985,0.373451593,1.235431898,25000,0.2,8.00E-06,0.007,3000,230000,23000,23000,9000,9000,9000,0.26,0.26,0.26,1.50E-05,1.00E-05,1.00E-05,57714000000,55468000000,24398000000,9748800000,10593000000,10385000000,0.1183,0.3175,0.3016,1.28E-05,1.28E-05,8.07E-06
0,1,0,1,0,1,0,1,1,0,1,1,1,1,0,1,1,0,0,0,1,0,0,0,1,0,0.625188975,0.101125268,1.059154238,25000,0.2,8.00E-06,0.007,3000,230000,23000,23000,9000,9000,9000,0.26,0.26,0.26,1.50E-05,1.00E-05,1.00E-05,67431000000,66631000000,25105000000,9791200000,9865000000,9843300000,0.0873,0.2564,0.2545,1.29E-05,1.29E-05,7.44E-06
0,1,0,1,1,1,0,0,0,1,1,1,1,0,0,0,0,1,1,1,0,0,0,1,0,0,0.223853188,0.188001577,0.357571146,25000,0.2,8.00E-06,0.007,3000,230000,23000,23000,9000,9000,9000,0.26,0.26,0.26,1.50E-05,1.00E-05,1.00E-05,46822000000,49065000000,24418000000,9714600000,11247000000,11009000000,0.11,0.3542,0.3428,1.25E-05,1.27E-05,8.98E-06
0,1,0,1,0,0,1,0,0,0,0,0,1,0,0,1,1,0,1,1,1,1,1,0,1,0,0.423249163,0.330366427,0.826989991,25000,0.2,8.00E-06,0.007,3000,230000,23000,23000,9000,9000,9000,0.26,0.26,0.26,1.50E-05,1.00E-05,1.00E-05,48327000000,49302000000,24500000000,9849600000,10680000000,10636000000,0.1196,0.3069,0.3056,1.23E-05,1.24E-05,8.20E-06
1,1,0,0,1,1,1,0,1,0,0,1,1,0,0,1,1,1,0,1,0,0,0,0,1,0,0.315277076,0.347398335,0.551604459,25000,0.2,8.00E-06,0.007,3000,230000,23000,23000,9000,9000,9000,0.26,0.26,0.26,1.50E-05,1.00E-05,1.00E-05,45007000000,43420000000,24853000000,9736900000,11434000000,10980000000,0.1003,0.3517,0.3305,1.22E-05,1.22E-05,9.29E-06
0,0,0,0,1,0,0,0,1,1,0,1,0,1,0,0,1,1,1,1,0,0,0,0,1,0,0.703118279,0.302047688,1.336271061,25000,0.2,8.00E-06,0.007,3000,230000,23000,23000,9000,9000,9000,0.26,0.26,0.26,1.50E-05,1.00E-05,1.00E-05,60557000000,57511000000,24909000000,9844000000,10195000000,10058000000,0.0979,0.2764,0.2625,1.26E-05,1.25E-05,7.56E-06
1,0,1,0,0,0,1,0,0,0,0,1,0,0,1,0,1,0,1,0,1,0,1,1,0,0,0.698696411,0.154040382,1.284589402,25000,0.2,8.00E-06,0.007,3000,230000,23000,23000,9000,9000,9000,0.26,0.26,0.26,1.50E-05,1.00E-05,1.00E-05,64487000000,61811000000,25073000000,9830400000,9983000000,9915800000,0.0956,0.2616,0.2522,1.28E-05,1.27E-05,7.43E-06
0,0,1,1,0,0,0,0,0,0,1,0,1,1,0,1,1,0,1,1,0,1,1,0,1,0,0.987268177,0.321650592,1.594392152,25000,0.2,8.00E-06,0.007,3000,230000,23000,23000,9000,9000,9000,0.26,0.26,0.26,1.50E-05,1.00E-05,1.00E-05,63356000000,64183000000,24803000000,9760600000,10083000000,10093000000,0.1008,0.275,0.2794,1.29E-05,1.29E-05,7.66E-06
0,1,1,1,1,1,0,0,0,0,0,0,1,0,1,0,1,0,1,0,0,1,1,1,0,0,0.405890481,0.1415522,0.780951279,25000,0.2,8.00E-06,0.007,3000,230000,23000,23000,9000,9000,9000,0.26,0.26,0.26,1.50E-05,1.00E-05,1.00E-05,58702000000,58197000000,24942000000,9860900000,10132000000,10098000000,0.1063,0.2656,0.2639,1.26E-05,1.26E-05,7.51E-06
0,0,1,0,0,0,0,1,1,1,0,1,0,1,0,1,0,0,0,0,1,1,0,0,0,0,0.808108968,0.287516493,1.41194584,25000,0.2,8.00E-06,0.007,3000,230000,23000,23000,9000,9000,9000,0.26,0.26,0.26,1.50E-05,1.00E-05,1.00E-05,62508000000,62163000000,24857000000,9793300000,10115000000,10078000000,0.1031,0.2737,0.2719,1.28E-05,1.28E-05,7.60E-06
1,0,0,1,0,0,1,1,0,0,0,1,1,0,0,0,0,1,0,1,1,1,1,0,0,0,0.868099324,0.326362207,1.533092919,25000,0.2,8.00E-06,0.007,3000,230000,23000,23000,9000,9000,9000,0.26,0.26,0.26,1.50E-05,1.00E-05,1.00E-05,61823000000,60165000000,24801000000,9797500000,10208000000,10097000000,0.1033,0.2805,0.2729,1.28E-05,1.28E-05,7.64E-06
1,1,0,0,0,1,1,1,1,0,0,0,0,0,0,0,1,0,1,1,1,1,0,0,0,0,0.74712163,0.298232469,1.193571169,25000,0.2,8.00E-06,0.007,3000,230000,23000,23000,9000,9000,9000,0.26,0.26,0.26,1.50E-05,1.00E-05,1.00E-05,61739000000,63133000000,24727000000,9754500000,10147000000,10157000000,0.0922,0.2819,0.2882,1.29E-05,1.29E-05,7.75E-06
0,0,0,0,1,0,1,0,0,0,0,0,1,0,0,1,1,0,0,1,1,1,0,1,1,0,0.303625686,0.180665154,0.53700823,25000,0.2,8.00E-06,0.007,3000,230000,23000,23000,9000,9000,9000,0.26,0.26,0.26,1.50E-05,1.00E-05,1.00E-05,55910000000,57211000000,24572000000,9783600000,10418000000,10390000000,0.1079,0.2984,0.3,1.27E-05,1.28E-05,7.94E-06
1,0,0,0,0,1,0,1,0,0,1,1,1,0,1,1,0,1,1,1,0,1,1,1,1,0,0.52627393,0.352929184,0.996048166,25000,0.2,8.00E-06,0.007,3000,230000,23000,23000,9000,9000,9000,0.26,0.26,0.26,1.50E-05,1.00E-05,1.00E-05,53084000000,52341000000,24559000000,9827300000,10563000000,10444000000,0.1133,0.3029,0.2954,1.25E-05,1.25E-05,8.00E-06
0,0,0,1,0,0,0,0,0,0,1,1,0,0,1,0,1,1,1,1,0,1,0,1,0,0,0.584843605,0.1987031,1.137632556,25000,0.2,8.00E-06,0.007,3000,230000,23000,23000,9000,9000,9000,0.26,0.26,0.26,1.50E-05,1.00E-05,1.00E-05,59573000000,59271000000,25057000000,9871200000,10050000000,10030000000,0.0955,0.2588,0.2582,1.25E-05,1.25E-05,7.43E-06
1,1,1,1,0,1,0,0,1,0,0,1,1,0,0,1,0,0,1,0,1,0,0,1,0,0,0.443610397,0.104928589,0.7712308,25000,0.2,8.00E-06,0.007,3000,230000,23000,23000,9000,9000,9000,0.26,0.26,0.26,1.50E-05,1.00E-05,1.00E-05,65164000000,63626000000,24999000000,9798600000,9993700000,9914800000,0.0915,0.2661,0.2591,1.28E-05,1.28E-05,7.50E-06
0,0,0,0,1,0,0,1,0,1,1,0,0,1,0,0,0,0,0,1,1,1,1,1,1,0,0.273539244,0.176190904,0.488725471,25000,0.2,8.00E-06,0.007,3000,230000,23000,23000,9000,9000,9000,0.26,0.26,0.26,1.50E-05,1.00E-05,1.00E-05,50850000000,54468000000,24451000000,9783500000,10551000000,10642000000,0.1082,0.3039,0.3204,1.25E-05,1.27E-05,8.21E-06
0,0,1,0,0,0,1,0,0,0,1,0,0,1,1,0,0,1,0,0,0,0,0,0,1,0,0.915289749,0.178147078,1.698028575,25000,0.2,8.00E-06,0.007,3000,230000,23000,23000,9000,9000,9000,0.26,0.26,0.26,1.50E-05,1.00E-05,1.00E-05,63605000000,64046000000,25138000000,9836100000,9898300000,9908400000,0.0898,0.2518,0.2546,1.27E-05,1.27E-05,7.39E-06
1,1,1,0,0,0,1,0,0,0,1,0,1,0,0,1,0,1,0,1,1,1,1,1,1,0,0.278872934,0.290280312,0.549007126,25000,0.2,8.00E-06,0.007,3000,230000,23000,23000,9000,9000,9000,0.26,0.26,0.26,1.50E-05,1.00E-05,1.00E-05,47087000000,45451000000,24834000000,9852500000,11024000000,10660000000,0.1149,0.3139,0.3011,1.21E-05,1.21E-05,8.49E-06
0,0,0,0,1,1,0,1,1,1,1,1,0,1,0,1,1,1,0,1,1,1,1,0,1,0,0.527426272,0.107653229,0.819847388,25000,0.2,8.00E-06,0.007,3000,230000,23000,23000,9000,9000,9000,0.26,0.26,0.26,1.50E-05,1.00E-05,1.00E-05,68017000000,67752000000,25001000000,9757200000,9888700000,9881000000,0.0887,0.263,0.262,1.30E-05,1.30E-05,7.52E-06
1,0,0,1,1,1,1,0,1,1,0,1,1,0,0,0,1,1,1,0,0,0,1,1,0,0,0.313364863,0.289945006,0.505334053,25000,0.2,8.00E-06,0.007,3000,230000,23000,23000,9000,9000,9000,0.26,0.26,0.26,1.50E-05,1.00E-05,1.00E-05,49686000000,49012000000,24468000000,9718900000,11185000000,10754000000,0.1084,0.3573,0.3327,1.26E-05,1.27E-05,8.85E-06
1,1,0,0,1,1,1,1,1,0,0,0,0,0,1,0,0,0,1,1,1,0,0,0,1,0,0.595167964,0.394916507,1.138500231,25000,0.2,8.00E-06,0.007,3000,230000,23000,23000,9000,9000,9000,0.26,0.26,0.26,1.50E-05,1.00E-05,1.00E-05,53199000000,54339000000,24615000000,9836800000,10482000000,10425000000,0.1129,0.2933,0.2943,1.25E-05,1.26E-05,7.89E-06
0,1,1,0,0,0,1,1,0,0,1,0,1,0,1,1,0,1,0,1,1,1,1,0,0,0,0.244133695,0.106712231,0.404624081,25000,0.2,8.00E-06,0.007,3000,230000,23000,23000,9000,9000,9000,0.26,0.26,0.26,1.50E-05,1.00E-05,1.00E-05,65396000000,58374000000,24742000000,9768100000,10360000000,10006000000,0.1007,0.3011,0.2652,1.29E-05,1.28E-05,7.73E-06
1,1,0,0,0,1,0,0,0,0,1,1,0,0,0,0,0,0,0,1,0,0,1,1,0,0,0.373719793,0.158021331,0.618034988,25000,0.2,8.00E-06,0.007,3000,230000,23000,23000,9000,9000,9000,0.26,0.26,0.26,1.50E-05,1.00E-05,1.00E-05,60998000000,62602000000,24724000000,9767100000,10212000000,10174000000,0.1034,0.2827,0.2859,1.28E-05,1.29E-05,7.73E-06
0,1,0,1,1,1,0,1,0,0,0,1,0,1,1,0,1,1,0,1,1,0,1,1,0,0,0.72110554,0.387475146,1.35549695,25000,0.2,8.00E-06,0.007,3000,230000,23000,23000,9000,9000,9000,0.26,0.26,0.26,1.50E-05,1.00E-05,1.00E-05,51168000000,50562000000,24314000000,9825800000,10692000000,10545000000,0.1437,0.3093,0.3013,1.25E-05,1.26E-05,8.09E-06
0,0,1,1,1,0,1,1,1,0,1,0,0,1,0,0,1,0,0,1,1,0,0,1,0,0,0.88369193,0.381035026,1.446398063,25000,0.2,8.00E-06,0.007,3000,230000,23000,23000,9000,9000,9000,0.26,0.26,0.26,1.50E-05,1.00E-05,1.00E-05,58589000000,58195000000,24486000000,9756500000,10449000000,10326000000,0.1248,0.303,0.2973,1.29E-05,1.29E-05,7.93E-06
0,1,1,0,1,0,0,0,1,1,1,1,1,1,0,0,1,0,0,1,1,1,1,1,1,0,0.607774654,0.361199408,1.133487266,25000,0.2,8.00E-06,0.007,3000,230000,23000,23000,9000,9000,9000,0.26,0.26,0.26,1.50E-05,1.00E-05,1.00E-05,52046000000,55284000000,24552000000,9818500000,10472000000,10507000000,0.1096,0.2922,0.3049,1.25E-05,1.26E-05,7.98E-06
1,0,1,0,0,1,1,1,0,0,0,1,0,1,0,1,0,1,0,0,1,1,1,1,0,0,0.982355035,0.253816495,1.473797419,25000,0.2,8.00E-06,0.007,3000,230000,23000,23000,9000,9000,9000,0.26,0.26,0.26,1.50E-05,1.00E-05,1.00E-05,67039000000,64639000000,24837000000,9742800000,10062000000,9950100000,0.0982,0.2797,0.2682,1.30E-05,1.30E-05,7.64E-06
0,0,1,1,0,1,1,1,0,1,1,1,0,1,1,1,0,1,0,0,1,1,0,1,0,0,0.508928018,0.144573747,0.844160473,25000,0.2,8.00E-06,0.007,3000,230000,23000,23000,9000,9000,9000,0.26,0.26,0.26,1.50E-05,1.00E-05,1.00E-05,63377000000,64063000000,24858000000,9776100000,10055000000,10042000000,0.1012,0.2709,0.2729,1.29E-05,1.29E-05,7.60E-06
0,0,0,1,1,0,1,1,0,0,0,1,1,0,0,1,0,0,1,0,1,1,0,1,1,0,0.639029692,0.314419482,1.175004587,25000,0.2,8.00E-06,0.007,3000,230000,23000,23000,9000,9000,9000,0.26,0.26,0.26,1.50E-05,1.00E-05,1.00E-05,58227000000,57734000000,24707000000,9814100000,10333000000,10257000000,0.1089,0.286,0.2832,1.27E-05,1.27E-05,7.73E-06
1,0,0,0,1,1,0,0,1,0,0,1,1,1,1,0,1,0,0,1,0,1,1,0,1,0,0.509932961,0.160546419,0.970963698,25000,0.2,8.00E-06,0.007,3000,230000,23000,23000,9000,9000,9000,0.26,0.26,0.26,1.50E-05,1.00E-05,1.00E-05,60799000000,58515000000,24974000000,9852500000,10115000000,10038000000,0.1016,0.2673,0.259,1.27E-05,1.26E-05,7.49E-06
1,1,1,0,0,0,1,1,1,0,1,0,1,1,1,1,0,1,1,1,0,1,0,1,1,0,0.915223801,0.272549483,1.467261534,25000,0.2,8.00E-06,0.007,3000,230000,23000,23000,9000,9000,9000,0.26,0.26,0.26,1.50E-05,1.00E-05,1.00E-05,65320000000,65095000000,24873000000,9761000000,10043000000,10004000000,0.1016,0.2724,0.2708,1.30E-05,1.30E-05,7.60E-06
0,1,0,1,0,1,1,1,0,1,0,0,0,1,0,0,1,1,0,0,1,0,0,0,1,0,0.968881255,0.16609434,1.508176213,25000,0.2,8.00E-06,0.007,3000,230000,23000,23000,9000,9000,9000,0.26,0.26,0.26,1.50E-05,1.00E-05,1.00E-05,66815000000,68687000000,25016000000,9762700000,9863700000,9896800000,0.0886,0.2573,0.2646,1.29E-05,1.30E-05,7.51E-06
0,1,0,1,1,1,1,0,1,0,1,0,1,0,0,0,1,0,1,0,1,0,1,1,0,0,0.406436992,0.380274533,0.67540234,25000,0.2,8.00E-06,0.007,3000,230000,23000,23000,9000,9000,9000,0.26,0.26,0.26,1.50E-05,1.00E-05,1.00E-05,43280000000,37017000000,24640000000,9707000000,11962000000,11170000000,0.1299,0.3813,0.3388,1.23E-05,1.20E-05,9.94E-06
0,1,1,0,1,0,0,0,1,0,0,1,1,1,0,0,1,1,0,1,1,0,1,1,1,0,0.92925684,0.338332507,1.852917961,25000,0.2,8.00E-06,0.007,3000,230000,23000,23000,9000,9000,9000,0.26,0.26,0.26,1.50E-05,1.00E-05,1.00E-05,54363000000,54388000000,25005000000,9924800000,10179000000,10140000000,0.1096,0.2596,0.2577,1.23E-05,1.23E-05,7.45E-06
0,0,1,1,0,0,1,1,1,1,1,1,0,1,1,1,0,1,0,1,1,0,0,0,0,0,0.269249227,0.356086227,0.466910077,25000,0.2,8.00E-06,0.007,3000,230000,23000,23000,9000,9000,9000,0.26,0.26,0.26,1.50E-05,1.00E-05,1.00E-05,41162000000,40181000000,25764000000,9717400000,11697000000,11119000000,0.1035,0.3465,0.3255,1.19E-05,1.20E-05,9.89E-06
0,1,1,0,1,0,0,1,0,0,1,1,1,0,1,1,0,1,1,1,0,0,0,1,0,0,0.864020204,0.289544368,1.456356514,25000,0.2,8.00E-06,0.007,3000,230000,23000,23000,9000,9000,9000,0.26,0.26,0.26,1.50E-05,1.00E-05,1.00E-05,62205000000,62968000000,24822000000,9780500000,10083000000,10094000000,0.0973,0.2741,0.2769,1.28E-05,1.29E-05,7.64E-06
1,0,1,0,0,0,1,0,1,1,0,0,1,0,0,0,1,0,1,1,1,0,0,1,0,0,0.699445784,0.363576619,1.131726655,25000,0.2,8.00E-06,0.007,3000,230000,23000,23000,9000,9000,9000,0.26,0.26,0.26,1.50E-05,1.00E-05,1.00E-05,53411000000,52661000000,24191000000,9745200000,10761000000,10617000000,0.1365,0.3278,0.3192,1.28E-05,1.28E-05,8.31E-06
0,1,1,1,1,0,0,1,1,0,1,1,0,1,1,0,1,1,1,0,1,0,0,0,0,0,0.316587637,0.24797939,0.511108691,25000,0.2,8.00E-06,0.007,3000,230000,23000,23000,9000,9000,9000,0.26,0.26,0.26,1.50E-05,1.00E-05,1.00E-05,43978000000,52927000000,24285000000,9718100000,10899000000,11149000000,0.0982,0.3365,0.3535,1.22E-05,1.28E-05,8.90E-06
0,1,1,0,1,1,1,0,0,0,1,0,1,1,1,0,0,0,1,1,0,1,0,1,1,0,0.927784657,0.165680948,1.568664105,25000,0.2,8.00E-06,0.007,3000,230000,23000,23000,9000,9000,9000,0.26,0.26,0.26,1.50E-05,1.00E-05,1.00E-05,67093000000,66354000000,25082000000,9789900000,9884100000,9862600000,0.0885,0.2581,0.2558,1.29E-05,1.29E-05,7.45E-06
0,0,0,0,1,0,1,0,1,0,0,0,1,0,0,1,0,1,1,0,0,0,0,0,1,0,0.749336581,0.236947124,1.464476044,25000,0.2,8.00E-06,0.007,3000,230000,23000,23000,9000,9000,9000,0.26,0.26,0.26,1.50E-05,1.00E-05,1.00E-05,59040000000,57769000000,25037000000,9879900000,10085000000,10040000000,0.1044,0.2606,0.2557,1.25E-05,1.25E-05,7.44E-06
0,1,1,0,1,1,1,1,0,0,0,1,0,1,1,1,0,0,1,1,0,1,0,1,0,0,0.708487844,0.399590517,1.367757367,25000,0.2,8.00E-06,0.007,3000,230000,23000,23000,9000,9000,9000,0.26,0.26,0.26,1.50E-05,1.00E-05,1.00E-05,53716000000,51853000000,24574000000,9851300000,10577000000,10380000000,0.1264,0.2979,0.2845,1.25E-05,1.25E-05,7.87E-06
0,1,0,1,0,1,1,0,1,0,0,1,0,1,1,1,1,0,0,1,1,0,1,0,1,0,0.546769196,0.309426884,0.980159929,25000,0.2,8.00E-06,0.007,3000,230000,23000,23000,9000,9000,9000,0.26,0.26,0.26,1.50E-05,1.00E-05,1.00E-05,56622000000,50901000000,24417000000,9795600000,10746000000,10366000000,0.1265,0.3214,0.2896,1.27E-05,1.25E-05,8.06E-06
1,0,1,1,0,1,0,1,0,0,0,0,1,0,0,1,0,1,1,0,1,0,0,0,1,0,0.595534932,0.113753797,0.969829887,25000,0.2,8.00E-06,0.007,3000,230000,23000,23000,9000,9000,9000,0.26,0.26,0.26,1.50E-05,1.00E-05,1.00E-05,68273000000,66151000000,25033000000,9772400000,9916000000,9841000000,0.087,0.2643,0.2566,1.30E-05,1.29E-05,7.50E-06
1,1,1,0,1,0,1,1,1,1,0,0,0,0,0,1,0,1,0,1,1,0,1,1,0,0,0.531774043,0.243750024,0.89189733,25000,0.2,8.00E-06,0.007,3000,230000,23000,23000,9000,9000,9000,0.26,0.26,0.26,1.50E-05,1.00E-05,1.00E-05,58450000000,59812000000,24618000000,9767300000,10296000000,10306000000,0.1013,0.2908,0.2964,1.28E-05,1.28E-05,7.86E-06
1,1,1,0,1,0,1,1,0,1,0,1,0,1,1,1,1,0,1,0,1,1,0,1,1,0,0.42199324,0.246523308,0.655612396,25000,0.2,8.00E-06,0.007,3000,230000,23000,23000,9000,9000,9000,0.26,0.26,0.26,1.50E-05,1.00E-05,1.00E-05,60968000000,50740000000,24398000000,9730500000,10869000000,10297000000,0.1196,0.3422,0.2905,1.30E-05,1.26E-05,8.24E-06
1,1,1,0,0,0,0,0,0,0,0,0,0,1,1,1,1,0,1,1,0,0,0,1,0,0,0.560964761,0.15793635,0.866472819,25000,0.2,8.00E-06,0.007,3000,230000,23000,23000,9000,9000,9000,0.26,0.26,0.26,1.50E-05,1.00E-05,1.00E-05,64976000000,67960000000,24887000000,9747600000,9936000000,10019000000,0.0868,0.2647,0.2782,1.29E-05,1.30E-05,7.61E-06
0,1,1,0,1,1,1,1,0,0,0,1,1,1,1,1,0,0,0,1,1,0,0,0,1,0,0.496238271,0.290971186,0.82937831,25000,0.2,8.00E-06,0.007,3000,230000,23000,23000,9000,9000,9000,0.26,0.26,0.26,1.50E-05,1.00E-05,1.00E-05,56266000000,56216000000,24452000000,9758400000,10604000000,10415000000,0.1123,0.3155,0.3058,1.28E-05,1.28E-05,8.08E-06
1,0,0,1,1,0,0,0,0,1,1,1,0,1,1,0,0,0,0,1,1,1,0,1,0,0,0.777371565,0.364233381,1.431982231,25000,0.2,8.00E-06,0.007,3000,230000,23000,23000,9000,9000,9000,0.26,0.26,0.26,1.50E-05,1.00E-05,1.00E-05,57453000000,57937000000,24726000000,9816100000,10267000000,10249000000,0.1044,0.2824,0.2836,1.26E-05,1.27E-05,7.73E-06
1,1,0,1,0,1,0,1,0,1,1,1,0,0,0,1,0,0,0,0,0,1,0,1,1,0,0.908012126,0.345730452,1.756811335,25000,0.2,8.00E-06,0.007,3000,230000,23000,23000,9000,9000,9000,0.26,0.26,0.26,1.50E-05,1.00E-05,1.00E-05,58073000000,56390000000,24870000000,9861500000,10220000000,10134000000,0.1129,0.2724,0.2655,1.26E-05,1.25E-05,7.57E-06
1,0,0,0,0,0,1,0,0,1,1,0,0,0,0,1,1,0,0,1,1,1,1,0,0,0,0.314001044,0.240404439,0.528684814,25000,0.2,8.00E-06,0.007,3000,230000,23000,23000,9000,9000,9000,0.26,0.26,0.26,1.50E-05,1.00E-05,1.00E-05,52369000000,50906000000,24519000000,9749500000,10925000000,10626000000,0.1147,0.3398,0.3137,1.26E-05,1.27E-05,8.50E-06
0,1,0,0,0,0,1,0,0,1,1,0,1,0,1,1,0,1,0,1,1,1,0,1,0,0,0.477233346,0.34910562,0.91186629,25000,0.2,8.00E-06,0.007,3000,230000,23000,23000,9000,9000,9000,0.26,0.26,0.26,1.50E-05,1.00E-05,1.00E-05,54018000000,45232000000,24373000000,9825600000,10977000000,10477000000,0.1325,0.3314,0.2912,1.26E-05,1.22E-05,8.27E-06
0,1,0,0,1,0,1,1,1,1,1,1,0,1,1,0,1,0,1,0,1,0,0,0,0,0,0.503367865,0.131646595,0.934190169,25000,0.2,8.00E-06,0.007,3000,230000,23000,23000,9000,9000,9000,0.26,0.26,0.26,1.50E-05,1.00E-05,1.00E-05,62845000000,61698000000,25039000000,9833300000,10004000000,9960400000,0.0951,0.2615,0.2575,1.27E-05,1.27E-05,7.46E-06
0,0,0,0,1,1,1,1,1,1,0,0,0,0,1,1,1,1,1,0,1,0,1,1,1,0,0.961537401,0.185607716,1.675055287,25000,0.2,8.00E-06,0.007,3000,230000,23000,23000,9000,9000,9000,0.26,0.26,0.26,1.50E-05,1.00E-05,1.00E-05,64970000000,66692000000,25077000000,9798800000,9851300000,9917000000,0.0855,0.2529,0.2621,1.28E-05,1.29E-05,7.45E-06
0,0,0,0,0,1,0,1,0,0,0,0,0,1,1,1,1,1,1,0,1,1,1,1,1,0,0.686374918,0.22326363,1.114530516,25000,0.2,8.00E-06,0.007,3000,230000,23000,23000,9000,9000,9000,0.26,0.26,0.26,1.50E-05,1.00E-05,1.00E-05,62107000000,66529000000,24834000000,9760600000,9978600000,10117000000,0.091,0.2648,0.2857,1.28E-05,1.30E-05,7.65E-06
1,0,1,1,0,0,1,1,1,0,0,0,1,1,1,1,1,1,0,0,0,0,0,1,1,0,0.392767032,0.278781401,0.693305166,25000,0.2,8.00E-06,0.007,3000,230000,23000,23000,9000,9000,9000,0.26,0.26,0.26,1.50E-05,1.00E-05,1.00E-05,49168000000,53431000000,24330000000,9770100000,10854000000,10755000000,0.115,0.3236,0.3262,1.25E-05,1.28E-05,8.39E-06
0,1,1,0,0,0,1,0,0,1,0,1,0,1,1,0,0,0,1,0,0,1,0,1,1,0,0.305248949,0.176789595,0.511706818,25000,0.2,8.00E-06,0.007,3000,230000,23000,23000,9000,9000,9000,0.26,0.26,0.26,1.50E-05,1.00E-05,1.00E-05,58973000000,51762000000,24443000000,9758600000,10773000000,10304000000,0.1092,0.3294,0.29,1.28E-05,1.26E-05,8.13E-06
0,1,0,1,0,0,0,0,0,1,0,0,1,1,1,0,1,1,1,0,0,0,1,1,0,0,0.7728469,0.199621327,1.210868733,25000,0.2,8.00E-06,0.007,3000,230000,23000,23000,9000,9000,9000,0.26,0.26,0.26,1.50E-05,1.00E-05,1.00E-05,67447000000,66195000000,24942000000,9756400000,9977800000,9917600000,0.0929,0.2697,0.2644,1.30E-05,1.30E-05,7.56E-06
0,1,0,0,1,1,0,0,0,0,1,1,1,1,1,0,1,0,0,0,0,1,0,1,1,0,0.779475759,0.177945598,1.263507292,25000,0.2,8.00E-06,0.007,3000,230000,23000,23000,9000,9000,9000,0.26,0.26,0.26,1.50E-05,1.00E-05,1.00E-05,66345000000,66452000000,24970000000,9767100000,9918000000,9931700000,0.0871,0.2639,0.2662,1.29E-05,1.29E-05,7.54E-06
0,0,0,1,0,1,0,1,1,1,1,0,0,1,0,1,1,0,0,0,0,0,1,1,0,0,0.633450214,0.264110904,1.149112621,25000,0.2,8.00E-06,0.007,3000,230000,23000,23000,9000,9000,9000,0.26,0.26,0.26,1.50E-05,1.00E-05,1.00E-05,59933000000,59602000000,24804000000,9812000000,10210000000,10137000000,0.1004,0.2784,0.2757,1.27E-05,1.27E-05,7.65E-06
0,1,1,0,0,0,0,0,1,0,0,0,1,1,0,1,0,0,1,1,1,0,1,1,0,0,0.902434311,0.1295614,1.686934277,25000,0.2,8.00E-06,0.007,3000,230000,23000,23000,9000,9000,9000,0.26,0.26,0.26,1.50E-05,1.00E-05,1.00E-05,64390000000,63837000000,25194000000,9844800000,9873700000,9865800000,0.0881,0.2498,0.2497,1.27E-05,1.27E-05,7.35E-06
1,1,1,1,0,1,1,0,1,1,1,1,0,1,1,1,0,0,0,1,0,1,1,0,1,0,0.859859201,0.289322057,1.680560206,25000,0.2,8.00E-06,0.007,3000,230000,23000,23000,9000,9000,9000,0.26,0.26,0.26,1.50E-05,1.00E-05,1.00E-05,59496000000,58105000000,25048000000,9877300000,10081000000,10029000000,0.1023,0.2604,0.2557,1.26E-05,1.25E-05,7.43E-06
1,0,1,1,1,1,1,0,1,0,0,1,0,1,1,1,0,0,1,0,0,1,0,0,1,0,0.716031851,0.195907835,1.382096469,25000,0.2,8.00E-06,0.007,3000,230000,23000,23000,9000,9000,9000,0.26,0.26,0.26,1.50E-05,1.00E-05,1.00E-05,59563000000,58378000000,25014000000,9869400000,10083000000,10030000000,0.1053,0.2615,0.2571,1.26E-05,1.25E-05,7.46E-06
0,0,0,1,1,1,0,1,1,1,1,0,1,1,0,0,0,1,1,1,0,1,1,0,1,0,0.43324761,0.112132964,0.723317538,25000,0.2,8.00E-06,0.007,3000,230000,23000,23000,9000,9000,9000,0.26,0.26,0.26,1.50E-05,1.00E-05,1.00E-05,66317000000,64399000000,24966000000,9780000000,10001000000,9923600000,0.093,0.2692,0.2611,1.29E-05,1.29E-05,7.53E-06
0,0,0,0,1,1,0,0,0,0,0,0,1,1,1,1,1,1,0,0,1,1,1,0,0,0,0.707739479,0.316809976,1.119870636,25000,0.2,8.00E-06,0.007,3000,230000,23000,23000,9000,9000,9000,0.26,0.26,0.26,1.50E-05,1.00E-05,1.00E-05,58876000000,62458000000,24578000000,9746100000,10288000000,10305000000,0.1035,0.2915,0.3014,1.28E-05,1.30E-05,7.87E-06
0,1,1,1,1,0,1,1,1,1,0,1,0,0,1,1,0,0,0,0,1,0,0,1,1,0,0.731569834,0.110678074,1.244371896,25000,0.2,8.00E-06,0.007,3000,230000,23000,23000,9000,9000,9000,0.26,0.26,0.26,1.50E-05,1.00E-05,1.00E-05,67923000000,67200000000,25130000000,9790800000,9838600000,9825800000,0.0851,0.2547,0.2531,1.29E-05,1.29E-05,7.42E-06
0,1,1,1,0,0,1,0,0,0,1,1,0,1,0,1,0,0,1,1,1,0,1,0,0,0,0.856564582,0.360955516,1.38854041,25000,0.2,8.00E-06,0.007,3000,230000,23000,23000,9000,9000,9000,0.26,0.26,0.26,1.50E-05,1.00E-05,1.00E-05,61524000000,59536000000,24614000000,9756100000,10350000000,10211000000,0.1078,0.2977,0.2868,1.29E-05,1.29E-05,7.83E-06
1,1,1,0,0,1,1,0,1,1,0,1,0,1,1,0,0,1,1,1,0,1,0,1,0,0,0.332562742,0.223348667,0.58291097,25000,0.2,8.00E-06,0.007,3000,230000,23000,23000,9000,9000,9000,0.26,0.26,0.26,1.50E-05,1.00E-05,1.00E-05,54088000000,51845000000,24394000000,9771300000,10825000000,10514000000,0.1242,0.3283,0.3072,1.27E-05,1.27E-05,8.25E-06
1,1,0,1,0,0,0,0,0,0,0,1,0,1,1,0,1,0,0,1,0,0,0,1,1,0,0.824177236,0.27442295,1.583453281,25000,0.2,8.00E-06,0.007,3000,230000,23000,23000,9000,9000,9000,0.26,0.26,0.26,1.50E-05,1.00E-05,1.00E-05,59706000000,58481000000,24987000000,9860900000,10109000000,10045000000,0.0974,0.2656,0.2604,1.26E-05,1.25E-05,7.49E-06
0,0,1,1,0,0,1,1,0,1,1,0,1,0,1,0,1,1,0,0,0,0,0,1,0,15,0.21280545,0.291177639,0.38641606,25000,0.2,8.00E-06,0.007,3000,230000,23000,23000,9000,9000,9000,0.26,0.26,0.26,1.50E-05,1.00E-05,1.00E-05,43177000000,33274000000,25636000000,10339000000,11687000000,11063000000,0.148,0.3086,0.3033,1.22E-05,1.11E-05,9.75E-06
1,0,1,1,0,0,0,1,1,1,0,0,1,0,1,0,0,1,0,1,1,0,1,1,0,15,0.939976384,0.131720567,1.791159479,25000,0.2,8.00E-06,0.007,3000,230000,23000,23000,9000,9000,9000,0.26,0.26,0.26,1.50E-05,1.00E-05,1.00E-05,65149000000,48017000000,25080000000,10812000000,9882000000,9858400000,0.1481,0.2396,0.2324,1.29E-05,1.19E-05,7.50E-06
1,1,1,0,1,1,0,0,0,0,0,0,1,0,1,0,0,0,1,1,1,0,1,0,0,15,0.423230185,0.266021064,0.854810247,25000,0.2,8.00E-06,0.007,3000,230000,23000,23000,9000,9000,9000,0.26,0.26,0.26,1.50E-05,1.00E-05,1.00E-05,51322000000,41170000000,24558000000,10688000000,10440000000,10431000000,0.1613,0.2631,0.2739,1.25E-05,1.15E-05,8.00E-06
0,0,1,0,0,0,0,0,0,0,0,0,1,1,1,1,1,1,0,1,0,0,0,1,0,15,0.249143469,0.319352186,0.554332057,25000,0.2,8.00E-06,0.007,3000,230000,23000,23000,9000,9000,9000,0.26,0.26,0.26,1.50E-05,1.00E-05,1.00E-05,40087000000,37165000000,24891000000,10607000000,10791000000,10984000000,0.1495,0.2662,0.2948,1.17E-05,1.12E-05,8.70E-06
1,1,1,1,0,1,1,0,0,0,0,1,1,1,0,0,0,0,1,0,1,1,1,1,0,15,0.683764635,0.148352903,1.377473402,25000,0.2,8.00E-06,0.007,3000,230000,23000,23000,9000,9000,9000,0.26,0.26,0.26,1.50E-05,1.00E-05,1.00E-05,61427000000,46790000000,25087000000,10818000000,9928000000,9922500000,0.1484,0.2375,0.2343,1.28E-05,1.17E-05,7.48E-06
1,1,1,0,1,0,1,0,0,1,1,1,0,1,0,1,1,0,0,1,0,0,0,0,1,15,0.782231733,0.248894314,1.47179898,25000,0.2,8.00E-06,0.007,3000,230000,23000,23000,9000,9000,9000,0.26,0.26,0.26,1.50E-05,1.00E-05,1.00E-05,60754000000,46044000000,24861000000,10763000000,10028000000,10047000000,0.152,0.2465,0.2492,1.28E-05,1.18E-05,7.67E-06
1,0,0,1,0,1,0,1,0,0,1,0,0,1,0,1,0,0,0,0,0,0,1,1,1,15,0.830907867,0.108300252,1.546903564,25000,0.2,8.00E-06,0.007,3000,230000,23000,23000,9000,9000,9000,0.26,0.26,0.26,1.50E-05,1.00E-05,1.00E-05,65235000000,48693000000,25067000000,10815000000,9859800000,9858400000,0.147,0.2385,0.235,1.29E-05,1.19E-05,7.52E-06
0,0,1,0,0,0,1,0,0,1,0,1,1,1,0,0,0,1,0,0,0,0,0,0,0,15,0.413516677,0.16266178,0.808580104,25000,0.2,8.00E-06,0.007,3000,230000,23000,23000,9000,9000,9000,0.26,0.26,0.26,1.50E-05,1.00E-05,1.00E-05,59838000000,45566000000,24906000000,10775000000,10054000000,10058000000,0.1561,0.2448,0.2467,1.28E-05,1.18E-05,7.63E-06
0,1,0,0,1,1,1,0,0,0,1,0,1,1,1,1,1,0,0,0,1,0,0,0,0,15,0.462517161,0.208547755,0.986126433,25000,0.2,8.00E-06,0.007,3000,230000,23000,23000,9000,9000,9000,0.26,0.26,0.26,1.50E-05,1.00E-05,1.00E-05,51613000000,43247000000,24860000000,10787000000,10183000000,10213000000,0.1575,0.2433,0.2496,1.23E-05,1.15E-05,7.65E-06
1,1,1,0,0,1,1,0,0,1,0,1,0,1,0,0,0,1,0,0,0,1,0,1,0,15,0.546821064,0.396699344,1.095975069,25000,0.2,8.00E-06,0.007,3000,230000,23000,23000,9000,9000,9000,0.26,0.26,0.26,1.50E-05,1.00E-05,1.00E-05,49586000000,39713000000,24452000000,10646000000,10659000000,10591000000,0.1698,0.2739,0.2832,1.25E-05,1.15E-05,8.20E-06
0,1,0,1,0,1,1,0,0,1,0,0,1,0,0,1,1,0,0,0,1,0,1,1,1,15,0.702813237,0.383010282,1.285304248,25000,0.2,8.00E-06,0.007,3000,230000,23000,23000,9000,9000,9000,0.26,0.26,0.26,1.50E-05,1.00E-05,1.00E-05,51288000000,43274000000,24381000000,10683000000,10386000000,10618000000,0.1603,0.2595,0.298,1.27E-05,1.18E-05,8.14E-06
1,1,0,1,0,1,0,1,1,1,1,1,0,0,1,0,0,0,0,1,0,0,0,1,1,15,0.765304966,0.261941171,1.405380531,25000,0.2,8.00E-06,0.007,3000,230000,23000,23000,9000,9000,9000,0.26,0.26,0.26,1.50E-05,1.00E-05,1.00E-05,61034000000,46260000000,24809000000,10756000000,10062000000,10084000000,0.1529,0.2495,0.2527,1.29E-05,1.19E-05,7.71E-06
0,0,0,0,1,1,0,0,1,0,0,1,0,1,0,1,0,0,1,1,0,0,0,1,0,15,0.737420618,0.199295814,1.593564712,25000,0.2,8.00E-06,0.007,3000,230000,23000,23000,9000,9000,9000,0.26,0.26,0.26,1.50E-05,1.00E-05,1.00E-05,54550000000,44606000000,25067000000,10824000000,10043000000,10032000000,0.1538,0.2361,0.2341,1.24E-05,1.16E-05,7.48E-06
1,0,0,1,0,1,1,1,0,1,1,1,1,0,0,0,1,0,0,0,0,0,1,0,1,15,0.754782588,0.283335101,1.550138404,25000,0.2,8.00E-06,0.007,3000,230000,23000,23000,9000,9000,9000,0.26,0.26,0.26,1.50E-05,1.00E-05,1.00E-05,53592000000,43921000000,24851000000,10781000000,10163000000,10174000000,0.1598,0.2448,0.2471,1.25E-05,1.16E-05,7.65E-06
0,0,0,1,0,1,1,0,1,0,0,1,0,1,1,0,1,0,0,1,1,0,1,0,1,15,0.677091983,0.302468053,1.42062751,25000,0.2,8.00E-06,0.007,3000,230000,23000,23000,9000,9000,9000,0.26,0.26,0.26,1.50E-05,1.00E-05,1.00E-05,51471000000,42368000000,24782000000,10763000000,10298000000,10266000000,0.1594,0.2521,0.2483,1.23E-05,1.15E-05,7.71E-06
0,0,1,1,0,1,1,0,0,0,0,0,1,1,1,1,1,0,0,0,0,1,0,1,1,15,0.883417783,0.196161735,1.81951776,25000,0.2,8.00E-06,0.007,3000,230000,23000,23000,9000,9000,9000,0.26,0.26,0.26,1.50E-05,1.00E-05,1.00E-05,55432000000,46074000000,25049000000,10835000000,9986200000,10030000000,0.1508,0.2341,0.2385,1.25E-05,1.17E-05,7.50E-06
1,0,1,0,1,0,1,0,1,0,1,0,1,1,0,0,0,1,1,0,1,1,0,0,0,15,0.240532869,0.370409817,0.506802008,25000,0.2,8.00E-06,0.007,3000,230000,23000,23000,9000,9000,9000,0.26,0.26,0.26,1.50E-05,1.00E-05,1.00E-05,35122000000,31680000000,25813000000,10357000000,11762000000,11410000000,0.1468,0.2923,0.2981,1.13E-05,1.07E-05,9.94E-06
1,1,1,0,0,0,0,1,1,0,1,1,1,1,1,0,0,0,1,0,0,0,0,0,0,15,0.261375417,0.349448542,0.545931957,25000,0.2,8.00E-06,0.007,3000,230000,23000,23000,9000,9000,9000,0.26,0.26,0.26,1.50E-05,1.00E-05,1.00E-05,38397000000,39315000000,25094000000,10641000000,10580000000,11197000000,0.1438,0.2445,0.3026,1.16E-05,1.13E-05,8.72E-06
1,0,1,1,1,1,1,1,1,1,0,1,1,1,1,1,1,1,0,0,0,0,1,0,1,15,0.466103328,0.108269629,1.047660594,25000,0.2,8.00E-06,0.007,3000,230000,23000,23000,9000,9000,9000,0.26,0.26,0.26,1.50E-05,1.00E-05,1.00E-05,54882000000,44599000000,25132000000,10833000000,9998300000,10002000000,0.1522,0.2334,0.2305,1.24E-05,1.15E-05,7.43E-06
0,0,1,0,0,1,0,0,1,0,1,1,0,1,0,0,0,1,0,1,0,0,1,0,1,15,0.713893269,0.320289388,1.334272013,25000,0.2,8.00E-06,0.007,3000,230000,23000,23000,9000,9000,9000,0.26,0.26,0.26,1.50E-05,1.00E-05,1.00E-05,60259000000,43112000000,24643000000,10698000000,10320000000,10210000000,0.163,0.268,0.2546,1.29E-05,1.17E-05,7.84E-06
1,0,1,0,0,0,0,0,1,1,0,0,0,1,0,0,1,0,0,0,1,1,0,0,1,15,0.53137357,0.287771012,1.091731169,25000,0.2,8.00E-06,0.007,3000,230000,23000,23000,9000,9000,9000,0.26,0.26,0.26,1.50E-05,1.00E-05,1.00E-05,51205000000,42387000000,24691000000,10743000000,10333000000,10347000000,0.1613,0.2535,0.2595,1.24E-05,1.16E-05,7.82E-06
0,1,1,0,1,0,0,1,0,1,1,0,1,1,1,0,1,1,0,1,1,1,1,0,0,15,0.725320941,0.325273001,1.612753199,25000,0.2,8.00E-06,0.007,3000,230000,23000,23000,9000,9000,9000,0.26,0.26,0.26,1.50E-05,1.00E-05,1.00E-05,53025000000,42066000000,24898000000,10770000000,10238000000,10146000000,0.1582,0.2487,0.2404,1.23E-05,1.14E-05,7.61E-06
0,1,1,1,0,1,1,0,0,1,0,0,1,0,1,0,1,0,0,1,1,1,1,1,0,15,0.719327343,0.259482889,1.318850375,25000,0.2,8.00E-06,0.007,3000,230000,23000,23000,9000,9000,9000,0.26,0.26,0.26,1.50E-05,1.00E-05,1.00E-05,60649000000,45864000000,24764000000,10747000000,10106000000,10128000000,0.1579,0.2507,0.2573,1.29E-05,1.19E-05,7.74E-06
0,1,0,1,1,1,1,0,0,0,1,0,1,1,0,1,0,0,1,1,0,0,0,0,1,15,0.682916753,0.112835335,1.283965607,25000,0.2,8.00E-06,0.007,3000,230000,23000,23000,9000,9000,9000,0.26,0.26,0.26,1.50E-05,1.00E-05,1.00E-05,64034000000,48120000000,25045000000,10809000000,9888600000,9894600000,0.1487,0.239,0.236,1.29E-05,1.19E-05,7.53E-06
0,1,1,0,1,0,1,0,1,0,0,0,1,1,0,0,1,0,1,1,1,0,1,0,0,15,0.80925922,0.116784193,1.761492094,25000,0.2,8.00E-06,0.007,3000,230000,23000,23000,9000,9000,9000,0.26,0.26,0.26,1.50E-05,1.00E-05,1.00E-05,55837000000,45534000000,25162000000,10850000000,9969800000,9969000000,0.1514,0.2327,0.2293,1.24E-05,1.16E-05,7.41E-06
1,0,1,1,0,0,0,1,1,0,1,0,1,1,0,0,1,0,1,0,0,1,1,0,1,15,0.331167598,0.221260201,0.735615754,25000,0.2,8.00E-06,0.007,3000,230000,23000,23000,9000,9000,9000,0.26,0.26,0.26,1.50E-05,1.00E-05,1.00E-05,47934000000,38686000000,24546000000,10678000000,10612000000,10474000000,0.1701,0.2678,0.262,1.22E-05,1.13E-05,7.99E-06
1,1,0,1,0,0,0,0,0,1,1,0,1,0,1,0,0,1,1,0,1,1,0,0,0,15,0.918081979,0.258223788,1.777865348,25000,0.2,8.00E-06,0.007,3000,230000,23000,23000,9000,9000,9000,0.26,0.26,0.26,1.50E-05,1.00E-05,1.00E-05,60939000000,46203000000,24932000000,10783000000,10015000000,10029000000,0.1533,0.2435,0.2443,1.28E-05,1.18E-05,7.60E-06
1,0,0,0,1,0,1,1,1,1,0,1,1,0,0,0,0,0,1,1,0,1,0,1,0,15,0.30321778,0.159544556,0.562902829,25000,0.2,8.00E-06,0.007,3000,230000,23000,23000,9000,9000,9000,0.26,0.26,0.26,1.50E-05,1.00E-05,1.00E-05,53009000000,43496000000,24480000000,10696000000,10385000000,10496000000,0.1572,0.2585,0.2872,1.27E-05,1.18E-05,8.03E-06
0,0,0,0,1,0,1,0,0,0,1,1,0,1,1,0,1,0,0,1,1,0,1,1,1,15,0.704362927,0.175427204,1.431257694,25000,0.2,8.00E-06,0.007,3000,230000,23000,23000,9000,9000,9000,0.26,0.26,0.26,1.50E-05,1.00E-05,1.00E-05,58039000000,45955000000,25027000000,10809000000,9966900000,10003000000,0.151,0.2369,0.2387,1.26E-05,1.17E-05,7.53E-06
0,0,1,1,0,0,0,0,1,1,1,0,0,1,1,1,1,1,0,1,1,0,1,0,1,15,0.266774909,0.274166934,0.573564334,25000,0.2,8.00E-06,0.007,3000,230000,23000,23000,9000,9000,9000,0.26,0.26,0.26,1.50E-05,1.00E-05,1.00E-05,45586000000,37280000000,24586000000,10614000000,10940000000,10711000000,0.1586,0.2812,0.2774,1.21E-05,1.12E-05,8.36E-06
1,1,1,0,0,1,1,0,0,0,1,1,1,1,0,1,0,1,0,1,1,0,1,1,1,15,0.348330948,0.362682411,0.729028729,25000,0.2,8.00E-06,0.007,3000,230000,23000,23000,9000,9000,9000,0.26,0.26,0.26,1.50E-05,1.00E-05,1.00E-05,45498000000,38342000000,24725000000,10636000000,10845000000,10697000000,0.153,0.2759,0.2774,1.21E-05,1.13E-05,8.35E-06
1,0,1,1,1,1,0,1,1,0,0,1,1,1,0,1,1,0,0,0,1,1,0,1,1,15,0.764221935,0.15206543,1.347491023,25000,0.2,8.00E-06,0.007,3000,230000,23000,23000,9000,9000,9000,0.26,0.26,0.26,1.50E-05,1.00E-05,1.00E-05,65334000000,49012000000,24973000000,10794000000,9889800000,9892300000,0.149,0.2419,0.2398,1.30E-05,1.20E-05,7.60E-06
0,1,1,1,1,1,1,1,0,0,1,1,0,1,0,0,0,0,1,0,0,0,0,1,0,15,0.753068381,0.201719014,1.392409499,25000,0.2,8.00E-06,0.007,3000,230000,23000,23000,9000,9000,9000,0.26,0.26,0.26,1.50E-05,1.00E-05,1.00E-05,62209000000,47300000000,24925000000,10783000000,9961000000,9968600000,0.1506,0.244,0.2431,1.29E-05,1.19E-05,7.62E-06
1,0,0,0,1,1,0,0,1,1,0,0,0,1,1,1,0,1,0,1,1,1,1,0,1,15,0.856426603,0.217553202,1.774694632,25000,0.2,8.00E-06,0.007,3000,230000,23000,23000,9000,9000,9000,0.26,0.26,0.26,1.50E-05,1.00E-05,1.00E-05,55708000000,45651000000,25091000000,10837000000,10012000000,9988000000,0.1511,0.2367,0.2319,1.24E-05,1.17E-05,7.46E-06
0,1,0,0,1,0,1,0,0,0,0,1,1,1,1,0,1,1,0,1,1,1,1,0,1,15,0.263981568,0.215371004,0.577104582,25000,0.2,8.00E-06,0.007,3000,230000,23000,23000,9000,9000,9000,0.26,0.26,0.26,1.50E-05,1.00E-05,1.00E-05,49811000000,38082000000,24637000000,10645000000,10669000000,10368000000,0.1546,0.2753,0.2546,1.22E-05,1.11E-05,8.02E-06
0,0,1,0,1,1,1,1,1,0,0,1,1,1,0,1,1,1,1,1,0,0,0,1,0,15,0.466876524,0.242552311,0.942513014,25000,0.2,8.00E-06,0.007,3000,230000,23000,23000,9000,9000,9000,0.26,0.26,0.26,1.50E-05,1.00E-05,1.00E-05,51928000000,43014000000,24675000000,10733000000,10256000000,10350000000,0.1582,0.2494,0.2664,1.25E-05,1.16E-05,7.84E-06
1,0,0,0,0,0,1,1,1,0,1,1,0,0,0,0,0,0,0,1,0,0,1,0,1,15,0.419567005,0.338124361,0.907981594,25000,0.2,8.00E-06,0.007,3000,230000,23000,23000,9000,9000,9000,0.26,0.26,0.26,1.50E-05,1.00E-05,1.00E-05,45295000000,39460000000,24540000000,10687000000,10613000000,10657000000,0.1578,0.2637,0.2779,1.21E-05,1.14E-05,8.13E-06
1,0,1,0,1,0,0,0,1,0,0,1,0,1,1,0,0,1,0,0,1,0,1,0,0,15,0.822006985,0.141271966,1.566979239,25000,0.2,8.00E-06,0.007,3000,230000,23000,23000,9000,9000,9000,0.26,0.26,0.26,1.50E-05,1.00E-05,1.00E-05,64181000000,47494000000,25042000000,10801000000,9909400000,9899900000,0.1497,0.2404,0.2353,1.29E-05,1.18E-05,7.53E-06
0,1,0,1,1,1,0,1,1,0,0,1,0,1,1,1,1,1,0,0,1,1,1,1,0,15,0.636385145,0.114445814,1.248117056,25000,0.2,8.00E-06,0.007,3000,230000,23000,23000,9000,9000,9000,0.26,0.26,0.26,1.50E-05,1.00E-05,1.00E-05,61482000000,47198000000,25046000000,10815000000,9925800000,9937600000,0.1513,0.2381,0.2367,1.28E-05,1.18E-05,7.52E-06
1,0,0,1,0,1,0,0,1,1,1,0,1,0,1,0,1,1,0,1,1,1,1,1,1,15,0.827543763,0.205324088,1.62846279,25000,0.2,8.00E-06,0.007,3000,230000,23000,23000,9000,9000,9000,0.26,0.26,0.26,1.50E-05,1.00E-05,1.00E-05,60959000000,46294000000,25001000000,10793000000,9969100000,9973700000,0.1517,0.241,0.2379,1.28E-05,1.18E-05,7.55E-06
1,1,1,0,0,0,0,0,1,0,1,0,1,1,0,1,0,1,0,0,0,1,1,0,1,15,0.581287764,0.368347223,1.23833497,25000,0.2,8.00E-06,0.007,3000,230000,23000,23000,9000,9000,9000,0.26,0.26,0.26,1.50E-05,1.00E-05,1.00E-05,49654000000,40127000000,24626000000,10704000000,10479000000,10384000000,0.1612,0.2629,0.2608,1.23E-05,1.14E-05,7.91E-06
1,0,1,1,1,1,0,1,1,0,1,1,1,0,0,1,0,1,1,0,1,1,1,0,1,15,0.24950063,0.319666691,0.527531416,25000,0.2,8.00E-06,0.007,3000,230000,23000,23000,9000,9000,9000,0.26,0.26,0.26,1.50E-05,1.00E-05,1.00E-05,44410000000,34183000000,25081000000,10489000000,11320000000,10819000000,0.1551,0.2993,0.27,1.20E-05,1.09E-05,8.90E-06
1,1,0,1,0,0,0,0,0,0,0,1,1,0,0,1,0,1,0,0,0,0,1,0,0,15,0.507240699,0.392035898,1.057758876,25000,0.2,8.00E-06,0.007,3000,230000,23000,23000,9000,9000,9000,0.26,0.26,0.26,1.50E-05,1.00E-05,1.00E-05,46219000000,39816000000,24583000000,10689000000,10608000000,10610000000,0.1595,0.2666,0.2738,1.21E-05,1.14E-05,8.12E-06
0,1,0,0,1,1,0,1,1,0,0,1,0,0,1,1,0,1,0,1,1,0,1,0,1,15,0.398761612,0.17202938,0.779501702,25000,0.2,8.00E-06,0.007,3000,230000,23000,23000,9000,9000,9000,0.26,0.26,0.26,1.50E-05,1.00E-05,1.00E-05,55665000000,42474000000,24605000000,10709000000,10346000000,10277000000,0.1695,0.262,0.2609,1.27E-05,1.16E-05,7.86E-06
1,1,1,1,0,0,0,1,0,1,1,1,1,0,0,0,0,0,1,0,1,0,0,0,1,15,0.252640121,0.323229768,0.528844403,25000,0.2,8.00E-06,0.007,3000,230000,23000,23000,9000,9000,9000,0.26,0.26,0.26,1.50E-05,1.00E-05,1.00E-05,34662000000,36061000000,24879000000,10541000000,11103000000,11496000000,0.1437,0.272,0.3122,1.13E-05,1.12E-05,9.29E-06
1,0,0,1,1,0,0,1,0,1,0,1,0,1,1,1,0,1,0,1,1,1,1,1,1,15,0.985090199,0.385201877,1.972695728,25000,0.2,8.00E-06,0.007,3000,230000,23000,23000,9000,9000,9000,0.26,0.26,0.26,1.50E-05,1.00E-05,1.00E-05,56360000000,44510000000,24837000000,10768000000,10118000000,10153000000,0.1611,0.2454,0.2506,1.26E-05,1.17E-05,7.68E-06
0,0,1,0,0,0,0,0,0,1,1,0,0,1,1,0,0,1,0,0,1,0,0,0,0,15,0.352099264,0.340854906,0.682708936,25000,0.2,8.00E-06,0.007,3000,230000,23000,23000,9000,9000,9000,0.26,0.26,0.26,1.50E-05,1.00E-05,1.00E-05,49595000000,39145000000,24663000000,10591000000,10710000000,10707000000,0.1547,0.2797,0.2934,1.25E-05,1.15E-05,8.47E-06
1,1,0,1,1,1,1,1,1,1,1,0,0,0,0,1,0,0,1,0,1,1,0,0,0,15,0.963808882,0.383005895,1.862259005,25000,0.2,8.00E-06,0.007,3000,230000,23000,23000,9000,9000,9000,0.26,0.26,0.26,1.50E-05,1.00E-05,1.00E-05,60044000000,45623000000,24871000000,10766000000,10054000000,10078000000,0.1505,0.2471,0.25,1.28E-05,1.18E-05,7.66E-06
1,0,1,1,1,1,0,0,0,1,1,0,0,0,0,1,1,1,1,1,0,1,1,1,0,15,0.649529262,0.368700457,1.466357568,25000,0.2,8.00E-06,0.007,3000,230000,23000,23000,9000,9000,9000,0.26,0.26,0.26,1.50E-05,1.00E-05,1.00E-05,50509000000,42168000000,24857000000,10770000000,10227000000,10311000000,0.1564,0.2412,0.2538,1.23E-05,1.14E-05,7.67E-06
1,1,0,1,1,1,0,1,0,0,0,0,0,1,1,0,0,0,1,1,0,1,1,1,1,15,0.588169948,0.110186651,1.082810286,25000,0.2,8.00E-06,0.007,3000,230000,23000,23000,9000,9000,9000,0.26,0.26,0.26,1.50E-05,1.00E-05,1.00E-05,64952000000,48524000000,25018000000,10803000000,9879500000,9889300000,0.1487,0.2397,0.2383,1.30E-05,1.19E-05,7.55E-06
0,1,1,1,1,1,0,1,1,0,0,0,1,0,1,1,1,1,0,0,1,1,1,0,0,15,0.79221236,0.249582866,1.72238583,25000,0.2,8.00E-06,0.007,3000,230000,23000,23000,9000,9000,9000,0.26,0.26,0.26,1.50E-05,1.00E-05,1.00E-05,53812000000,44232000000,25028000000,10819000000,10072000000,10074000000,0.1551,0.2378,0.2366,1.24E-05,1.15E-05,7.51E-06
1,1,1,0,1,0,1,1,0,1,1,0,1,1,1,1,1,0,1,1,1,1,1,1,0,15,0.659934583,0.218670207,1.391577702,25000,0.2,8.00E-06,0.007,3000,230000,23000,23000,9000,9000,9000,0.26,0.26,0.26,1.50E-05,1.00E-05,1.00E-05,54400000000,44603000000,25020000000,10816000000,10068000000,10069000000,0.1558,0.2379,0.237,1.24E-05,1.16E-05,7.52E-06
0,1,1,1,0,1,0,0,0,0,0,0,0,0,1,0,1,0,1,0,1,1,0,1,1,15,0.634585808,0.259704713,1.150734162,25000,0.2,8.00E-06,0.007,3000,230000,23000,23000,9000,9000,9000,0.26,0.26,0.26,1.50E-05,1.00E-05,1.00E-05,58511000000,45364000000,24671000000,10726000000,10167000000,10229000000,0.1544,0.2518,0.2685,1.28E-05,1.18E-05,7.83E-06
1,0,0,0,1,0,0,0,0,1,1,1,0,1,1,1,1,0,1,0,0,0,0,0,1,15,0.481959809,0.103978725,1.067461658,25000,0.2,8.00E-06,0.007,3000,230000,23000,23000,9000,9000,9000,0.26,0.26,0.26,1.50E-05,1.00E-05,1.00E-05,55520000000,44906000000,25141000000,10837000000,9988200000,9988600000,0.1517,0.2334,0.2303,1.24E-05,1.15E-05,7.43E-06
0,0,0,0,1,0,0,1,1,1,1,1,0,0,0,0,0,0,1,1,0,0,1,0,1,15,0.797848634,0.351499274,1.633645426,25000,0.2,8.00E-06,0.007,3000,230000,23000,23000,9000,9000,9000,0.26,0.26,0.26,1.50E-05,1.00E-05,1.00E-05,53998000000,44039000000,24838000000,10781000000,10173000000,10178000000,0.1545,0.2466,0.251,1.25E-05,1.16E-05,7.67E-06
1,0,0,1,0,1,0,1,0,1,1,0,1,0,1,0,0,0,1,1,1,0,0,0,1,15,0.63405,0.170793758,1.145568684,25000,0.2,8.00E-06,0.007,3000,230000,23000,23000,9000,9000,9000,0.26,0.26,0.26,1.50E-05,1.00E-05,1.00E-05,64352000000,46928000000,24894000000,10764000000,10015000000,9957300000,0.1534,0.249,0.2425,1.30E-05,1.19E-05,7.64E-06
0,0,1,1,0,0,0,1,0,1,1,1,1,1,0,0,0,0,1,0,1,1,0,1,1,15,0.320927371,0.151665483,0.605145766,25000,0.2,8.00E-06,0.007,3000,230000,23000,23000,9000,9000,9000,0.26,0.26,0.26,1.50E-05,1.00E-05,1.00E-05,54617000000,44142000000,24602000000,10719000000,10226000000,10381000000,0.1554,0.2524,0.2751,1.27E-05,1.17E-05,7.90E-06
1,1,0,0,1,1,0,1,1,0,0,1,1,0,1,0,1,0,0,1,1,0,0,0,0,15,0.406464295,0.210984831,0.803863045,25000,0.2,8.00E-06,0.007,3000,230000,23000,23000,9000,9000,9000,0.26,0.26,0.26,1.50E-05,1.00E-05,1.00E-05,55189000000,42611000000,24638000000,10715000000,10319000000,10312000000,0.1674,0.2588,0.2656,1.27E-05,1.16E-05,7.86E-06
1,1,0,1,0,0,1,0,1,1,0,1,0,0,0,0,1,0,1,0,0,1,1,1,0,15,0.246971152,0.224455052,0.538211474,25000,0.2,8.00E-06,0.007,3000,230000,23000,23000,9000,9000,9000,0.26,0.26,0.26,1.50E-05,1.00E-05,1.00E-05,48753000000,36849000000,24607000000,10606000000,10900000000,10458000000,0.1558,0.2849,0.2587,1.22E-05,1.11E-05,8.20E-06
0,0,1,0,0,0,0,0,1,1,0,0,1,1,0,1,1,0,1,1,0,1,1,1,1,15,0.379768053,0.176621582,0.724598429,25000,0.2,8.00E-06,0.007,3000,230000,23000,23000,9000,9000,9000,0.26,0.26,0.26,1.50E-05,1.00E-05,1.00E-05,56431000000,44915000000,24711000000,10742000000,10144000000,10272000000,0.1557,0.2489,0.2661,1.27E-05,1.18E-05,7.80E-06
0,1,0,0,1,0,1,1,0,1,0,1,1,0,0,0,0,1,0,0,0,1,0,1,1,15,0.85323686,0.389775627,1.700738097,25000,0.2,8.00E-06,0.007,3000,230000,23000,23000,9000,9000,9000,0.26,0.26,0.26,1.50E-05,1.00E-05,1.00E-05,58687000000,42861000000,24758000000,10724000000,10290000000,10139000000,0.1578,0.2623,0.246,1.27E-05,1.16E-05,7.74E-06
1,1,0,1,0,0,0,0,0,0,1,0,1,0,0,1,1,1,0,1,0,1,1,0,0,15,0.393650102,0.208209203,0.726066655,25000,0.2,8.00E-06,0.007,3000,230000,23000,23000,9000,9000,9000,0.26,0.26,0.26,1.50E-05,1.00E-05,1.00E-05,54876000000,43359000000,24546000000,10691000000,10328000000,10411000000,0.1571,0.2606,0.2774,1.27E-05,1.17E-05,7.99E-06
0,0,1,0,0,0,1,0,1,1,0,0,0,1,1,1,0,1,1,1,1,0,0,0,0,15,0.464148165,0.207403663,0.830026946,25000,0.2,8.00E-06,0.007,3000,230000,23000,23000,9000,9000,9000,0.26,0.26,0.26,1.50E-05,1.00E-05,1.00E-05,58030000000,45400000000,24645000000,10726000000,10180000000,10251000000,0.1564,0.2558,0.2672,1.28E-05,1.19E-05,7.86E-06
1,0,0,1,1,1,1,1,1,0,0,0,1,0,0,0,0,1,0,0,1,1,1,0,1,15,0.709483282,0.209025235,1.327109137,25000,0.2,8.00E-06,0.007,3000,230000,23000,23000,9000,9000,9000,0.26,0.26,0.26,1.50E-05,1.00E-05,1.00E-05,60674000000,46968000000,24898000000,10782000000,9988400000,10033000000,0.1515,0.2429,0.2477,1.28E-05,1.19E-05,7.64E-06
0,0,0,0,0,1,1,0,1,1,1,0,0,0,0,1,1,0,1,0,0,0,1,1,1,15,0.773509475,0.293803108,1.73970535,25000,0.2,8.00E-06,0.007,3000,230000,23000,23000,9000,9000,9000,0.26,0.26,0.26,1.50E-05,1.00E-05,1.00E-05,51615000000,43589000000,24977000000,10807000000,10060000000,10175000000,0.1543,0.2335,0.2454,1.23E-05,1.15E-05,7.55E-06
0,0,1,1,1,1,0,1,1,1,1,1,0,1,1,1,1,0,0,0,1,0,0,1,1,15,0.657665862,0.317698493,1.455382276,25000,0.2,8.00E-06,0.007,3000,230000,23000,23000,9000,9000,9000,0.26,0.26,0.26,1.50E-05,1.00E-05,1.00E-05,51808000000,42802000000,24913000000,10785000000,10177000000,10192000000,0.157,0.2411,0.2454,1.23E-05,1.14E-05,7.60E-06
1,0,0,1,1,1,0,0,0,0,1,0,1,0,0,1,1,0,0,1,1,1,0,1,0,15,0.832328031,0.114766025,1.659189021,25000,0.2,8.00E-06,0.007,3000,230000,23000,23000,9000,9000,9000,0.26,0.26,0.26,1.50E-05,1.00E-05,1.00E-05,62386000000,47311000000,25113000000,10823000000,9894800000,9890400000,0.1488,0.2364,0.232,1.28E-05,1.18E-05,7.47E-06
1,1,0,0,1,0,1,1,1,1,1,0,1,0,0,1,1,1,1,0,0,1,1,1,0,15,0.251391597,0.170818145,0.552464552,25000,0.2,8.00E-06,0.007,3000,230000,23000,23000,9000,9000,9000,0.26,0.26,0.26,1.50E-05,1.00E-05,1.00E-05,47101000000,40874000000,24649000000,10731000000,10441000000,10515000000,0.1581,0.2515,0.269,1.21E-05,1.14E-05,7.90E-06
0,0,0,1,0,1,0,0,0,0,0,0,1,0,1,0,0,0,0,0,1,1,1,1,0,15,0.22148942,0.375847062,0.423847141,25000,0.2,8.00E-06,0.007,3000,230000,23000,23000,9000,9000,9000,0.26,0.26,0.26,1.50E-05,1.00E-05,1.00E-05,37832000000,34859000000,26653000000,10386000000,11143000000,11398000000,0.1401,0.2599,0.2931,1.16E-05,1.10E-05,9.79E-06
1,0,1,1,1,0,1,1,1,1,1,0,0,0,1,1,1,0,0,1,0,1,0,1,1,15,0.464087699,0.188418382,0.947983617,25000,0.2,8.00E-06,0.007,3000,230000,23000,23000,9000,9000,9000,0.26,0.26,0.26,1.50E-05,1.00E-05,1.00E-05,54362000000,43866000000,24853000000,10774000000,10181000000,10164000000,0.1588,0.2455,0.2479,1.25E-05,1.16E-05,7.66E-06
1,0,1,0,0,0,0,1,0,0,1,1,0,0,1,0,0,1,1,1,0,1,1,0,1,15,0.55613676,0.129599892,1.028307867,25000,0.2,8.00E-06,0.007,3000,230000,23000,23000,9000,9000,9000,0.26,0.26,0.26,1.50E-05,1.00E-05,1.00E-05,62846000000,47381000000,24936000000,10785000000,9959300000,9962900000,0.1518,0.2435,0.2433,1.29E-05,1.19E-05,7.61E-06
0,0,0,0,0,1,1,1,1,0,1,0,0,0,0,1,1,1,0,0,0,1,0,0,1,15,0.633507615,0.165133349,1.183230893,25000,0.2,8.00E-06,0.007,3000,230000,23000,23000,9000,9000,9000,0.26,0.26,0.26,1.50E-05,1.00E-05,1.00E-05,61988000000,47525000000,24946000000,10793000000,9933100000,9999300000,0.1496,0.2402,0.2467,1.29E-05,1.19E-05,7.60E-06
1,0,0,1,1,1,0,0,0,0,1,1,1,0,1,1,0,0,0,1,1,1,0,0,1,15,0.568938516,0.188274824,1.024466927,25000,0.2,8.00E-06,0.007,3000,230000,23000,23000,9000,9000,9000,0.26,0.26,0.26,1.50E-05,1.00E-05,1.00E-05,62899000000,47308000000,24864000000,10770000000,10017000000,10010000000,0.1501,0.2481,0.2487,1.29E-05,1.19E-05,7.67E-06
0,1,1,1,1,0,1,1,0,0,1,1,1,0,0,1,1,1,0,0,1,0,1,1,0,15,0.626650378,0.146703594,1.10920067,25000,0.2,8.00E-06,0.007,3000,230000,23000,23000,9000,9000,9000,0.26,0.26,0.26,1.50E-05,1.00E-05,1.00E-05,64802000000,48512000000,24953000000,10790000000,9925900000,9915400000,0.1495,0.2443,0.2401,1.30E-05,1.20E-05,7.61E-06
1,1,1,1,1,1,1,0,0,1,1,1,0,0,1,0,1,1,0,0,1,1,1,1,1,15,0.924922286,0.124104816,1.763393741,25000,0.2,8.00E-06,0.007,3000,230000,23000,23000,9000,9000,9000,0.26,0.26,0.26,1.50E-05,1.00E-05,1.00E-05,65285000000,48745000000,25108000000,10823000000,9837100000,9848900000,0.1465,0.2361,0.2333,1.29E-05,1.19E-05,7.49E-06
1,0,1,1,0,0,0,0,0,0,1,1,1,0,0,0,1,1,1,1,1,1,0,0,0,15,0.895526824,0.312125785,1.826709782,25000,0.2,8.00E-06,0.007,3000,230000,23000,23000,9000,9000,9000,0.26,0.26,0.26,1.50E-05,1.00E-05,1.00E-05,53785000000,45189000000,24899000000,10800000000,10056000000,10151000000,0.1525,0.2381,0.2494,1.24E-05,1.17E-05,7.62E-06
0,1,1,1,1,1,1,1,1,0,0,1,1,0,1,1,1,1,1,0,0,1,1,1,1,15,0.376517705,0.284900274,0.848698231,25000,0.2,8.00E-06,0.007,3000,230000,23000,23000,9000,9000,9000,0.26,0.26,0.26,1.50E-05,1.00E-05,1.00E-05,49989000000,40129000000,24772000000,10719000000,10398000000,10337000000,0.1628,0.2579,0.2532,1.23E-05,1.13E-05,7.83E-06
0,0,0,1,0,0,0,1,1,1,0,1,0,1,0,0,0,0,1,0,0,0,0,0,0,15,0.219425786,0.211406349,0.430150659,25000,0.2,8.00E-06,0.007,3000,230000,23000,23000,9000,9000,9000,0.26,0.26,0.26,1.50E-05,1.00E-05,1.00E-05,53612000000,40522000000,24810000000,10640000000,10573000000,10426000000,0.1552,0.272,0.2754,1.26E-05,1.15E-05,8.19E-06
1,0,1,0,1,1,0,0,0,0,1,1,0,0,1,0,1,0,0,1,0,0,0,0,1,15,0.671823777,0.201449119,1.234378638,25000,0.2,8.00E-06,0.007,3000,230000,23000,23000,9000,9000,9000,0.26,0.26,0.26,1.50E-05,1.00E-05,1.00E-05,64232000000,46523000000,24891000000,10759000000,10024000000,9973100000,0.1515,0.2504,0.2421,1.30E-05,1.18E-05,7.65E-06
0,0,0,0,1,0,0,0,1,1,1,0,0,0,0,1,1,0,1,1,1,1,0,1,0,15,0.878444268,0.302253374,1.581471621,25000,0.2,8.00E-06,0.007,3000,230000,23000,23000,9000,9000,9000,0.26,0.26,0.26,1.50E-05,1.00E-05,1.00E-05,60514000000,46733000000,24786000000,10758000000,10048000000,10098000000,0.153,0.2493,0.2553,1.29E-05,1.19E-05,7.74E-06
0,1,1,0,1,1,0,1,1,0,1,1,0,1,0,0,1,0,1,1,1,1,1,0,0,15,0.881355935,0.251247646,1.747907292,25000,0.2,8.00E-06,0.007,3000,230000,23000,23000,9000,9000,9000,0.26,0.26,0.26,1.50E-05,1.00E-05,1.00E-05,59753000000,45432000000,24922000000,10783000000,10053000000,10047000000,0.1561,0.2453,0.2432,1.28E-05,1.17E-05,7.60E-06
0,1,0,0,1,0,0,0,1,1,0,0,0,0,1,1,1,0,0,0,1,1,1,0,1,15,0.47629465,0.127189508,0.89296446,25000,0.2,8.00E-06,0.007,3000,230000,23000,23000,9000,9000,9000,0.26,0.26,0.26,1.50E-05,1.00E-05,1.00E-05,62367000000,46869000000,24943000000,10782000000,9974700000,9972500000,0.152,0.2438,0.2415,1.29E-05,1.18E-05,7.60E-06
0,1,1,1,0,1,0,1,1,0,1,1,0,0,1,0,0,0,0,0,0,0,1,1,1,15,0.34091055,0.282794632,0.695946747,25000,0.2,8.00E-06,0.007,3000,230000,23000,23000,9000,9000,9000,0.26,0.26,0.26,1.50E-05,1.00E-05,1.00E-05,45584000000,40476000000,24531000000,10677000000,10559000000,10712000000,0.1577,0.2585,0.2912,1.22E-05,1.15E-05,8.21E-06
0,1,1,1,1,1,0,0,0,1,1,1,1,0,0,1,0,1,1,0,0,0,0,0,0,15,0.890636395,0.170232132,1.899065288,25000,0.2,8.00E-06,0.007,3000,230000,23000,23000,9000,9000,9000,0.26,0.26,0.26,1.50E-05,1.00E-05,1.00E-05,55015000000,45929000000,25125000000,10848000000,9959400000,9994300000,0.1497,0.2316,0.2331,1.24E-05,1.16E-05,7.44E-06
1,1,1,0,0,0,0,1,0,1,0,1,0,0,1,1,1,1,1,0,0,0,1,0,1,15,0.583841808,0.312032132,1.133025543,25000,0.2,8.00E-06,0.007,3000,230000,23000,23000,9000,9000,9000,0.26,0.26,0.26,1.50E-05,1.00E-05,1.00E-05,52827000000,42182000000,24505000000,10690000000,10382000000,10428000000,0.16,0.2628,0.2784,1.26E-05,1.16E-05,8.01E-06
0,1,0,1,1,1,1,1,1,0,1,1,0,0,0,0,1,1,1,0,1,1,0,1,0,15,0.218726428,0.312565924,0.455038022,25000,0.2,8.00E-06,0.007,3000,230000,23000,23000,9000,9000,9000,0.26,0.26,0.26,1.50E-05,1.00E-05,1.00E-05,41861000000,32792000000,25411000000,10409000000,11558000000,10982000000,0.1484,0.2987,0.2728,1.18E-05,1.08E-05,9.26E-06
0,1,1,0,1,1,1,0,0,1,0,1,0,1,0,0,1,1,0,1,0,0,0,1,0,15,0.602050618,0.39803382,1.263997585,25000,0.2,8.00E-06,0.007,3000,230000,23000,23000,9000,9000,9000,0.26,0.26,0.26,1.50E-05,1.00E-05,1.00E-05,45280000000,39539000000,24449000000,10687000000,10628000000,10589000000,0.1664,0.2651,0.2756,1.21E-05,1.14E-05,8.11E-06
1,1,0,0,1,1,0,1,1,1,1,0,0,1,1,0,0,0,0,1,1,1,1,1,0,15,0.410557445,0.364775184,0.763423613,25000,0.2,8.00E-06,0.007,3000,230000,23000,23000,9000,9000,9000,0.26,0.26,0.26,1.50E-05,1.00E-05,1.00E-05,46225000000,40205000000,24456000000,10605000000,10711000000,10930000000,0.1544,0.2772,0.3128,1.24E-05,1.17E-05,8.61E-06
0,1,0,1,1,0,0,0,0,0,1,0,0,0,0,0,0,1,1,0,1,1,1,0,0,15,0.842007247,0.367122232,1.622564627,25000,0.2,8.00E-06,0.007,3000,230000,23000,23000,9000,9000,9000,0.26,0.26,0.26,1.50E-05,1.00E-05,1.00E-05,56067000000,44729000000,24721000000,10744000000,10148000000,10260000000,0.156,0.248,0.2638,1.27E-05,1.18E-05,7.79E-06
1,1,1,1,1,0,1,0,1,1,0,0,0,1,0,0,1,1,1,1,1,1,0,1,0,15,0.536923842,0.183707662,1.080291855,25000,0.2,8.00E-06,0.007,3000,230000,23000,23000,9000,9000,9000,0.26,0.26,0.26,1.50E-05,1.00E-05,1.00E-05,57843000000,44999000000,24925000000,10779000000,10037000000,10063000000,0.1541,0.2425,0.2449,1.27E-05,1.17E-05,7.61E-06
1,0,1,0,1,1,0,0,0,1,0,0,1,1,0,0,0,1,1,0,0,0,1,0,1,15,0.548379491,0.365456536,1.199285451,25000,0.2,8.00E-06,0.007,3000,230000,23000,23000,9000,9000,9000,0.26,0.26,0.26,1.50E-05,1.00E-05,1.00E-05,51254000000,39750000000,24698000000,10702000000,10545000000,10289000000,0.1609,0.2664,0.2483,1.23E-05,1.13E-05,7.84E-06
1,0,0,0,1,1,1,1,0,1,0,1,1,1,1,0,0,0,0,1,0,0,0,1,1,15,0.472526298,0.158697222,0.88779865,25000,0.2,8.00E-06,0.007,3000,230000,23000,23000,9000,9000,9000,0.26,0.26,0.26,1.50E-05,1.00E-05,1.00E-05,61741000000,46589000000,24900000000,10773000000,10021000000,10039000000,0.1512,0.2452,0.2472,1.29E-05,1.18E-05,7.64E-06
0,1,0,0,0,0,1,1,0,0,1,1,0,0,1,0,0,0,0,0,1,0,0,0,1,15,0.861880539,0.34386691,1.794496376,25000,0.2,8.00E-06,0.007,3000,230000,23000,23000,9000,9000,9000,0.26,0.26,0.26,1.50E-05,1.00E-05,1.00E-05,53100000000,44435000000,24955000000,10806000000,10109000000,10142000000,0.1534,0.2383,0.2448,1.24E-05,1.16E-05,7.57E-06
0,0,0,1,1,0,0,0,0,0,0,0,1,1,0,0,1,0,1,0,0,0,1,0,1,15,0.884490353,0.191984002,1.682021331,25000,0.2,8.00E-06,0.007,3000,230000,23000,23000,9000,9000,9000,0.26,0.26,0.26,1.50E-05,1.00E-05,1.00E-05,62936000000,47479000000,25008000000,10800000000,9925900000,9938200000,0.1521,0.2398,0.2387,1.29E-05,1.19E-05,7.55E-06
0,0,0,1,0,0,0,0,0,1,0,1,1,0,1,0,1,0,0,0,0,0,1,1,0,15,0.855770784,0.171227831,1.569607619,25000,0.2,8.00E-06,0.007,3000,230000,23000,23000,9000,9000,9000,0.26,0.26,0.26,1.50E-05,1.00E-05,1.00E-05,65579000000,48446000000,25015000000,10799000000,9890900000,9893700000,0.1489,0.2409,0.2378,1.30E-05,1.19E-05,7.56E-06
1,0,1,0,0,1,1,1,1,1,1,1,1,1,0,1,0,1,0,0,1,1,0,0,0,15,0.494686997,0.287487153,0.916867488,25000,0.2,8.00E-06,0.007,3000,230000,23000,23000,9000,9000,9000,0.26,0.26,0.26,1.50E-05,1.00E-05,1.00E-05,57361000000,43044000000,24618000000,10687000000,10362000000,10293000000,0.1605,0.2676,0.2679,1.28E-05,1.17E-05,7.96E-06
1,0,0,1,0,1,0,1,0,0,1,0,1,1,0,0,0,0,1,1,1,1,0,0,0,15,0.708422212,0.232701609,1.328764048,25000,0.2,8.00E-06,0.007,3000,230000,23000,23000,9000,9000,9000,0.26,0.26,0.26,1.50E-05,1.00E-05,1.00E-05,60651000000,45854000000,24830000000,10762000000,10093000000,10076000000,0.1537,0.2505,0.2491,1.28E-05,1.18E-05,7.68E-06
0,1,0,1,1,1,0,0,0,1,1,1,1,0,1,0,0,1,0,1,1,1,0,0,1,15,0.863786346,0.369850492,1.600789049,25000,0.2,8.00E-06,0.007,3000,230000,23000,23000,9000,9000,9000,0.26,0.26,0.26,1.50E-05,1.00E-05,1.00E-05,59438000000,44276000000,24682000000,10715000000,10238000000,10193000000,0.1557,0.2593,0.2602,1.28E-05,1.18E-05,7.82E-06
1,1,0,1,1,1,1,1,1,1,0,1,0,0,0,1,0,1,0,1,0,0,0,1,0,15,0.416134274,0.178638583,0.908955554,25000,0.2,8.00E-06,0.007,3000,230000,23000,23000,9000,9000,9000,0.26,0.26,0.26,1.50E-05,1.00E-05,1.00E-05,51287000000,43163000000,24887000000,10788000000,10141000000,10227000000,0.1564,0.2391,0.2502,1.23E-05,1.15E-05,7.63E-06
0,0,1,0,1,0,1,1,0,1,0,0,1,1,0,0,0,0,1,0,1,0,1,0,0,15,0.900342171,0.333015604,1.682065568,25000,0.2,8.00E-06,0.007,3000,230000,23000,23000,9000,9000,9000,0.26,0.26,0.26,1.50E-05,1.00E-05,1.00E-05,60895000000,44671000000,24769000000,10734000000,10177000000,10095000000,0.1564,0.2575,0.2486,1.29E-05,1.18E-05,7.73E-06
0,0,0,1,0,0,1,1,0,0,1,1,0,0,1,1,0,1,1,0,1,1,0,1,1,30,0.292895998,0.207946578,0.698914946,25000,0.2,8.00E-06,0.007,3000,230000,23000,23000,9000,9000,9000,0.26,0.26,0.26,1.50E-05,1.00E-05,1.00E-05,47532000000,31685000000,24528000000,12556000000,10298000000,10644000000,0.2408,0.2275,0.259,1.26E-05,1.03E-05,8.06E-06
0,0,1,1,1,0,0,1,1,1,1,0,1,1,1,1,0,1,0,0,0,0,0,1,0,30,0.225769127,0.2719647,0.464089558,25000,0.2,8.00E-06,0.007,3000,230000,23000,23000,9000,9000,9000,0.26,0.26,0.26,1.50E-05,1.00E-05,1.00E-05,49628000000,30117000000,24740000000,12103000000,10793000000,10981000000,0.2234,0.259,0.2865,1.29E-05,1.04E-05,8.91E-06
0,1,0,1,0,0,1,0,0,0,1,0,1,0,1,1,0,0,0,0,0,0,1,1,1,30,0.621413711,0.369662924,1.391233757,25000,0.2,8.00E-06,0.007,3000,230000,23000,23000,9000,9000,9000,0.26,0.26,0.26,1.50E-05,1.00E-05,1.00E-05,52390000000,32363000000,24511000000,12730000000,10241000000,10530000000,0.2476,0.2321,0.2514,1.29E-05,1.05E-05,8.06E-06
1,0,1,1,1,1,0,0,0,1,0,0,1,1,0,0,1,0,1,1,0,0,0,0,0,30,0.569243077,0.284860791,1.387228768,25000,0.2,8.00E-06,0.007,3000,230000,23000,23000,9000,9000,9000,0.26,0.26,0.26,1.50E-05,1.00E-05,1.00E-05,51116000000,32612000000,24762000000,12771000000,10102000000,10338000000,0.2423,0.2217,0.2344,1.26E-05,1.03E-05,7.81E-06
0,1,1,0,1,0,1,1,0,1,1,0,0,0,1,1,1,0,0,1,1,1,1,0,0,30,0.40982622,0.121322744,0.821210216,25000,0.2,8.00E-06,0.007,3000,230000,23000,23000,9000,9000,9000,0.26,0.26,0.26,1.50E-05,1.00E-05,1.00E-05,64797000000,34131000000,24747000000,13134000000,9951600000,9994500000,0.2536,0.2315,0.2178,1.33E-05,1.07E-05,7.85E-06
0,0,0,0,1,1,1,1,1,1,1,0,1,0,0,1,1,1,0,1,1,1,0,1,1,30,0.220717407,0.337879267,0.535677219,25000,0.2,8.00E-06,0.007,3000,230000,23000,23000,9000,9000,9000,0.26,0.26,0.26,1.50E-05,1.00E-05,1.00E-05,37765000000,29798000000,25091000000,12007000000,10644000000,11392000000,0.2126,0.2252,0.301,1.20E-05,1.01E-05,9.06E-06
0,0,0,0,1,1,0,1,0,1,0,1,1,0,0,1,1,1,0,1,1,0,0,0,0,30,0.244935829,0.186890127,0.589973155,25000,0.2,8.00E-06,0.007,3000,230000,23000,23000,9000,9000,9000,0.26,0.26,0.26,1.50E-05,1.00E-05,1.00E-05,48641000000,31659000000,24612000000,12534000000,10310000000,10570000000,0.238,0.2303,0.2511,1.26E-05,1.02E-05,8.03E-06
1,0,0,1,1,1,1,1,1,1,1,0,1,1,1,0,0,1,1,1,0,0,1,0,0,30,0.661582266,0.30773172,1.41026966,25000,0.2,8.00E-06,0.007,3000,230000,23000,23000,9000,9000,9000,0.26,0.26,0.26,1.50E-05,1.00E-05,1.00E-05,58560000000,33602000000,24662000000,13014000000,10005000000,10226000000,0.25,0.2271,0.2366,1.31E-05,1.06E-05,7.91E-06
1,1,1,1,1,1,1,1,0,1,1,0,1,1,0,1,0,1,1,1,0,1,1,0,1,30,0.678001033,0.346537932,1.420473596,25000,0.2,8.00E-06,0.007,3000,230000,23000,23000,9000,9000,9000,0.26,0.26,0.26,1.50E-05,1.00E-05,1.00E-05,59392000000,33249000000,24638000000,12929000000,10065000000,10222000000,0.2524,0.2324,0.2352,1.31E-05,1.06E-05,7.96E-06
0,1,0,1,1,0,1,0,0,1,0,1,0,1,0,0,0,1,1,1,1,1,0,1,0,30,0.904740281,0.255231957,2.188893389,25000,0.2,8.00E-06,0.007,3000,230000,23000,23000,9000,9000,9000,0.26,0.26,0.26,1.50E-05,1.00E-05,1.00E-05,54619000000,33076000000,24926000000,12889000000,10028000000,10065000000,0.2474,0.2238,0.21,1.27E-05,1.03E-05,7.67E-06
0,1,1,0,1,0,0,0,0,0,1,1,1,0,1,1,1,0,0,0,0,1,1,1,1,30,0.728727481,0.273012166,1.649542886,25000,0.2,8.00E-06,0.007,3000,230000,23000,23000,9000,9000,9000,0.26,0.26,0.26,1.50E-05,1.00E-05,1.00E-05,56528000000,33543000000,24788000000,13003000000,9986900000,10141000000,0.2476,0.2239,0.2251,1.29E-05,1.05E-05,7.80E-06
1,0,1,0,1,1,0,1,1,0,1,0,1,0,1,1,0,0,0,0,1,1,1,0,0,30,0.945198521,0.212831571,2.185266393,25000,0.2,8.00E-06,0.007,3000,230000,23000,23000,9000,9000,9000,0.26,0.26,0.26,1.50E-05,1.00E-05,1.00E-05,56016000000,33442000000,24961000000,12979000000,9979300000,9999400000,0.2476,0.2229,0.2072,1.28E-05,1.04E-05,7.65E-06
0,1,0,0,1,0,1,0,0,1,1,1,1,0,1,0,0,0,1,1,1,0,1,0,0,30,0.971837124,0.106748337,1.960309195,25000,0.2,8.00E-06,0.007,3000,230000,23000,23000,9000,9000,9000,0.26,0.26,0.26,1.50E-05,1.00E-05,1.00E-05,66215000000,34920000000,24880000000,13331000000,9823800000,9847700000,0.2542,0.2263,0.2079,1.33E-05,1.07E-05,7.76E-06
0,1,1,1,1,0,1,1,1,0,1,1,0,0,1,1,0,0,0,0,1,0,0,0,1,30,0.694969147,0.185616637,1.729859516,25000,0.2,8.00E-06,0.007,3000,230000,23000,23000,9000,9000,9000,0.26,0.26,0.26,1.50E-05,1.00E-05,1.00E-05,54430000000,33287000000,24968000000,12940000000,9984100000,10046000000,0.2468,0.2205,0.2095,1.27E-05,1.04E-05,7.64E-06
1,0,1,0,0,1,0,1,1,1,0,1,1,1,0,1,1,1,0,1,0,1,0,0,0,30,0.250784647,0.275132942,0.519875486,25000,0.2,8.00E-06,0.007,3000,230000,23000,23000,9000,9000,9000,0.26,0.26,0.26,1.50E-05,1.00E-05,1.00E-05,44795000000,30191000000,24512000000,12162000000,10727000000,11261000000,0.2285,0.2471,0.3138,1.28E-05,1.04E-05,9.02E-06
0,0,0,1,1,1,1,0,1,0,1,0,1,0,0,0,0,1,0,1,1,0,0,0,1,30,0.836054192,0.378119704,1.707449708,25000,0.2,8.00E-06,0.007,3000,230000,23000,23000,9000,9000,9000,0.26,0.26,0.26,1.50E-05,1.00E-05,1.00E-05,58903000000,33144000000,24554000000,12907000000,10112000000,10285000000,0.2529,0.2344,0.2385,1.31E-05,1.06E-05,8.00E-06
1,0,0,1,1,1,1,1,1,1,0,0,0,0,1,0,1,1,0,0,0,1,0,1,0,30,0.403786004,0.398991121,0.827400996,25000,0.2,8.00E-06,0.007,3000,230000,23000,23000,9000,9000,9000,0.26,0.26,0.26,1.50E-05,1.00E-05,1.00E-05,45763000000,31152000000,24388000000,12395000000,10548000000,11266000000,0.2261,0.2358,0.3155,1.28E-05,1.05E-05,8.80E-06
0,0,1,1,1,0,1,0,1,1,0,0,0,1,1,1,1,1,0,0,0,0,0,1,1,30,0.84416112,0.104048081,1.941298223,25000,0.2,8.00E-06,0.007,3000,230000,23000,23000,9000,9000,9000,0.26,0.26,0.26,1.50E-05,1.00E-05,1.00E-05,57452000000,34111000000,25006000000,13160000000,9917100000,9940200000,0.2494,0.2209,0.2046,1.29E-05,1.05E-05,7.62E-06
1,1,0,1,1,0,1,1,1,0,1,1,0,0,0,1,1,0,1,0,0,0,0,1,0,30,0.549938237,0.108689769,1.253619017,25000,0.2,8.00E-06,0.007,3000,230000,23000,23000,9000,9000,9000,0.26,0.26,0.26,1.50E-05,1.00E-05,1.00E-05,57840000000,34046000000,24943000000,13141000000,9929500000,9962500000,0.2498,0.2225,0.2078,1.29E-05,1.05E-05,7.68E-06
1,0,0,1,0,1,1,0,0,0,1,0,0,1,0,0,1,1,0,1,1,1,0,0,1,30,0.464731149,0.379803435,1.048172464,25000,0.2,8.00E-06,0.007,3000,230000,23000,23000,9000,9000,9000,0.26,0.26,0.26,1.50E-05,1.00E-05,1.00E-05,49402000000,31008000000,24369000000,12391000000,10524000000,10758000000,0.2416,0.2451,0.2709,1.28E-05,1.03E-05,8.35E-06
1,1,0,0,0,0,0,1,0,0,1,0,0,0,0,0,1,0,1,1,0,0,1,1,0,30,0.814435089,0.117724599,1.733550472,25000,0.2,8.00E-06,0.007,3000,230000,23000,23000,9000,9000,9000,0.26,0.26,0.26,1.50E-05,1.00E-05,1.00E-05,63464000000,34671000000,24893000000,13278000000,9853600000,9904500000,0.2535,0.2246,0.2096,1.32E-05,1.07E-05,7.74E-06
1,0,0,1,1,1,1,1,1,0,1,0,1,1,0,1,0,1,0,1,0,0,0,0,1,30,0.52547417,0.390410649,1.106322806,25000,0.2,8.00E-06,0.007,3000,230000,23000,23000,9000,9000,9000,0.26,0.26,0.26,1.50E-05,1.00E-05,1.00E-05,53033000000,31813000000,24388000000,12582000000,10391000000,10601000000,0.244,0.2427,0.2634,1.30E-05,1.05E-05,8.27E-06
1,1,0,1,1,1,0,1,0,0,0,0,1,1,1,1,0,1,1,1,1,0,1,0,1,30,0.691821984,0.363003599,1.461098254,25000,0.2,8.00E-06,0.007,3000,230000,23000,23000,9000,9000,9000,0.26,0.26,0.26,1.50E-05,1.00E-05,1.00E-05,57659000000,32736000000,24524000000,12817000000,10157000000,10353000000,0.2562,0.2351,0.2466,1.31E-05,1.05E-05,8.04E-06
1,0,0,1,0,0,0,1,0,1,1,1,0,0,0,1,1,1,0,0,1,0,0,0,1,30,0.737965601,0.216509318,1.587867213,25000,0.2,8.00E-06,0.007,3000,230000,23000,23000,9000,9000,9000,0.26,0.26,0.26,1.50E-05,1.00E-05,1.00E-05,61083000000,33934000000,24781000000,13099000000,9957700000,10049000000,0.254,0.2272,0.2203,1.31E-05,1.06E-05,7.81E-06
0,0,0,0,0,0,1,1,0,0,1,1,0,1,0,1,1,0,0,1,0,0,0,1,1,30,0.818372383,0.367112133,1.787696039,25000,0.2,8.00E-06,0.007,3000,230000,23000,23000,9000,9000,9000,0.26,0.26,0.26,1.50E-05,1.00E-05,1.00E-05,57363000000,33479000000,24697000000,12991000000,10020000000,10214000000,0.2518,0.2259,0.2325,1.30E-05,1.06E-05,7.88E-06
0,0,1,0,1,0,1,0,0,0,0,0,0,0,1,0,1,1,0,0,1,1,1,0,1,30,0.419323978,0.395164137,0.888685833,25000,0.2,8.00E-06,0.007,3000,230000,23000,23000,9000,9000,9000,0.26,0.26,0.26,1.50E-05,1.00E-05,1.00E-05,50200000000,31051000000,24453000000,12366000000,10555000000,10884000000,0.2303,0.2487,0.2827,1.29E-05,1.04E-05,8.57E-06
1,1,0,0,0,1,0,0,1,0,1,1,1,0,1,0,1,1,1,1,0,1,1,1,0,30,0.451292611,0.272341279,0.95068369,25000,0.2,8.00E-06,0.007,3000,230000,23000,23000,9000,9000,9000,0.26,0.26,0.26,1.50E-05,1.00E-05,1.00E-05,54588000000,32709000000,24492000000,12812000000,10198000000,10461000000,0.2499,0.2332,0.2508,1.30E-05,1.06E-05,8.09E-06
1,0,0,0,0,1,1,1,1,0,1,0,0,0,0,1,0,1,0,0,0,0,1,1,0,30,0.290517243,0.399627795,0.684742941,25000,0.2,8.00E-06,0.007,3000,230000,23000,23000,9000,9000,9000,0.26,0.26,0.26,1.50E-05,1.00E-05,1.00E-05,42352000000,29779000000,24902000000,12009000000,10790000000,11168000000,0.2144,0.2438,0.2811,1.22E-05,1.01E-05,8.80E-06
0,0,1,1,0,1,1,0,0,0,1,1,1,0,1,1,0,1,0,1,1,0,0,0,0,30,0.624787827,0.398223895,1.40441553,25000,0.2,8.00E-06,0.007,3000,230000,23000,23000,9000,9000,9000,0.26,0.26,0.26,1.50E-05,1.00E-05,1.00E-05,52099000000,32466000000,24531000000,12745000000,10229000000,10534000000,0.2425,0.231,0.2523,1.28E-05,1.05E-05,8.05E-06
1,1,1,1,0,0,1,1,1,0,0,0,1,1,0,0,1,0,1,0,1,0,0,0,1,30,0.615280512,0.197594495,1.392218862,25000,0.2,8.00E-06,0.007,3000,230000,23000,23000,9000,9000,9000,0.26,0.26,0.26,1.50E-05,1.00E-05,1.00E-05,58078000000,33688000000,24833000000,13042000000,9989900000,10092000000,0.2513,0.2247,0.2177,1.30E-05,1.05E-05,7.76E-06
0,0,1,0,1,0,1,1,0,1,0,1,1,1,0,0,0,0,0,0,0,1,0,1,0,30,0.5874599,0.144239628,1.348752973,25000,0.2,8.00E-06,0.007,3000,230000,23000,23000,9000,9000,9000,0.26,0.26,0.26,1.50E-05,1.00E-05,1.00E-05,56922000000,33639000000,24921000000,13038000000,9972600000,10020000000,0.2507,0.2234,0.21,1.29E-05,1.05E-05,7.68E-06
0,0,0,1,1,0,0,1,1,1,0,0,1,0,1,0,0,1,1,1,0,1,1,1,0,30,0.337986183,0.107847808,0.831139033,25000,0.2,8.00E-06,0.007,3000,230000,23000,23000,9000,9000,9000,0.26,0.26,0.26,1.50E-05,1.00E-05,1.00E-05,54925000000,33157000000,24950000000,12902000000,10008000000,10051000000,0.2461,0.2225,0.21,1.27E-05,1.03E-05,7.66E-06
0,0,0,1,0,1,1,1,0,0,0,1,0,0,0,1,1,0,1,0,1,1,0,1,0,30,0.999728868,0.36739257,2.082981403,25000,0.2,8.00E-06,0.007,3000,230000,23000,23000,9000,9000,9000,0.26,0.26,0.26,1.50E-05,1.00E-05,1.00E-05,61500000000,33693000000,24699000000,13029000000,9996900000,10088000000,0.2504,0.2317,0.2252,1.32E-05,1.06E-05,7.88E-06
0,0,1,0,0,1,0,0,0,0,1,1,0,0,1,1,0,1,1,1,0,1,1,1,0,30,0.628852595,0.262649104,1.427120185,25000,0.2,8.00E-06,0.007,3000,230000,23000,23000,9000,9000,9000,0.26,0.26,0.26,1.50E-05,1.00E-05,1.00E-05,55485000000,33318000000,24778000000,12959000000,10035000000,10183000000,0.251,0.2246,0.223,1.29E-05,1.05E-05,7.80E-06
0,0,1,0,1,1,1,0,0,1,0,1,1,0,0,1,0,0,1,0,1,0,1,1,0,30,0.683577643,0.117245366,1.660026622,25000,0.2,8.00E-06,0.007,3000,230000,23000,23000,9000,9000,9000,0.26,0.26,0.26,1.50E-05,1.00E-05,1.00E-05,55322000000,33502000000,24998000000,12996000000,9963600000,9995800000,0.2473,0.2209,0.2059,1.27E-05,1.04E-05,7.62E-06
0,1,0,1,1,1,1,1,1,1,0,1,1,1,0,0,1,0,1,1,1,1,1,1,0,30,0.872205524,0.224865856,1.902770577,25000,0.2,8.00E-06,0.007,3000,230000,23000,23000,9000,9000,9000,0.26,0.26,0.26,1.50E-05,1.00E-05,1.00E-05,61192000000,34117000000,24840000000,13142000000,9919100000,9999300000,0.2527,0.2256,0.2153,1.31E-05,1.06E-05,7.77E-06
1,1,1,0,0,0,1,0,1,0,1,1,0,0,1,1,1,0,0,0,0,0,1,0,0,30,0.463175811,0.223177212,1.132588769,25000,0.2,8.00E-06,0.007,3000,230000,23000,23000,9000,9000,9000,0.26,0.26,0.26,1.50E-05,1.00E-05,1.00E-05,52099000000,32563000000,24802000000,12763000000,10114000000,10257000000,0.2457,0.2242,0.2247,1.26E-05,1.03E-05,7.77E-06
1,0,0,0,1,0,1,0,0,1,0,1,1,1,0,0,0,1,0,1,1,0,0,1,0,30,0.345137957,0.278683144,0.819392549,25000,0.2,8.00E-06,0.007,3000,230000,23000,23000,9000,9000,9000,0.26,0.26,0.26,1.50E-05,1.00E-05,1.00E-05,46315000000,30876000000,24438000000,12375000000,10495000000,10837000000,0.245,0.2366,0.2642,1.25E-05,1.03E-05,8.22E-06
1,0,1,0,0,1,1,1,0,1,1,0,0,0,0,1,0,1,0,0,1,0,1,1,1,30,0.402351273,0.270715135,0.946390304,25000,0.2,8.00E-06,0.007,3000,230000,23000,23000,9000,9000,9000,0.26,0.26,0.26,1.50E-05,1.00E-05,1.00E-05,51427000000,31737000000,24651000000,12538000000,10275000000,10385000000,0.2376,0.2347,0.2384,1.27E-05,1.02E-05,7.96E-06
0,0,0,1,0,1,0,1,1,0,1,0,0,1,0,1,0,1,1,1,1,0,0,0,1,30,0.566229806,0.126387121,1.40676237,25000,0.2,8.00E-06,0.007,3000,230000,23000,23000,9000,9000,9000,0.26,0.26,0.26,1.50E-05,1.00E-05,1.00E-05,55612000000,33378000000,24991000000,12960000000,9973400000,10007000000,0.2472,0.2214,0.2073,1.28E-05,1.04E-05,7.62E-06
1,1,0,0,0,0,1,0,0,0,1,0,0,1,1,1,1,1,1,0,0,0,0,0,1,30,0.711534472,0.385186656,1.542519102,25000,0.2,8.00E-06,0.007,3000,230000,23000,23000,9000,9000,9000,0.26,0.26,0.26,1.50E-05,1.00E-05,1.00E-05,53604000000,33025000000,24532000000,12889000000,10117000000,10490000000,0.2486,0.2259,0.2541,1.29E-05,1.06E-05,8.03E-06
1,1,0,1,1,0,1,1,0,1,1,0,1,1,0,0,0,1,1,0,1,1,1,0,0,30,0.941163046,0.373591337,2.12864379,25000,0.2,8.00E-06,0.007,3000,230000,23000,23000,9000,9000,9000,0.26,0.26,0.26,1.50E-05,1.00E-05,1.00E-05,56817000000,33241000000,24742000000,12936000000,10057000000,10202000000,0.2516,0.2272,0.2265,1.30E-05,1.05E-05,7.83E-06
1,0,0,0,1,1,1,1,0,0,0,1,0,0,1,0,0,1,1,0,1,0,1,0,1,30,0.513387398,0.12377288,1.178206251,25000,0.2,8.00E-06,0.007,3000,230000,23000,23000,9000,9000,9000,0.26,0.26,0.26,1.50E-05,1.00E-05,1.00E-05,56523000000,33735000000,24918000000,13063000000,9969700000,10032000000,0.2494,0.2226,0.211,1.28E-05,1.05E-05,7.69E-06
0,0,0,1,0,1,0,0,0,1,1,1,0,1,1,0,1,0,0,1,1,1,0,1,1,30,0.284422523,0.159567985,0.708168612,25000,0.2,8.00E-06,0.007,3000,230000,23000,23000,9000,9000,9000,0.26,0.26,0.26,1.50E-05,1.00E-05,1.00E-05,51430000000,32236000000,24753000000,12672000000,10166000000,10303000000,0.2422,0.227,0.2286,1.26E-05,1.03E-05,7.82E-06
1,1,1,1,0,0,0,0,1,1,1,0,1,1,1,0,1,0,1,1,1,0,0,0,0,30,0.717519556,0.157879829,1.444422731,25000,0.2,8.00E-06,0.007,3000,230000,23000,23000,9000,9000,9000,0.26,0.26,0.26,1.50E-05,1.00E-05,1.00E-05,64084000000,34569000000,24794000000,13245000000,9868000000,9970800000,0.2536,0.226,0.2185,1.33E-05,1.07E-05,7.82E-06
0,1,1,0,0,0,1,0,0,0,1,0,1,0,0,0,0,1,1,1,0,0,1,0,1,30,0.799035251,0.156844475,1.729455793,25000,0.2,8.00E-06,0.007,3000,230000,23000,23000,9000,9000,9000,0.26,0.26,0.26,1.50E-05,1.00E-05,1.00E-05,62659000000,34360000000,24877000000,13198000000,9889000000,9924200000,0.2526,0.2259,0.2097,1.31E-05,1.06E-05,7.74E-06
0,0,0,0,1,1,1,1,1,0,0,1,0,1,1,1,0,0,1,0,0,1,1,1,1,30,0.405018194,0.237944485,0.951993865,25000,0.2,8.00E-06,0.007,3000,230000,23000,23000,9000,9000,9000,0.26,0.26,0.26,1.50E-05,1.00E-05,1.00E-05,48652000000,32161000000,24592000000,12674000000,10193000000,10542000000,0.2419,0.2237,0.2517,1.26E-05,1.03E-05,7.97E-06
1,0,1,1,0,1,1,1,1,0,0,0,0,0,1,1,1,1,1,0,1,0,0,0,1,30,0.929978247,0.310298233,2.294052624,25000,0.2,8.00E-06,0.007,3000,230000,23000,23000,9000,9000,9000,0.26,0.26,0.26,1.50E-05,1.00E-05,1.00E-05,52966000000,33007000000,24881000000,12874000000,10027000000,10154000000,0.2464,0.2209,0.2185,1.27E-05,1.03E-05,7.71E-06
1,0,1,0,0,0,0,0,0,0,0,0,1,1,1,0,0,0,1,1,0,1,0,1,1,30,0.245950358,0.106031558,0.52554848,25000,0.2,8.00E-06,0.007,3000,230000,23000,23000,9000,9000,9000,0.26,0.26,0.26,1.50E-05,1.00E-05,1.00E-05,58556000000,33374000000,24639000000,12968000000,10053000000,10222000000,0.2536,0.2302,0.2338,1.31E-05,1.06E-05,7.93E-06
1,1,0,0,1,0,0,1,1,1,1,1,0,1,1,0,0,1,1,1,0,1,1,1,1,30,0.956861846,0.167484579,2.274341194,25000,0.2,8.00E-06,0.007,3000,230000,23000,23000,9000,9000,9000,0.26,0.26,0.26,1.50E-05,1.00E-05,1.00E-05,55931000000,33644000000,25000000000,13031000000,9942500000,9980900000,0.2476,0.2205,0.2063,1.28E-05,1.04E-05,7.62E-06
0,1,0,1,0,1,0,0,1,1,1,1,0,0,0,0,0,1,0,0,0,0,1,0,1,30,0.735410853,0.292179833,1.728446705,25000,0.2,8.00E-06,0.007,3000,230000,23000,23000,9000,9000,9000,0.26,0.26,0.26,1.50E-05,1.00E-05,1.00E-05,52982000000,32695000000,24802000000,12804000000,10100000000,10229000000,0.2497,0.2247,0.2219,1.27E-05,1.03E-05,7.77E-06
0,0,1,0,1,1,1,0,1,1,0,1,1,1,0,1,1,0,1,1,0,0,0,0,0,30,0.970490667,0.273370371,1.984468928,25000,0.2,8.00E-06,0.007,3000,230000,23000,23000,9000,9000,9000,0.26,0.26,0.26,1.50E-05,1.00E-05,1.00E-05,62101000000,34297000000,24742000000,13180000000,9895800000,10061000000,0.2529,0.2256,0.2253,1.32E-05,1.07E-05,7.86E-06
1,1,1,1,1,1,1,1,0,1,0,0,1,0,1,1,1,1,0,1,1,1,1,1,0,30,0.887916181,0.110755016,2.02810106,25000,0.2,8.00E-06,0.007,3000,230000,23000,23000,9000,9000,9000,0.26,0.26,0.26,1.50E-05,1.00E-05,1.00E-05,59185000000,34366000000,24997000000,13223000000,9896000000,9911400000,0.2506,0.2218,0.204,1.29E-05,1.06E-05,7.63E-06
0,0,0,0,1,0,0,0,1,1,0,0,1,1,1,0,0,0,1,0,1,0,0,0,1,30,0.974543292,0.247473254,2.311152528,25000,0.2,8.00E-06,0.007,3000,230000,23000,23000,9000,9000,9000,0.26,0.26,0.26,1.50E-05,1.00E-05,1.00E-05,55849000000,33440000000,24977000000,12977000000,9969400000,10001000000,0.248,0.2217,0.207,1.28E-05,1.04E-05,7.64E-06
0,1,0,1,0,0,0,0,1,0,1,0,0,0,1,0,1,0,0,0,1,1,1,0,0,30,0.584771231,0.297631875,1.306947844,25000,0.2,8.00E-06,0.007,3000,230000,23000,23000,9000,9000,9000,0.26,0.26,0.26,1.50E-05,1.00E-05,1.00E-05,55040000000,32964000000,24654000000,12874000000,10114000000,10324000000,0.2511,0.2282,0.2357,1.29E-05,1.05E-05,7.92E-06
0,1,0,0,1,1,0,1,1,1,1,0,1,1,0,1,1,1,1,0,0,0,1,0,1,30,0.466799568,0.368791546,1.12477511,25000,0.2,8.00E-06,0.007,3000,230000,23000,23000,9000,9000,9000,0.26,0.26,0.26,1.50E-05,1.00E-05,1.00E-05,47288000000,30813000000,24458000000,12340000000,10468000000,10679000000,0.2429,0.2388,0.2571,1.25E-05,1.02E-05,8.17E-06
1,0,0,1,0,0,0,1,0,0,0,1,1,0,0,0,0,0,1,1,0,0,1,1,0,30,0.39186521,0.200610692,0.942027046,25000,0.2,8.00E-06,0.007,3000,230000,23000,23000,9000,9000,9000,0.26,0.26,0.26,1.50E-05,1.00E-05,1.00E-05,51989000000,32417000000,24756000000,12728000000,10153000000,10301000000,0.2454,0.2263,0.2286,1.27E-05,1.03E-05,7.81E-06
1,1,1,0,0,0,1,1,1,1,0,0,0,0,0,1,0,0,1,0,1,1,1,1,1,30,0.844830815,0.280748659,1.855818702,25000,0.2,8.00E-06,0.007,3000,230000,23000,23000,9000,9000,9000,0.26,0.26,0.26,1.50E-05,1.00E-05,1.00E-05,59474000000,33982000000,24804000000,13107000000,9928500000,10072000000,0.2504,0.2242,0.2212,1.31E-05,1.06E-05,7.80E-06
1,0,1,1,0,1,1,0,0,0,0,0,1,1,0,1,0,0,1,1,1,1,0,0,1,30,0.382923249,0.24993866,0.842723936,25000,0.2,8.00E-06,0.007,3000,230000,23000,23000,9000,9000,9000,0.26,0.26,0.26,1.50E-05,1.00E-05,1.00E-05,51263000000,32376000000,24414000000,12743000000,10300000000,10715000000,0.245,0.2313,0.2695,1.29E-05,1.05E-05,8.17E-06
1,1,1,0,1,0,1,0,0,0,1,1,0,1,1,1,0,1,1,0,1,0,0,0,0,30,0.434634426,0.370395663,1.066129368,25000,0.2,8.00E-06,0.007,3000,230000,23000,23000,9000,9000,9000,0.26,0.26,0.26,1.50E-05,1.00E-05,1.00E-05,45480000000,31231000000,24507000000,12423000000,10357000000,10766000000,0.2338,0.2284,0.2658,1.24E-05,1.02E-05,8.18E-06
0,0,1,1,1,0,0,1,1,0,0,1,0,1,1,1,1,0,0,1,1,0,1,1,0,30,0.375163218,0.12076084,0.78492166,25000,0.2,8.00E-06,0.007,3000,230000,23000,23000,9000,9000,9000,0.26,0.26,0.26,1.50E-05,1.00E-05,1.00E-05,61654000000,33906000000,24743000000,13090000000,9977100000,10078000000,0.2545,0.229,0.2212,1.32E-05,1.06E-05,7.84E-06
1,0,0,1,1,0,1,1,1,0,1,1,1,0,1,0,0,0,0,1,1,0,0,1,0,30,0.822589179,0.149493165,1.993041009,25000,0.2,8.00E-06,0.007,3000,230000,23000,23000,9000,9000,9000,0.26,0.26,0.26,1.50E-05,1.00E-05,1.00E-05,55315000000,33527000000,24998000000,13004000000,9960100000,9995500000,0.2476,0.2206,0.2062,1.27E-05,1.04E-05,7.62E-06
1,1,0,1,1,0,0,0,1,1,1,1,1,0,0,0,1,0,0,0,0,0,1,1,0,30,0.885493019,0.150889977,2.182150046,25000,0.2,8.00E-06,0.007,3000,230000,23000,23000,9000,9000,9000,0.26,0.26,0.26,1.50E-05,1.00E-05,1.00E-05,55382000000,33588000000,25008000000,13019000000,9948900000,9991800000,0.2475,0.22,0.2062,1.27E-05,1.04E-05,7.62E-06
0,0,1,0,0,0,0,1,0,0,1,1,0,0,1,0,0,1,0,1,0,1,0,0,1,30,0.394208351,0.230835664,0.970313137,25000,0.2,8.00E-06,0.007,3000,230000,23000,23000,9000,9000,9000,0.26,0.26,0.26,1.50E-05,1.00E-05,1.00E-05,51155000000,31974000000,24705000000,12617000000,10220000000,10347000000,0.2447,0.2302,0.2305,1.26E-05,1.03E-05,7.86E-06
0,0,1,1,1,1,1,1,0,1,0,0,1,0,0,0,1,1,0,0,0,1,1,1,0,30,0.540609725,0.221108128,1.12148041,25000,0.2,8.00E-06,0.007,3000,230000,23000,23000,9000,9000,9000,0.26,0.26,0.26,1.50E-05,1.00E-05,1.00E-05,61268000000,33860000000,24696000000,13068000000,9983000000,10152000000,0.2502,0.2288,0.23,1.32E-05,1.06E-05,7.89E-06
0,1,1,0,1,1,1,1,1,1,1,0,1,1,1,1,0,0,0,1,1,0,1,1,0,30,0.612546526,0.355949983,1.375913346,25000,0.2,8.00E-06,0.007,3000,230000,23000,23000,9000,9000,9000,0.26,0.26,0.26,1.50E-05,1.00E-05,1.00E-05,53550000000,32471000000,24565000000,12755000000,10197000000,10417000000,0.2509,0.231,0.2464,1.29E-05,1.05E-05,8.00E-06
0,1,0,0,0,1,1,1,0,0,1,0,1,0,1,1,1,1,1,1,0,1,1,0,0,30,0.381003854,0.323755745,0.906874732,25000,0.2,8.00E-06,0.007,3000,230000,23000,23000,9000,9000,9000,0.26,0.26,0.26,1.50E-05,1.00E-05,1.00E-05,48406000000,31579000000,24615000000,12505000000,10297000000,10566000000,0.2369,0.2299,0.2517,1.26E-05,1.02E-05,8.05E-06
1,1,0,1,1,0,1,1,1,1,1,0,0,1,0,1,1,0,1,1,0,0,0,0,1,30,0.726762712,0.3454964,1.748815689,25000,0.2,8.00E-06,0.007,3000,230000,23000,23000,9000,9000,9000,0.26,0.26,0.26,1.50E-05,1.00E-05,1.00E-05,51372000000,32583000000,24771000000,12773000000,10099000000,10284000000,0.2455,0.2233,0.2282,1.26E-05,1.03E-05,7.80E-06
0,0,0,1,1,1,0,1,0,1,1,0,1,1,0,0,0,0,1,1,1,0,1,1,0,30,0.373135514,0.329154533,0.901871082,25000,0.2,8.00E-06,0.007,3000,230000,23000,23000,9000,9000,9000,0.26,0.26,0.26,1.50E-05,1.00E-05,1.00E-05,46757000000,30742000000,24497000000,12311000000,10534000000,10829000000,0.2352,0.2403,0.2663,1.25E-05,1.02E-05,8.27E-06
1,0,0,1,1,1,0,1,0,0,1,0,1,1,0,0,1,1,1,0,1,0,0,0,0,30,0.887302777,0.268129376,1.897744484,25000,0.2,8.00E-06,0.007,3000,230000,23000,23000,9000,9000,9000,0.26,0.26,0.26,1.50E-05,1.00E-05,1.00E-05,62266000000,33999000000,24779000000,13105000000,9954500000,10026000000,0.2518,0.2286,0.2191,1.32E-05,1.06E-05,7.81E-06
1,0,0,0,0,0,1,0,1,0,0,1,0,1,1,1,0,1,1,0,0,1,1,0,0,30,0.88367655,0.120896394,2.060912526,25000,0.2,8.00E-06,0.007,3000,230000,23000,23000,9000,9000,9000,0.26,0.26,0.26,1.50E-05,1.00E-05,1.00E-05,56386000000,33742000000,25008000000,13060000000,9939600000,9963900000,0.2488,0.2209,0.2047,1.28E-05,1.04E-05,7.62E-06
0,0,0,1,0,1,1,0,1,1,1,0,0,1,0,0,1,0,0,0,0,1,0,0,1,30,0.899361387,0.203719471,2.175333916,25000,0.2,8.00E-06,0.007,3000,230000,23000,23000,9000,9000,9000,0.26,0.26,0.26,1.50E-05,1.00E-05,1.00E-05,55210000000,33386000000,24975000000,12966000000,9976200000,10016000000,0.2473,0.2215,0.2078,1.27E-05,1.04E-05,7.64E-06
0,0,1,1,1,0,1,1,0,0,1,1,1,0,1,0,0,1,1,0,1,1,1,1,1,30,0.491954754,0.301501548,0.9847084,25000,0.2,8.00E-06,0.007,3000,230000,23000,23000,9000,9000,9000,0.26,0.26,0.26,1.50E-05,1.00E-05,1.00E-05,55936000000,33270000000,24507000000,12935000000,10106000000,10498000000,0.245,0.2285,0.264,1.31E-05,1.06E-05,8.13E-06
0,0,0,1,0,0,1,0,1,1,0,1,1,0,1,0,1,0,1,0,0,0,1,0,1,30,0.520355846,0.355554446,1.216416152,25000,0.2,8.00E-06,0.007,3000,230000,23000,23000,9000,9000,9000,0.26,0.26,0.26,1.50E-05,1.00E-05,1.00E-05,49020000000,31223000000,24504000000,12454000000,10394000000,10634000000,0.2476,0.237,0.2528,1.26E-05,1.03E-05,8.10E-06
1,1,0,0,1,0,0,1,0,1,0,1,0,1,1,1,0,0,0,0,1,1,1,1,0,30,0.869715699,0.178217242,1.822707843,25000,0.2,8.00E-06,0.007,3000,230000,23000,23000,9000,9000,9000,0.26,0.26,0.26,1.50E-05,1.00E-05,1.00E-05,62671000000,34450000000,24835000000,13224000000,9883000000,9964900000,0.2538,0.2254,0.2146,1.32E-05,1.07E-05,7.78E-06
0,1,0,1,0,1,0,0,0,0,0,1,1,1,0,0,0,1,0,1,0,0,1,1,0,30,0.305798494,0.116321771,0.743477744,25000,0.2,8.00E-06,0.007,3000,230000,23000,23000,9000,9000,9000,0.26,0.26,0.26,1.50E-05,1.00E-05,1.00E-05,53068000000,32762000000,24840000000,12818000000,10086000000,10205000000,0.2489,0.2236,0.2199,1.27E-05,1.03E-05,7.73E-06
1,1,1,1,1,1,1,1,0,0,1,0,1,0,1,0,0,0,0,0,1,0,0,1,0,30,0.557657932,0.381642392,1.267821087,25000,0.2,8.00E-06,0.007,3000,230000,23000,23000,9000,9000,9000,0.26,0.26,0.26,1.50E-05,1.00E-05,1.00E-05,51551000000,32465000000,24627000000,12738000000,10157000000,10447000000,0.2435,0.2269,0.2472,1.28E-05,1.04E-05,8.00E-06
0,1,1,1,1,1,0,1,0,0,0,1,1,1,0,1,1,0,0,1,0,0,1,0,1,30,0.375248945,0.341457272,0.766501812,25000,0.2,8.00E-06,0.007,3000,230000,23000,23000,9000,9000,9000,0.26,0.26,0.26,1.50E-05,1.00E-05,1.00E-05,46378000000,30759000000,24274000000,12333000000,10632000000,11162000000,0.2354,0.2452,0.3088,1.28E-05,1.05E-05,8.80E-06
1,0,1,1,1,0,1,0,1,0,0,0,0,1,0,0,0,0,0,1,0,1,1,1,0,30,0.901800429,0.387792313,1.867155941,25000,0.2,8.00E-06,0.007,3000,230000,23000,23000,9000,9000,9000,0.26,0.26,0.26,1.50E-05,1.00E-05,1.00E-05,58139000000,33450000000,24582000000,12995000000,10059000000,10311000000,0.2558,0.2286,0.2431,1.31E-05,1.06E-05,7.98E-06
0,1,0,1,1,1,0,1,1,0,0,0,1,0,0,0,0,1,1,0,0,0,0,1,0,30,0.559281363,0.204276217,1.374067551,25000,0.2,8.00E-06,0.007,3000,230000,23000,23000,9000,9000,9000,0.26,0.26,0.26,1.50E-05,1.00E-05,1.00E-05,54242000000,32817000000,24882000000,12822000000,10062000000,10126000000,0.248,0.2246,0.2149,1.27E-05,1.03E-05,7.70E-06
1,1,1,1,1,0,1,1,0,1,1,1,0,1,1,0,1,1,1,0,1,1,1,0,1,30,0.216202262,0.235041261,0.452729633,25000,0.2,8.00E-06,0.007,3000,230000,23000,23000,9000,9000,9000,0.26,0.26,0.26,1.50E-05,1.00E-05,1.00E-05,49253000000,31180000000,24769000000,12405000000,10543000000,11000000000,0.2333,0.2404,0.2926,1.29E-05,1.04E-05,8.71E-06
0,1,0,1,1,1,1,1,1,0,1,1,0,1,1,0,0,0,1,1,0,1,1,0,0,30,0.596458182,0.241836523,1.385309475,25000,0.2,8.00E-06,0.007,3000,230000,23000,23000,9000,9000,9000,0.26,0.26,0.26,1.50E-05,1.00E-05,1.00E-05,53071000000,32830000000,24807000000,12833000000,10070000000,10219000000,0.2474,0.2235,0.224,1.27E-05,1.04E-05,7.77E-06
0,1,1,1,0,1,1,0,0,0,1,0,0,1,0,0,1,1,0,0,1,1,0,1,0,30,0.905100217,0.10591398,1.896583033,25000,0.2,8.00E-06,0.007,3000,230000,23000,23000,9000,9000,9000,0.26,0.26,0.26,1.50E-05,1.00E-05,1.00E-05,64808000000,34841000000,24906000000,13319000000,9837400000,9860500000,0.2539,0.2253,0.2071,1.32E-05,1.07E-05,7.73E-06
1,1,1,0,1,0,0,1,0,1,0,0,0,1,1,0,1,0,0,1,1,0,1,0,0,30,0.224210994,0.215803389,0.556437977,25000,0.2,8.00E-06,0.007,3000,230000,23000,23000,9000,9000,9000,0.26,0.26,0.26,1.50E-05,1.00E-05,1.00E-05,46217000000,30398000000,24472000000,12207000000,10585000000,10814000000,0.2308,0.2436,0.266,1.25E-05,1.01E-05,8.31E-06
1,0,1,0,1,1,1,0,1,0,0,1,0,1,1,0,0,1,0,0,1,1,1,1,0,30,0.331346539,0.120863388,0.765326648,25000,0.2,8.00E-06,0.007,3000,230000,23000,23000,9000,9000,9000,0.26,0.26,0.26,1.50E-05,1.00E-05,1.00E-05,53436000000,32834000000,24812000000,12837000000,10075000000,10212000000,0.2492,0.2242,0.2222,1.27E-05,1.04E-05,7.76E-06
1,0,1,0,1,0,1,0,0,1,0,1,0,1,0,0,0,0,1,1,0,0,0,1,0,30,0.496911027,0.187588628,1.057381382,25000,0.2,8.00E-06,0.007,3000,230000,23000,23000,9000,9000,9000,0.26,0.26,0.26,1.50E-05,1.00E-05,1.00E-05,59195000000,33354000000,24657000000,12962000000,10044000000,10191000000,0.2559,0.2307,0.2294,1.31E-05,1.06E-05,7.91E-06
1,0,1,0,1,0,0,1,1,1,0,0,0,1,0,0,0,0,0,1,1,1,0,1,1,30,0.345507327,0.324017579,0.78366053,25000,0.2,8.00E-06,0.007,3000,230000,23000,23000,9000,9000,9000,0.26,0.26,0.26,1.50E-05,1.00E-05,1.00E-05,46836000000,30788000000,24416000000,12334000000,10517000000,10844000000,0.2404,0.2409,0.2758,1.26E-05,1.03E-05,8.43E-06
1,1,1,1,0,1,0,1,0,0,0,0,1,1,1,0,1,1,0,0,1,1,0,0,1,30,0.441697182,0.323419452,1.063366544,25000,0.2,8.00E-06,0.007,3000,230000,23000,23000,9000,9000,9000,0.26,0.26,0.26,1.50E-05,1.00E-05,1.00E-05,47166000000,31701000000,24565000000,12561000000,10294000000,10617000000,0.2409,0.2267,0.2531,1.25E-05,1.03E-05,8.04E-06
1,1,1,0,0,1,1,1,1,0,0,0,0,0,1,0,0,1,0,0,0,0,1,1,0,30,0.883545613,0.210134624,2.02925928,25000,0.2,8.00E-06,0.007,3000,230000,23000,23000,9000,9000,9000,0.26,0.26,0.26,1.50E-05,1.00E-05,1.00E-05,56969000000,33825000000,24944000000,13082000000,9947800000,10005000000,0.2489,0.2219,0.2097,1.29E-05,1.05E-05,7.67E-06
1,0,0,0,1,0,1,1,1,0,0,1,0,0,0,0,1,1,0,0,1,0,1,0,1,30,0.897788873,0.14384148,2.047472764,25000,0.2,8.00E-06,0.007,3000,230000,23000,23000,9000,9000,9000,0.26,0.26,0.26,1.50E-05,1.00E-05,1.00E-05,58507000000,34209000000,24970000000,13183000000,9916600000,9945500000,0.2505,0.2221,0.2059,1.29E-05,1.05E-05,7.65E-06
1,1,0,0,1,0,1,0,0,1,0,0,1,1,0,0,0,1,1,1,1,0,1,0,1,30,0.409740168,0.34392753,0.923005021,25000,0.2,8.00E-06,0.007,3000,230000,23000,23000,9000,9000,9000,0.26,0.26,0.26,1.50E-05,1.00E-05,1.00E-05,50246000000,31214000000,24423000000,12435000000,10503000000,10745000000,0.2426,0.2434,0.2614,1.28E-05,1.04E-05,8.27E-06
0,0,0,1,0,1,0,1,0,1,0,0,0,1,0,0,1,0,1,0,1,1,1,0,0,30,0.734198122,0.358943481,1.606179572,25000,0.2,8.00E-06,0.007,3000,230000,23000,23000,9000,9000,9000,0.26,0.26,0.26,1.50E-05,1.00E-05,1.00E-05,55105000000,32951000000,24569000000,12875000000,10138000000,10409000000,0.2519,0.2293,0.2458,1.30E-05,1.05E-05,7.99E-06
0,0,1,0,0,1,1,1,1,1,1,0,1,0,0,1,0,0,0,1,1,1,0,1,1,30,0.857378397,0.195911783,1.733784202,25000,0.2,8.00E-06,0.007,3000,230000,23000,23000,9000,9000,9000,0.26,0.26,0.26,1.50E-05,1.00E-05,1.00E-05,63790000000,34501000000,24789000000,13229000000,9866300000,9975100000,0.2545,0.2258,0.2192,1.33E-05,1.07E-05,7.82E-06
1,0,1,1,1,0,0,0,0,0,1,0,0,1,0,0,0,0,1,0,1,1,0,1,0,30,0.481926443,0.306228233,1.029511943,25000,0.2,8.00E-06,0.007,3000,230000,23000,23000,9000,9000,9000,0.26,0.26,0.26,1.50E-05,1.00E-05,1.00E-05,55007000000,32429000000,24481000000,12725000000,10215000000,10460000000,0.2444,0.2368,0.256,1.30E-05,1.05E-05,8.14E-06
1,1,0,0,1,0,0,1,0,1,1,0,1,0,1,1,1,0,1,0,0,0,1,1,1,30,0.59717264,0.292029619,1.276040598,25000,0.2,8.00E-06,0.007,3000,230000,23000,23000,9000,9000,9000,0.26,0.26,0.26,1.50E-05,1.00E-05,1.00E-05,55279000000,32948000000,24496000000,12878000000,10164000000,10501000000,0.2519,0.2307,0.2535,1.30E-05,1.06E-05,8.04E-06
1,0,0,1,0,0,0,1,1,0,0,1,0,0,1,0,0,1,0,0,0,0,1,0,1,30,0.513711865,0.320364587,1.168744531,25000,0.2,8.00E-06,0.007,3000,230000,23000,23000,9000,9000,9000,0.26,0.26,0.26,1.50E-05,1.00E-05,1.00E-05,51294000000,31904000000,24500000000,12625000000,10305000000,10551000000,0.2492,0.235,0.2517,1.28E-05,1.04E-05,8.07E-06
1,1,0,1,1,0,1,1,1,1,1,1,1,1,1,0,0,0,1,1,0,0,0,1,1,30,0.879834689,0.101613694,1.843801857,25000,0.2,8.00E-06,0.007,3000,230000,23000,23000,9000,9000,9000,0.26,0.26,0.26,1.50E-05,1.00E-05,1.00E-05,65264000000,34934000000,24912000000,13342000000,9825900000,9843000000,0.254,0.2252,0.2061,1.32E-05,1.07E-05,7.73E-06
1,0,1,1,0,0,1,0,0,1,1,1,1,1,1,0,0,1,0,0,0,1,0,0,1,30,0.729150096,0.14729938,1.755781628,25000,0.2,8.00E-06,0.007,3000,230000,23000,23000,9000,9000,9000,0.26,0.26,0.26,1.50E-05,1.00E-05,1.00E-05,54697000000,33395000000,24963000000,12973000000,9969200000,10037000000,0.2487,0.2204,0.2096,1.27E-05,1.04E-05,7.65E-06
1,1,0,0,0,0,1,0,0,1,1,1,0,1,0,0,1,1,0,0,0,1,1,0,1,30,0.35538875,0.344531023,0.797131733,25000,0.2,8.00E-06,0.007,3000,230000,23000,23000,9000,9000,9000,0.26,0.26,0.26,1.50E-05,1.00E-05,1.00E-05,49362000000,30430000000,24457000000,12216000000,10638000000,10857000000,0.2347,0.2518,0.2788,1.28E-05,1.03E-05,8.53E-06
0,0,1,0,0,0,0,1,1,1,0,1,0,1,1,1,0,0,1,1,0,1,1,1,1,30,0.427373954,0.216362313,0.931597344,25000,0.2,8.00E-06,0.007,3000,230000,23000,23000,9000,9000,9000,0.26,0.26,0.26,1.50E-05,1.00E-05,1.00E-05,56858000000,33126000000,24640000000,12904000000,10090000000,10261000000,0.25,0.2305,0.2346,1.30E-05,1.05E-05,7.93E-06
0,0,1,1,0,1,1,0,1,1,1,0,0,1,0,1,1,1,0,1,0,0,1,1,0,45,0.482468614,0.331823971,1.272037656,25000,0.2,8.00E-06,0.007,3000,230000,23000,23000,9000,9000,9000,0.26,0.26,0.26,1.50E-05,1.00E-05,1.00E-05,57161000000,27069000000,24425000000,14308000000,10072000000,10701000000,0.3124,0.222,0.2428,1.33E-05,9.45E-06,8.20E-06
0,0,1,0,1,1,1,0,0,1,1,0,1,1,1,0,1,1,0,1,0,0,1,1,1,45,0.708001685,0.191556009,1.751475449,25000,0.2,8.00E-06,0.007,3000,230000,23000,23000,9000,9000,9000,0.26,0.26,0.26,1.50E-05,1.00E-05,1.00E-05,66538000000,27750000000,24646000000,15285000000,9858000000,10003000000,0.3321,0.2232,0.197,1.35E-05,9.57E-06,8.01E-06
0,1,0,0,1,0,1,1,1,0,1,0,0,0,1,1,1,0,1,1,0,0,1,0,0,45,0.793026958,0.220699257,1.892878018,25000,0.2,8.00E-06,0.007,3000,230000,23000,23000,9000,9000,9000,0.26,0.26,0.26,1.50E-05,1.00E-05,1.00E-05,65585000000,27752000000,24594000000,15374000000,9853000000,10086000000,0.3341,0.2219,0.2032,1.36E-05,9.62E-06,8.05E-06
1,0,1,0,0,1,0,0,1,1,0,0,1,1,1,1,1,1,1,1,1,0,1,1,1,45,0.634187184,0.328975314,1.486651897,25000,0.2,8.00E-06,0.007,3000,230000,23000,23000,9000,9000,9000,0.26,0.26,0.26,1.50E-05,1.00E-05,1.00E-05,64448000000,27515000000,24471000000,15076000000,9922500000,10255000000,0.327,0.2247,0.22,1.36E-05,9.62E-06,8.16E-06
0,0,1,0,0,0,0,0,1,0,1,0,0,0,0,0,1,1,0,1,1,1,0,0,0,45,0.854576749,0.219565527,2.231353276,25000,0.2,8.00E-06,0.007,3000,230000,23000,23000,9000,9000,9000,0.26,0.26,0.26,1.50E-05,1.00E-05,1.00E-05,64852000000,27713000000,24700000000,15145000000,9867600000,10004000000,0.3289,0.2218,0.1954,1.35E-05,9.51E-06,7.96E-06
1,1,1,1,0,0,0,0,1,0,0,0,1,0,1,0,1,0,1,0,0,0,0,1,1,45,0.395775648,0.373074974,1.046097514,25000,0.2,8.00E-06,0.007,3000,230000,23000,23000,9000,9000,9000,0.26,0.26,0.26,1.50E-05,1.00E-05,1.00E-05,51412000000,26722000000,24291000000,13869000000,10183000000,11110000000,0.2926,0.2197,0.2849,1.32E-05,9.42E-06,8.48E-06
0,1,1,1,1,1,0,0,1,1,0,0,1,0,0,0,0,0,0,0,0,0,1,1,1,45,0.626146915,0.26677005,1.444296962,25000,0.2,8.00E-06,0.007,3000,230000,23000,23000,9000,9000,9000,0.26,0.26,0.26,1.50E-05,1.00E-05,1.00E-05,65901000000,27715000000,24510000000,15372000000,9848200000,10182000000,0.3322,0.2218,0.2164,1.36E-05,9.65E-06,8.13E-06
0,1,1,0,0,1,1,1,0,0,1,0,1,0,1,1,1,0,1,0,0,0,0,1,1,45,0.645280272,0.14874689,1.621803749,25000,0.2,8.00E-06,0.007,3000,230000,23000,23000,9000,9000,9000,0.26,0.26,0.26,1.50E-05,1.00E-05,1.00E-05,66552000000,27787000000,24677000000,15307000000,9849100000,9981800000,0.3317,0.2226,0.195,1.35E-05,9.55E-06,7.98E-06
1,1,0,1,0,1,0,0,1,1,1,0,0,1,0,1,1,1,0,1,0,0,0,0,1,45,0.283402566,0.163533255,0.700578751,25000,0.2,8.00E-06,0.007,3000,230000,23000,23000,9000,9000,9000,0.26,0.26,0.26,1.50E-05,1.00E-05,1.00E-05,60606000000,27200000000,24400000000,14533000000,10022000000,10554000000,0.3169,0.2245,0.2383,1.35E-05,9.52E-06,8.21E-06
1,0,0,0,0,1,0,0,1,1,1,0,0,0,1,0,0,0,1,0,1,0,0,1,1,45,0.407667986,0.356671073,1.074872543,25000,0.2,8.00E-06,0.007,3000,230000,23000,23000,9000,9000,9000,0.26,0.26,0.26,1.50E-05,1.00E-05,1.00E-05,58400000000,27012000000,24477000000,14177000000,10130000000,10670000000,0.3027,0.2266,0.2433,1.33E-05,9.42E-06,8.24E-06
0,1,0,0,1,1,1,0,0,0,0,0,1,0,1,1,1,0,0,1,1,1,0,0,1,45,0.721947215,0.31341075,1.647994907,25000,0.2,8.00E-06,0.007,3000,230000,23000,23000,9000,9000,9000,0.26,0.26,0.26,1.50E-05,1.00E-05,1.00E-05,66820000000,27585000000,24475000000,15197000000,9926600000,10192000000,0.3292,0.2274,0.2136,1.36E-05,9.64E-06,8.16E-06
0,1,1,0,0,0,0,0,0,0,1,1,1,1,1,1,1,1,0,1,1,0,1,1,0,45,0.753637268,0.144568234,1.843676063,25000,0.2,8.00E-06,0.007,3000,230000,23000,23000,9000,9000,9000,0.26,0.26,0.26,1.50E-05,1.00E-05,1.00E-05,67727000000,27909000000,24681000000,15551000000,9812600000,9911800000,0.3354,0.2223,0.1922,1.36E-05,9.60E-06,7.99E-06
1,0,0,1,0,1,0,1,0,0,0,1,1,1,0,1,0,1,0,1,1,1,1,1,1,45,0.636203281,0.242793801,1.614284271,25000,0.2,8.00E-06,0.007,3000,230000,23000,23000,9000,9000,9000,0.26,0.26,0.26,1.50E-05,1.00E-05,1.00E-05,63880000000,27531000000,24585000000,14921000000,9920700000,10204000000,0.3258,0.2228,0.2108,1.35E-05,9.51E-06,8.04E-06
1,0,0,0,0,0,0,1,1,1,0,1,1,1,1,1,1,0,0,0,0,0,0,1,0,45,0.353664087,0.271736303,0.876294767,25000,0.2,8.00E-06,0.007,3000,230000,23000,23000,9000,9000,9000,0.26,0.26,0.26,1.50E-05,1.00E-05,1.00E-05,56242000000,27096000000,24335000000,14443000000,10050000000,10819000000,0.3087,0.2197,0.2618,1.34E-05,9.54E-06,8.33E-06
1,1,1,0,0,1,1,1,1,1,0,0,1,0,0,1,0,1,0,0,1,0,1,0,1,45,0.73657826,0.105365071,1.749041219,25000,0.2,8.00E-06,0.007,3000,230000,23000,23000,9000,9000,9000,0.26,0.26,0.26,1.50E-05,1.00E-05,1.00E-05,69766000000,28011000000,24683000000,15756000000,9792200000,9838500000,0.3389,0.2234,0.1879,1.36E-05,9.64E-06,8.00E-06
0,0,0,0,1,0,0,1,0,0,1,1,1,1,0,0,1,1,1,1,0,1,0,0,0,45,0.805673884,0.246003943,1.876494076,25000,0.2,8.00E-06,0.007,3000,230000,23000,23000,9000,9000,9000,0.26,0.26,0.26,1.50E-05,1.00E-05,1.00E-05,67525000000,27826000000,24579000000,15521000000,9831400000,10043000000,0.3351,0.223,0.2028,1.36E-05,9.65E-06,8.07E-06
0,0,0,0,0,1,0,1,1,0,0,0,0,0,1,0,1,0,1,0,0,0,0,1,0,45,0.503983711,0.302377162,1.298011187,25000,0.2,8.00E-06,0.007,3000,230000,23000,23000,9000,9000,9000,0.26,0.26,0.26,1.50E-05,1.00E-05,1.00E-05,60741000000,27259000000,24493000000,14531000000,9999100000,10446000000,0.3156,0.2236,0.2297,1.34E-05,9.47E-06,8.14E-06
0,0,1,1,1,0,0,0,1,1,0,1,1,1,0,0,0,1,0,1,1,0,1,0,0,45,0.572070878,0.160986572,1.462026415,25000,0.2,8.00E-06,0.007,3000,230000,23000,23000,9000,9000,9000,0.26,0.26,0.26,1.50E-05,1.00E-05,1.00E-05,65140000000,27699000000,24670000000,15152000000,9878500000,10034000000,0.3285,0.2226,0.1973,1.35E-05,9.52E-06,7.98E-06
1,0,1,1,1,1,0,0,0,0,1,0,0,1,0,1,1,1,0,0,0,1,0,1,0,45,0.854178302,0.339257403,1.989244088,25000,0.2,8.00E-06,0.007,3000,230000,23000,23000,9000,9000,9000,0.26,0.26,0.26,1.50E-05,1.00E-05,1.00E-05,64661000000,27569000000,24484000000,15180000000,9916400000,10255000000,0.3317,0.2242,0.2151,1.36E-05,9.64E-06,8.14E-06
0,0,0,0,0,1,0,1,1,1,1,1,0,1,0,1,1,0,1,0,1,1,0,1,1,45,0.454852755,0.207224027,1.01618146,25000,0.2,8.00E-06,0.007,3000,230000,23000,23000,9000,9000,9000,0.26,0.26,0.26,1.50E-05,1.00E-05,1.00E-05,65468000000,27606000000,24412000000,15291000000,9911900000,10331000000,0.3276,0.2249,0.2267,1.36E-05,9.68E-06,8.22E-06
0,1,1,0,0,0,1,0,1,1,1,1,1,0,0,0,1,1,1,0,0,0,1,1,1,45,0.969429632,0.153400996,2.356277386,25000,0.2,8.00E-06,0.007,3000,230000,23000,23000,9000,9000,9000,0.26,0.26,0.26,1.50E-05,1.00E-05,1.00E-05,68175000000,27951000000,24693000000,15625000000,9809500000,9878700000,0.3365,0.2226,0.1896,1.36E-05,9.61E-06,7.98E-06
1,0,1,0,0,1,0,1,1,0,0,0,1,1,1,1,0,1,0,0,0,1,0,0,0,45,0.966435244,0.164165477,2.235934682,25000,0.2,8.00E-06,0.007,3000,230000,23000,23000,9000,9000,9000,0.26,0.26,0.26,1.50E-05,1.00E-05,1.00E-05,69852000000,27979000000,24644000000,15750000000,9797700000,9879900000,0.3398,0.2239,0.1908,1.37E-05,9.67E-06,8.03E-06
1,1,1,1,0,0,1,0,0,0,0,0,1,1,1,1,0,1,1,0,1,1,1,1,1,45,0.925002206,0.127367846,2.290613788,25000,0.2,8.00E-06,0.007,3000,230000,23000,23000,9000,9000,9000,0.26,0.26,0.26,1.50E-05,1.00E-05,1.00E-05,68555000000,27965000000,24713000000,15616000000,9806900000,9852400000,0.336,0.2227,0.188,1.36E-05,9.60E-06,7.97E-06
0,1,1,0,0,1,1,1,1,1,1,1,0,0,0,0,0,1,1,0,1,0,0,1,1,45,0.652228892,0.21090059,1.520820912,25000,0.2,8.00E-06,0.007,3000,230000,23000,23000,9000,9000,9000,0.26,0.26,0.26,1.50E-05,1.00E-05,1.00E-05,65795000000,27806000000,24551000000,15508000000,9840100000,10154000000,0.3337,0.2211,0.2097,1.36E-05,9.66E-06,8.09E-06
1,1,1,1,0,1,0,0,1,1,1,1,0,1,1,1,0,1,0,1,1,1,0,0,0,45,0.932295892,0.329963298,2.194881809,25000,0.2,8.00E-06,0.007,3000,230000,23000,23000,9000,9000,9000,0.26,0.26,0.26,1.50E-05,1.00E-05,1.00E-05,66848000000,27728000000,24559000000,15357000000,9867200000,10140000000,0.3334,0.2235,0.2068,1.36E-05,9.63E-06,8.09E-06
0,1,0,0,1,1,1,0,0,1,0,0,1,0,1,0,1,1,1,0,0,0,1,1,0,45,0.330390662,0.177017034,0.763047971,25000,0.2,8.00E-06,0.007,3000,230000,23000,23000,9000,9000,9000,0.26,0.26,0.26,1.50E-05,1.00E-05,1.00E-05,63622000000,27355000000,24371000000,14886000000,10009000000,10588000000,0.3259,0.2258,0.237,1.36E-05,9.61E-06,8.24E-06
1,0,0,0,0,0,1,1,1,1,0,0,1,1,1,1,0,1,0,1,1,1,0,1,1,45,0.549541711,0.118389867,1.355690227,25000,0.2,8.00E-06,0.007,3000,230000,23000,23000,9000,9000,9000,0.26,0.26,0.26,1.50E-05,1.00E-05,1.00E-05,67209000000,27848000000,24671000000,15439000000,9830700000,9952300000,0.334,0.2225,0.1943,1.36E-05,9.58E-06,7.99E-06
0,1,0,0,0,1,1,0,1,0,0,0,0,1,1,0,1,0,1,0,0,0,0,0,0,45,0.246123769,0.136826796,0.59674597,25000,0.2,8.00E-06,0.007,3000,230000,23000,23000,9000,9000,9000,0.26,0.26,0.26,1.50E-05,1.00E-05,1.00E-05,63432000000,27407000000,24479000000,14824000000,9965800000,10338000000,0.3207,0.225,0.226,1.35E-05,9.55E-06,8.16E-06
1,1,1,1,0,0,0,0,0,0,0,1,0,1,1,0,0,1,1,0,0,1,0,1,0,45,0.938151951,0.294967987,2.378947488,25000,0.2,8.00E-06,0.007,3000,230000,23000,23000,9000,9000,9000,0.26,0.26,0.26,1.50E-05,1.00E-05,1.00E-05,64770000000,27669000000,24639000000,15121000000,9872600000,10057000000,0.3276,0.2223,0.2022,1.35E-05,9.53E-06,8.01E-06
0,1,1,0,1,0,1,0,0,1,0,1,0,0,0,0,0,0,0,0,0,1,1,1,0,45,0.93693198,0.351077849,2.493616932,25000,0.2,8.00E-06,0.007,3000,230000,23000,23000,9000,9000,9000,0.26,0.26,0.26,1.50E-05,1.00E-05,1.00E-05,63981000000,27558000000,24682000000,14859000000,9916700000,10061000000,0.3228,0.2233,0.1994,1.34E-05,9.45E-06,7.96E-06
0,0,1,1,1,0,1,1,1,0,0,0,1,0,0,0,1,0,1,1,0,0,0,1,1,45,0.214066923,0.381578976,0.558495248,25000,0.2,8.00E-06,0.007,3000,230000,23000,23000,9000,9000,9000,0.26,0.26,0.26,1.50E-05,1.00E-05,1.00E-05,48604000000,25955000000,25170000000,12887000000,10506000000,11529000000,0.2673,0.2275,0.3008,1.31E-05,9.33E-06,9.15E-06
0,1,1,1,0,0,1,0,1,1,0,1,1,0,0,1,1,1,0,1,1,1,1,1,0,45,0.384385795,0.129763648,1.007107811,25000,0.2,8.00E-06,0.007,3000,230000,23000,23000,9000,9000,9000,0.26,0.26,0.26,1.50E-05,1.00E-05,1.00E-05,64732000000,27623000000,24671000000,14996000000,9894400000,10050000000,0.3258,0.223,0.1985,1.35E-05,9.49E-06,7.98E-06
0,1,1,1,1,1,1,0,1,0,0,1,0,1,1,0,0,1,0,0,0,1,1,1,0,45,0.94271468,0.287667473,2.262035178,25000,0.2,8.00E-06,0.007,3000,230000,23000,23000,9000,9000,9000,0.26,0.26,0.26,1.50E-05,1.00E-05,1.00E-05,67048000000,27753000000,24600000000,15345000000,9858600000,10061000000,0.3326,0.2238,0.2013,1.36E-05,9.60E-06,8.05E-06
0,1,1,0,1,0,0,0,1,0,0,1,0,1,1,0,1,0,0,1,0,1,1,0,0,45,0.982537226,0.350166478,2.632856135,25000,0.2,8.00E-06,0.007,3000,230000,23000,23000,9000,9000,9000,0.26,0.26,0.26,1.50E-05,1.00E-05,1.00E-05,63389000000,27537000000,24675000000,14825000000,9933100000,10117000000,0.3219,0.2232,0.201,1.34E-05,9.44E-06,7.96E-06
1,0,0,0,1,0,1,1,0,1,1,0,0,0,0,1,1,1,1,1,1,1,0,0,1,45,0.943970418,0.167259748,2.279137097,25000,0.2,8.00E-06,0.007,3000,230000,23000,23000,9000,9000,9000,0.26,0.26,0.26,1.50E-05,1.00E-05,1.00E-05,68640000000,27942000000,24678000000,15616000000,9806700000,9892000000,0.3368,0.2228,0.1913,1.36E-05,9.62E-06,7.99E-06
1,0,0,0,1,1,0,0,0,0,1,1,0,1,1,1,0,0,1,0,0,0,0,0,1,45,0.624326497,0.158535301,1.658312938,25000,0.2,8.00E-06,0.007,3000,230000,23000,23000,9000,9000,9000,0.26,0.26,0.26,1.50E-05,1.00E-05,1.00E-05,64389000000,27701000000,24734000000,15098000000,9873100000,9960900000,0.3283,0.2217,0.1917,1.34E-05,9.48E-06,7.93E-06
0,1,1,0,1,0,1,1,0,0,0,1,1,0,1,0,0,0,1,1,1,1,0,0,1,45,0.487865338,0.163794104,1.098079611,25000,0.2,8.00E-06,0.007,3000,230000,23000,23000,9000,9000,9000,0.26,0.26,0.26,1.50E-05,1.00E-05,1.00E-05,68212000000,27763000000,24524000000,15496000000,9879200000,10101000000,0.3354,0.226,0.2035,1.37E-05,9.68E-06,8.12E-06
1,0,0,1,1,1,1,1,1,0,0,0,0,1,1,1,1,0,0,0,1,0,1,1,1,45,0.757325317,0.168657235,1.837207212,25000,0.2,8.00E-06,0.007,3000,230000,23000,23000,9000,9000,9000,0.26,0.26,0.26,1.50E-05,1.00E-05,1.00E-05,67210000000,27890000000,24655000000,15538000000,9820600000,9964300000,0.3342,0.2221,0.196,1.36E-05,9.61E-06,8.01E-06
1,0,1,1,1,0,1,0,0,0,0,1,0,1,0,1,1,0,1,0,1,0,1,1,1,45,0.641708181,0.240852065,1.624016246,25000,0.2,8.00E-06,0.007,3000,230000,23000,23000,9000,9000,9000,0.26,0.26,0.26,1.50E-05,1.00E-05,1.00E-05,65160000000,27554000000,24607000000,14942000000,9917100000,10147000000,0.3258,0.2245,0.2043,1.35E-05,9.51E-06,8.03E-06
0,1,1,1,0,0,0,1,0,1,0,0,0,1,0,0,0,0,1,0,1,0,1,0,1,45,0.508157647,0.231239209,1.202440864,25000,0.2,8.00E-06,0.007,3000,230000,23000,23000,9000,9000,9000,0.26,0.26,0.26,1.50E-05,1.00E-05,1.00E-05,63528000000,27436000000,24452000000,14958000000,9957100000,10376000000,0.3287,0.2243,0.2231,1.36E-05,9.60E-06,8.17E-06
1,1,1,1,0,0,0,0,1,0,1,0,0,0,0,1,1,0,1,1,0,1,1,1,0,45,0.516288658,0.339216654,1.180180282,25000,0.2,8.00E-06,0.007,3000,230000,23000,23000,9000,9000,9000,0.26,0.26,0.26,1.50E-05,1.00E-05,1.00E-05,60782000000,27337000000,24333000000,14895000000,9992700000,10659000000,0.3188,0.2225,0.2516,1.36E-05,9.64E-06,8.32E-06
0,1,1,1,0,0,0,1,1,1,0,1,0,1,1,1,1,1,0,1,1,0,0,0,1,45,0.439281133,0.298136072,1.157267646,25000,0.2,8.00E-06,0.007,3000,230000,23000,23000,9000,9000,9000,0.26,0.26,0.26,1.50E-05,1.00E-05,1.00E-05,57596000000,27141000000,24434000000,14383000000,10079000000,10698000000,0.3108,0.2215,0.2442,1.33E-05,9.45E-06,8.19E-06
1,1,0,1,0,0,0,1,0,1,1,1,0,1,1,1,0,1,1,0,1,0,0,1,1,45,0.58893354,0.292485706,1.425678302,25000,0.2,8.00E-06,0.007,3000,230000,23000,23000,9000,9000,9000,0.26,0.26,0.26,1.50E-05,1.00E-05,1.00E-05,61349000000,27340000000,24419000000,14786000000,9994800000,10506000000,0.3224,0.2236,0.2328,1.35E-05,9.56E-06,8.18E-06
0,1,1,0,1,0,1,0,0,0,0,0,1,1,1,0,0,1,0,1,0,0,1,0,0,45,0.603450562,0.214384986,1.446379227,25000,0.2,8.00E-06,0.007,3000,230000,23000,23000,9000,9000,9000,0.26,0.26,0.26,1.50E-05,1.00E-05,1.00E-05,66654000000,27649000000,24568000000,15187000000,9888300000,10093000000,0.3302,0.2252,0.2041,1.36E-05,9.59E-06,8.07E-06
0,1,0,1,0,0,1,0,0,1,0,0,0,1,1,1,1,0,0,1,0,1,1,1,0,45,0.458988963,0.263130242,1.076718893,25000,0.2,8.00E-06,0.007,3000,230000,23000,23000,9000,9000,9000,0.26,0.26,0.26,1.50E-05,1.00E-05,1.00E-05,62808000000,27331000000,24376000000,14840000000,10040000000,10587000000,0.3205,0.2271,0.2362,1.36E-05,9.61E-06,8.25E-06
0,0,1,0,0,1,0,1,0,1,0,0,0,0,1,0,1,0,0,0,1,0,0,0,1,45,0.533937997,0.330103394,1.361574957,25000,0.2,8.00E-06,0.007,3000,230000,23000,23000,9000,9000,9000,0.26,0.26,0.26,1.50E-05,1.00E-05,1.00E-05,60636000000,27248000000,24474000000,14543000000,10021000000,10470000000,0.3145,0.2243,0.2304,1.34E-05,9.49E-06,8.16E-06
1,0,0,0,0,0,0,0,1,1,0,1,1,0,0,0,0,0,1,0,1,0,1,0,0,45,0.234844366,0.322951017,0.630688735,25000,0.2,8.00E-06,0.007,3000,230000,23000,23000,9000,9000,9000,0.26,0.26,0.26,1.50E-05,1.00E-05,1.00E-05,47481000000,26295000000,24544000000,13324000000,10362000000,11458000000,0.2743,0.2218,0.3042,1.30E-05,9.36E-06,8.83E-06
0,0,1,1,0,0,1,1,0,0,1,0,1,0,0,0,1,0,1,1,1,1,0,0,1,45,0.41237304,0.307437494,1.085707839,25000,0.2,8.00E-06,0.007,3000,230000,23000,23000,9000,9000,9000,0.26,0.26,0.26,1.50E-05,1.00E-05,1.00E-05,54732000000,26933000000,24327000000,14154000000,10131000000,10937000000,0.3065,0.2209,0.2614,1.33E-05,9.45E-06,8.30E-06
1,0,1,1,0,0,0,1,0,0,0,0,1,1,0,0,0,1,0,1,0,1,0,1,1,45,0.528619095,0.304629295,1.41470951,25000,0.2,8.00E-06,0.007,3000,230000,23000,23000,9000,9000,9000,0.26,0.26,0.26,1.50E-05,1.00E-05,1.00E-05,59553000000,27107000000,24497000000,14275000000,10044000000,10464000000,0.3156,0.2244,0.228,1.33E-05,9.40E-06,8.10E-06
1,1,0,1,0,1,0,0,1,1,0,0,1,1,0,0,1,1,0,1,1,0,0,1,0,45,0.821369604,0.191450496,1.864426687,25000,0.2,8.00E-06,0.007,3000,230000,23000,23000,9000,9000,9000,0.26,0.26,0.26,1.50E-05,1.00E-05,1.00E-05,68221000000,27861000000,24587000000,15620000000,9826200000,9986000000,0.3392,0.2239,0.197,1.36E-05,9.68E-06,8.07E-06
0,0,1,0,1,1,1,1,0,1,1,0,1,0,1,1,0,0,0,1,1,1,0,0,0,45,0.83550249,0.220481011,2.166535164,25000,0.2,8.00E-06,0.007,3000,230000,23000,23000,9000,9000,9000,0.26,0.26,0.26,1.50E-05,1.00E-05,1.00E-05,65851000000,27726000000,24697000000,15149000000,9873000000,9986000000,0.3276,0.2229,0.1951,1.35E-05,9.50E-06,7.96E-06
1,1,0,1,0,0,1,1,1,0,0,1,0,0,0,0,1,0,0,0,1,1,0,0,1,45,0.359004525,0.251433674,0.930926324,25000,0.2,8.00E-06,0.007,3000,230000,23000,23000,9000,9000,9000,0.26,0.26,0.26,1.50E-05,1.00E-05,1.00E-05,61327000000,27163000000,24491000000,14403000000,10055000000,10439000000,0.314,0.2271,0.2266,1.34E-05,9.46E-06,8.15E-06
1,1,0,0,1,0,1,1,0,0,1,0,1,0,1,0,1,0,0,1,1,0,0,0,1,45,0.547671549,0.192942616,1.447620152,25000,0.2,8.00E-06,0.007,3000,230000,23000,23000,9000,9000,9000,0.26,0.26,0.26,1.50E-05,1.00E-05,1.00E-05,63447000000,27563000000,24665000000,14899000000,9922800000,10111000000,0.3238,0.2227,0.2011,1.34E-05,9.47E-06,7.98E-06
1,0,1,1,1,0,1,1,1,1,1,1,0,1,1,0,0,1,0,1,1,0,1,0,0,45,0.730360281,0.20819431,1.62912144,25000,0.2,8.00E-06,0.007,3000,230000,23000,23000,9000,9000,9000,0.26,0.26,0.26,1.50E-05,1.00E-05,1.00E-05,68982000000,27851000000,24544000000,15639000000,9832900000,10042000000,0.3385,0.2248,0.2016,1.37E-05,9.70E-06,8.11E-06
0,0,0,0,0,0,1,1,1,1,1,0,1,1,0,1,1,0,0,1,0,0,1,1,0,45,0.988156016,0.157886661,2.182760762,25000,0.2,8.00E-06,0.007,3000,230000,23000,23000,9000,9000,9000,0.26,0.26,0.26,1.50E-05,1.00E-05,1.00E-05,69733000000,28068000000,24614000000,16013000000,9768700000,9878600000,0.344,0.2228,0.1916,1.37E-05,9.74E-06,8.06E-06
0,0,0,0,0,0,0,1,0,1,0,0,1,1,0,0,1,1,0,1,0,0,0,0,0,45,0.904164178,0.203060193,2.081993701,25000,0.2,8.00E-06,0.007,3000,230000,23000,23000,9000,9000,9000,0.26,0.26,0.26,1.50E-05,1.00E-05,1.00E-05,69756000000,27944000000,24626000000,15715000000,9792000000,9890400000,0.3403,0.2237,0.1923,1.37E-05,9.67E-06,8.05E-06
1,0,1,1,1,1,1,1,1,0,1,0,1,0,1,0,1,0,1,0,1,1,1,0,0,45,0.33657245,0.199807138,0.884974275,25000,0.2,8.00E-06,0.007,3000,230000,23000,23000,9000,9000,9000,0.26,0.26,0.26,1.50E-05,1.00E-05,1.00E-05,57914000000,27160000000,24457000000,14426000000,10039000000,10566000000,0.3162,0.2211,0.2353,1.33E-05,9.47E-06,8.15E-06
0,0,1,1,0,1,0,1,0,0,1,1,0,1,1,0,1,0,0,1,1,1,0,1,1,45,0.86347977,0.318446286,2.100848736,25000,0.2,8.00E-06,0.007,3000,230000,23000,23000,9000,9000,9000,0.26,0.26,0.26,1.50E-05,1.00E-05,1.00E-05,64769000000,27603000000,24554000000,15107000000,9896000000,10209000000,0.3286,0.2232,0.2108,1.35E-05,9.57E-06,8.08E-06
0,1,1,0,0,1,0,0,1,0,0,1,0,1,1,1,1,0,1,0,0,0,0,0,0,45,0.41059078,0.123489102,1.029668729,25000,0.2,8.00E-06,0.007,3000,230000,23000,23000,9000,9000,9000,0.26,0.26,0.26,1.50E-05,1.00E-05,1.00E-05,65469000000,27687000000,24629000000,15162000000,9873200000,10080000000,0.3289,0.2227,0.2025,1.35E-05,9.54E-06,8.02E-06
1,1,1,0,1,1,0,1,1,0,0,0,0,0,0,1,0,1,0,1,1,0,1,1,0,45,0.635345593,0.213084168,1.625640965,25000,0.2,8.00E-06,0.007,3000,230000,23000,23000,9000,9000,9000,0.26,0.26,0.26,1.50E-05,1.00E-05,1.00E-05,64184000000,27603000000,24629000000,15018000000,9898100000,10106000000,0.3266,0.2227,0.2039,1.35E-05,9.51E-06,8.01E-06
0,1,0,1,1,1,0,0,1,0,0,0,0,1,1,0,1,1,0,0,0,1,1,0,0,45,0.239273844,0.117844118,0.616865465,25000,0.2,8.00E-06,0.007,3000,230000,23000,23000,9000,9000,9000,0.26,0.26,0.26,1.50E-05,1.00E-05,1.00E-05,61952000000,27358000000,24540000000,14661000000,9976800000,10352000000,0.3206,0.2235,0.2185,1.34E-05,9.48E-06,8.08E-06
0,1,1,0,1,0,0,1,1,0,1,1,1,0,1,1,1,1,1,0,0,0,0,0,0,45,0.943863791,0.329450895,2.153655315,25000,0.2,8.00E-06,0.007,3000,230000,23000,23000,9000,9000,9000,0.26,0.26,0.26,1.50E-05,1.00E-05,1.00E-05,65698000000,27753000000,24509000000,15471000000,9847200000,10182000000,0.334,0.2217,0.2139,1.36E-05,9.68E-06,8.13E-06
1,0,0,0,0,0,1,1,1,1,1,0,1,0,1,0,1,0,0,0,1,1,1,0,1,45,0.724837698,0.2232174,1.717649817,25000,0.2,8.00E-06,0.007,3000,230000,23000,23000,9000,9000,9000,0.26,0.26,0.26,1.50E-05,1.00E-05,1.00E-05,65100000000,27736000000,24562000000,15381000000,9848400000,10108000000,0.3334,0.2215,0.2075,1.36E-05,9.63E-06,8.08E-06
0,0,1,0,0,0,0,0,0,0,0,1,1,1,0,0,0,0,0,0,1,1,0,1,0,45,0.357731029,0.384511575,0.879594469,25000,0.2,8.00E-06,0.007,3000,230000,23000,23000,9000,9000,9000,0.26,0.26,0.26,1.50E-05,1.00E-05,1.00E-05,52933000000,26850000000,24510000000,14126000000,10141000000,11184000000,0.2971,0.2165,0.2901,1.33E-05,9.51E-06,8.62E-06
1,1,1,0,1,0,0,0,0,1,0,0,0,0,1,1,1,1,1,1,0,0,0,0,1,45,0.240802006,0.167098809,0.64147761,25000,0.2,8.00E-06,0.007,3000,230000,23000,23000,9000,9000,9000,0.26,0.26,0.26,1.50E-05,1.00E-05,1.00E-05,57206000000,27289000000,24504000000,14523000000,9970700000,10510000000,0.3075,0.2182,0.2399,1.33E-05,9.44E-06,8.14E-06
0,1,0,1,0,0,0,1,0,0,0,0,1,0,1,1,0,1,0,1,1,1,0,1,1,45,0.867687069,0.244503288,2.097191994,25000,0.2,8.00E-06,0.007,3000,230000,23000,23000,9000,9000,9000,0.26,0.26,0.26,1.50E-05,1.00E-05,1.00E-05,67841000000,27748000000,24612000000,15309000000,9868000000,10054000000,0.3326,0.2247,0.199,1.36E-05,9.58E-06,8.04E-06
1,0,0,0,1,0,0,1,0,1,1,1,0,0,1,0,1,1,0,0,0,0,1,1,1,45,0.629588842,0.126005724,1.420036367,25000,0.2,8.00E-06,0.007,3000,230000,23000,23000,9000,9000,9000,0.26,0.26,0.26,1.50E-05,1.00E-05,1.00E-05,69937000000,28016000000,24607000000,15870000000,9792300000,9925400000,0.3398,0.2235,0.1949,1.37E-05,9.70E-06,8.06E-06
1,0,1,1,1,1,1,0,1,0,1,1,1,1,1,1,0,0,0,0,0,0,0,1,0,45,0.323088042,0.371301129,0.716115296,25000,0.2,8.00E-06,0.007,3000,230000,23000,23000,9000,9000,9000,0.26,0.26,0.26,1.50E-05,1.00E-05,1.00E-05,49610000000,26573000000,24527000000,13996000000,10221000000,11548000000,0.2893,0.2164,0.3187,1.34E-05,9.64E-06,9.02E-06
1,0,1,0,1,1,0,0,1,0,0,1,1,0,1,0,1,1,0,1,0,0,1,0,1,45,0.252850253,0.193785728,0.600299709,25000,0.2,8.00E-06,0.007,3000,230000,23000,23000,9000,9000,9000,0.26,0.26,0.26,1.50E-05,1.00E-05,1.00E-05,59903000000,26708000000,24211000000,14024000000,10279000000,10935000000,0.3018,0.2388,0.2623,1.35E-05,9.53E-06,8.48E-06
0,0,0,1,0,1,1,1,0,0,0,1,0,1,0,0,0,0,1,1,1,1,0,1,1,45,0.294389098,0.240590589,0.775954055,25000,0.2,8.00E-06,0.007,3000,230000,23000,23000,9000,9000,9000,0.26,0.26,0.26,1.50E-05,1.00E-05,1.00E-05,55123000000,26969000000,24375000000,14165000000,10120000000,10813000000,0.3015,0.2219,0.2583,1.33E-05,9.44E-06,8.30E-06
0,0,1,1,1,0,1,0,1,0,1,0,0,0,0,0,1,1,0,1,0,1,0,1,1,45,0.427637758,0.11877244,1.025916238,25000,0.2,8.00E-06,0.007,3000,230000,23000,23000,9000,9000,9000,0.26,0.26,0.26,1.50E-05,1.00E-05,1.00E-05,66032000000,27708000000,24604000000,15292000000,9866000000,10054000000,0.3349,0.2232,0.2,1.36E-05,9.60E-06,8.04E-06
0,1,0,0,0,0,1,0,0,0,0,1,0,1,0,0,1,0,0,0,1,1,0,1,1,45,0.616462591,0.104648855,1.568918078,25000,0.2,8.00E-06,0.007,3000,230000,23000,23000,9000,9000,9000,0.26,0.26,0.26,1.50E-05,1.00E-05,1.00E-05,67936000000,27878000000,24724000000,15423000000,9828000000,9868400000,0.3333,0.223,0.1885,1.36E-05,9.55E-06,7.95E-06
0,0,1,1,0,0,0,1,1,1,0,0,0,0,0,0,0,0,1,1,1,0,1,0,0,45,0.758184677,0.320387545,1.909276626,25000,0.2,8.00E-06,0.007,3000,230000,23000,23000,9000,9000,9000,0.26,0.26,0.26,1.50E-05,1.00E-05,1.00E-05,63715000000,27563000000,24586000000,14992000000,9910400000,10182000000,0.325,0.2227,0.2095,1.35E-05,9.53E-06,8.05E-06
0,1,1,1,1,0,1,0,1,1,0,0,0,1,0,1,0,0,0,1,0,0,1,0,0,45,0.952436607,0.333633643,2.275012691,25000,0.2,8.00E-06,0.007,3000,230000,23000,23000,9000,9000,9000,0.26,0.26,0.26,1.50E-05,1.00E-05,1.00E-05,66327000000,27696000000,24564000000,15259000000,9872400000,10147000000,0.3304,0.2234,0.2081,1.36E-05,9.59E-06,8.08E-06
0,0,0,0,1,0,0,1,1,1,0,1,0,1,1,0,0,0,1,0,0,0,1,1,0,45,0.326564344,0.242194219,0.741363901,25000,0.2,8.00E-06,0.007,3000,230000,23000,23000,9000,9000,9000,0.26,0.26,0.26,1.50E-05,1.00E-05,1.00E-05,60887000000,27080000000,24308000000,14553000000,10094000000,10735000000,0.3146,0.2284,0.256,1.36E-05,9.62E-06,8.40E-06
0,1,1,0,0,0,0,1,1,1,1,1,1,0,1,1,0,1,1,0,0,1,1,0,0,45,0.202633873,0.20940135,0.447794133,25000,0.2,8.00E-06,0.007,3000,230000,23000,23000,9000,9000,9000,0.26,0.26,0.26,1.50E-05,1.00E-05,1.00E-05,54784000000,26628000000,24327000000,14079000000,10334000000,11444000000,0.2929,0.2306,0.3021,1.35E-05,9.64E-06,8.84E-06
1,1,1,1,0,1,1,0,0,1,0,0,1,0,0,1,0,0,0,1,1,0,1,0,1,45,0.95572107,0.110789491,2.173402787,25000,0.2,8.00E-06,0.007,3000,230000,23000,23000,9000,9000,9000,0.26,0.26,0.26,1.50E-05,1.00E-05,1.00E-05,70933000000,28112000000,24657000000,16019000000,9767900000,9818400000,0.3436,0.2234,0.1873,1.37E-05,9.71E-06,8.03E-06
1,1,1,1,1,0,1,0,0,0,1,0,0,0,1,0,0,0,1,1,1,1,0,1,1,45,0.511540118,0.204752909,1.292733802,25000,0.2,8.00E-06,0.007,3000,230000,23000,23000,9000,9000,9000,0.26,0.26,0.26,1.50E-05,1.00E-05,1.00E-05,64025000000,27598000000,24606000000,15034000000,9889000000,10136000000,0.327,0.2218,0.2076,1.35E-05,9.53E-06,8.03E-06
1,0,0,0,1,0,0,0,1,0,1,0,1,0,0,1,0,0,0,1,1,1,1,0,1,45,0.357219732,0.128208768,0.912908484,25000,0.2,8.00E-06,0.007,3000,230000,23000,23000,9000,9000,9000,0.26,0.26,0.26,1.50E-05,1.00E-05,1.00E-05,64461000000,27618000000,24637000000,15024000000,9894600000,10089000000,0.3258,0.2227,0.2031,1.35E-05,9.51E-06,8.01E-06
1,0,0,1,1,1,0,1,0,0,0,0,0,0,0,0,0,0,0,1,0,0,1,0,1,45,0.747382361,0.336391848,1.773915823,25000,0.2,8.00E-06,0.007,3000,230000,23000,23000,9000,9000,9000,0.26,0.26,0.26,1.50E-05,1.00E-05,1.00E-05,65642000000,27551000000,24502000000,15091000000,9918000000,10237000000,0.3288,0.2253,0.2149,1.36E-05,9.60E-06,8.13E-06
1,0,1,0,0,0,0,1,0,1,1,0,1,0,1,0,1,1,1,0,0,0,0,1,0,45,0.965345474,0.244618443,2.359439455,25000,0.2,8.00E-06,0.007,3000,230000,23000,23000,9000,9000,9000,0.26,0.26,0.26,1.50E-05,1.00E-05,1.00E-05,67043000000,27771000000,24643000000,15321000000,9859500000,10009000000,0.3323,0.2236,0.1968,1.36E-05,9.57E-06,8.01E-06
0,0,0,0,0,1,0,1,1,1,0,1,0,0,1,0,0,0,1,0,1,1,0,0,0,45,0.999136258,0.367450077,2.407892804,25000,0.2,8.00E-06,0.007,3000,230000,23000,23000,9000,9000,9000,0.26,0.26,0.26,1.50E-05,1.00E-05,1.00E-05,64319000000,27645000000,24552000000,15201000000,9871200000,10186000000,0.3303,0.2215,0.2116,1.35E-05,9.60E-06,8.09E-06
0,1,0,1,0,1,1,1,1,1,1,1,0,0,0,0,0,0,1,0,1,1,0,1,0,45,0.81040356,0.333725079,2.176178215,25000,0.2,8.00E-06,0.007,3000,230000,23000,23000,9000,9000,9000,0.26,0.26,0.26,1.50E-05,1.00E-05,1.00E-05,61836000000,27480000000,24650000000,14765000000,9936600000,10135000000,0.3197,0.2226,0.2043,1.33E-05,9.45E-06,7.99E-06
0,0,0,0,0,0,0,1,0,0,0,1,1,0,0,1,0,0,1,1,1,1,1,1,1,45,0.696248753,0.194621915,1.660356089,25000,0.2,8.00E-06,0.007,3000,230000,23000,23000,9000,9000,9000,0.26,0.26,0.26,1.50E-05,1.00E-05,1.00E-05,67061000000,27876000000,24621000000,15546000000,9807500000,9987300000,0.334,0.2215,0.2006,1.36E-05,9.63E-06,8.04E-06
0,1,1,0,1,0,0,0,1,1,1,1,0,1,0,1,1,1,1,1,0,1,1,1,0,45,0.474835534,0.309804223,1.183041177,25000,0.2,8.00E-06,0.007,3000,230000,23000,23000,9000,9000,9000,0.26,0.26,0.26,1.50E-05,1.00E-05,1.00E-05,59953000000,27226000000,24416000000,14574000000,10027000000,10587000000,0.3151,0.2231,0.2424,1.34E-05,9.52E-06,8.22E-06
0,0,1,1,0,0,0,0,0,0,0,1,1,1,0,1,1,1,0,1,0,1,1,1,1,45,0.899639244,0.378680639,2.081708571,25000,0.2,8.00E-06,0.007,3000,230000,23000,23000,9000,9000,9000,0.26,0.26,0.26,1.50E-05,1.00E-05,1.00E-05,65979000000,27686000000,24508000000,15331000000,9872800000,10206000000,0.3318,0.2228,0.2152,1.36E-05,9.65E-06,8.13E-06
1,1,0,1,0,0,0,1,0,1,1,0,0,0,1,1,0,0,0,1,1,0,0,0,0,45,0.755396036,0.390996231,1.807325131,25000,0.2,8.00E-06,0.007,3000,230000,23000,23000,9000,9000,9000,0.26,0.26,0.26,1.50E-05,1.00E-05,1.00E-05,64198000000,27418000000,24451000000,14901000000,9996200000,10416000000,0.3244,0.2264,0.2248,1.36E-05,9.58E-06,8.17E-06
0,1,0,0,1,0,0,0,1,1,1,0,0,0,1,0,1,1,0,1,0,0,0,1,0,45,0.847262303,0.139117329,1.987832538,25000,0.2,8.00E-06,0.007,3000,230000,23000,23000,9000,9000,9000,0.26,0.26,0.26,1.50E-05,1.00E-05,1.00E-05,69287000000,27975000000,24658000000,15721000000,9802500000,9889700000,0.3386,0.2234,0.1907,1.36E-05,9.65E-06,8.02E-06
1,1,0,1,1,1,0,0,1,1,0,0,1,0,0,0,0,1,0,0,1,1,1,0,0,45,0.776391167,0.227858208,1.735948863,25000,0.2,8.00E-06,0.007,3000,230000,23000,23000,9000,9000,9000,0.26,0.26,0.26,1.50E-05,1.00E-05,1.00E-05,68943000000,27873000000,24561000000,15665000000,9808500000,9986800000,0.3394,0.224,0.1989,1.37E-05,9.70E-06,8.10E-06
1,1,0,1,0,0,1,1,1,0,0,0,1,1,0,0,1,0,1,1,0,0,1,1,1,45,0.438451905,0.19802545,1.111615628,25000,0.2,8.00E-06,0.007,3000,230000,23000,23000,9000,9000,9000,0.26,0.26,0.26,1.50E-05,1.00E-05,1.00E-05,63540000000,27480000000,24553000000,14862000000,9953000000,10306000000,0.3231,0.2238,0.2158,1.35E-05,9.51E-06,8.07E-06
0,1,0,1,1,1,0,1,0,1,0,1,0,0,1,0,0,0,1,1,0,1,0,0,0,45,0.456793782,0.38877491,1.234538923,25000,0.2,8.00E-06,0.007,3000,230000,23000,23000,9000,9000,9000,0.26,0.26,0.26,1.50E-05,1.00E-05,1.00E-05,53543000000,26696000000,24319000000,13790000000,10195000000,10952000000,0.2971,0.2248,0.2673,1.32E-05,9.38E-06,8.36E-06
0,1,1,0,1,0,0,1,1,1,0,0,1,1,0,1,0,1,0,1,0,0,0,0,1,45,0.282848924,0.313091509,0.751006205,25000,0.2,8.00E-06,0.007,3000,230000,23000,23000,9000,9000,9000,0.26,0.26,0.26,1.50E-05,1.00E-05,1.00E-05,53752000000,26531000000,24383000000,13570000000,10310000000,11137000000,0.2845,0.2296,0.2807,1.32E-05,9.36E-06,8.54E-06
0,0,0,0,0,1,0,1,0,1,1,0,1,0,0,1,1,0,1,0,1,1,1,1,0,45,0.964342581,0.123206818,2.543912092,25000,0.2,8.00E-06,0.007,3000,230000,23000,23000,9000,9000,9000,0.26,0.26,0.26,1.50E-05,1.00E-05,1.00E-05,66188000000,27874000000,24767000000,15374000000,9841600000,9878200000,0.3316,0.2217,0.1873,1.35E-05,9.52E-06,7.91E-06
1,1,1,1,0,1,1,0,1,0,0,1,0,1,1,0,0,1,1,1,1,1,0,1,1,45,0.567886124,0.236467758,1.503523186,25000,0.2,8.00E-06,0.007,3000,230000,23000,23000,9000,9000,9000,0.26,0.26,0.26,1.50E-05,1.00E-05,1.00E-05,63269000000,27500000000,24639000000,14815000000,9940400000,10149000000,0.3223,0.2236,0.2042,1.34E-05,9.46E-06,8.00E-06
0,1,0,0,1,0,1,0,1,1,0,0,0,1,0,0,0,1,1,0,1,0,0,0,0,45,0.908927645,0.34512612,2.307552135,25000,0.2,8.00E-06,0.007,3000,230000,23000,23000,9000,9000,9000,0.26,0.26,0.26,1.50E-05,1.00E-05,1.00E-05,64767000000,27550000000,24609000000,14939000000,9915100000,10138000000,0.3259,0.2241,0.2044,1.35E-05,9.51E-06,8.03E-06
1,1,0,0,1,1,0,1,0,1,1,1,1,1,1,1,1,1,1,0,0,0,1,0,1,45,0.803633922,0.289641179,1.852653266,25000,0.2,8.00E-06,0.007,3000,230000,23000,23000,9000,9000,9000,0.26,0.26,0.26,1.50E-05,1.00E-05,1.00E-05,66608000000,27690000000,24524000000,15351000000,9868100000,10150000000,0.3353,0.2238,0.2094,1.36E-05,9.65E-06,8.11E-06
0,0,1,1,0,1,1,1,0,1,0,1,0,0,0,0,1,0,0,0,1,0,1,0,1,45,0.357288046,0.387724727,0.808077693,25000,0.2,8.00E-06,0.007,3000,230000,23000,23000,9000,9000,9000,0.26,0.26,0.26,1.50E-05,1.00E-05,1.00E-05,49816000000,26520000000,24345000000,13878000000,10294000000,11571000000,0.2872,0.2196,0.3188,1.33E-05,9.60E-06,8.95E-06
1,1,1,1,0,1,0,1,1,1,1,1,1,0,1,1,0,1,1,0,0,0,0,1,0,45,0.728507633,0.280162306,1.689314794,25000,0.2,8.00E-06,0.007,3000,230000,23000,23000,9000,9000,9000,0.26,0.26,0.26,1.50E-05,1.00E-05,1.00E-05,66256000000,27670000000,24512000000,15316000000,9884600000,10191000000,0.3328,0.2242,0.2109,1.36E-05,9.65E-06,8.12E-06
1,0,1,0,0,1,1,0,0,0,0,1,1,0,0,0,1,1,0,1,1,1,0,0,0,45,0.794631916,0.120970777,1.817519767,25000,0.2,8.00E-06,0.007,3000,230000,23000,23000,9000,9000,9000,0.26,0.26,0.26,1.50E-05,1.00E-05,1.00E-05,70606000000,28047000000,24649000000,15891000000,9783200000,9845400000,0.342,0.2239,0.1886,1.37E-05,9.69E-06,8.03E-06
0,0,0,1,1,0,1,1,1,0,1,0,1,1,0,0,0,1,1,0,0,0,1,1,0,45,0.561272783,0.292098344,1.471506712,25000,0.2,8.00E-06,0.007,3000,230000,23000,23000,9000,9000,9000,0.26,0.26,0.26,1.50E-05,1.00E-05,1.00E-05,63584000000,27408000000,24584000000,14682000000,9978200000,10242000000,0.3193,0.225,0.2123,1.34E-05,9.45E-06,8.04E-06
0,1,1,1,0,1,0,0,0,0,0,1,0,0,0,1,1,1,1,1,0,1,0,1,1,60,0.499355299,0.233410039,1.362746028,25000,0.2,8.00E-06,0.007,3000,230000,23000,23000,9000,9000,9000,0.26,0.26,0.26,1.50E-05,1.00E-05,1.00E-05,81042000000,24847000000,24208000000,14979000000,9715300000,10322000000,0.3639,0.2283,0.2246,1.41E-05,9.08E-06,8.48E-06
0,0,0,1,0,0,1,1,1,0,1,0,0,0,0,1,0,1,0,1,1,0,1,0,0,60,0.650022041,0.102869869,1.822567305,25000,0.2,8.00E-06,0.007,3000,230000,23000,23000,9000,9000,9000,0.26,0.26,0.26,1.50E-05,1.00E-05,1.00E-05,84243000000,24991000000,24396000000,15487000000,9688900000,9789000000,0.3783,0.2294,0.1847,1.41E-05,9.04E-06,8.33E-06
1,0,0,1,0,1,0,0,0,0,1,1,1,0,0,1,0,1,1,1,1,0,0,0,0,60,0.389362543,0.272166552,1.115620439,25000,0.2,8.00E-06,0.007,3000,230000,23000,23000,9000,9000,9000,0.26,0.26,0.26,1.50E-05,1.00E-05,1.00E-05,75394000000,24823000000,24241000000,14517000000,9832100000,10661000000,0.3449,0.228,0.2432,1.40E-05,8.99E-06,8.45E-06
1,0,1,0,0,0,0,0,1,1,0,1,1,0,0,1,0,0,0,0,0,0,0,0,0,60,0.723634302,0.384162946,2.011002246,25000,0.2,8.00E-06,0.007,3000,230000,23000,23000,9000,9000,9000,0.26,0.26,0.26,1.50E-05,1.00E-05,1.00E-05,78505000000,24834000000,24221000000,14828000000,9737900000,10372000000,0.3593,0.2274,0.2282,1.41E-05,9.06E-06,8.46E-06
0,0,1,1,0,1,0,0,0,1,1,0,0,0,1,0,1,0,0,1,1,0,0,1,1,60,0.33181343,0.34882493,0.843457916,25000,0.2,8.00E-06,0.007,3000,230000,23000,23000,9000,9000,9000,0.26,0.26,0.26,1.50E-05,1.00E-05,1.00E-05,70113000000,24488000000,24017000000,13820000000,9899300000,11851000000,0.318,0.2257,0.3353,1.42E-05,9.14E-06,9.02E-06
1,1,1,0,1,0,0,0,1,0,0,1,0,0,0,0,0,1,0,0,1,0,1,0,0,60,0.524407057,0.235284874,1.337897981,25000,0.2,8.00E-06,0.007,3000,230000,23000,23000,9000,9000,9000,0.26,0.26,0.26,1.50E-05,1.00E-05,1.00E-05,84254000000,24800000000,24135000000,15191000000,9690400000,10311000000,0.3705,0.2306,0.223,1.42E-05,9.17E-06,8.56E-06
1,1,1,1,0,0,1,0,1,0,0,1,0,0,1,0,0,0,0,1,1,0,0,0,0,60,0.814143442,0.317637777,2.261979515,25000,0.2,8.00E-06,0.007,3000,230000,23000,23000,9000,9000,9000,0.26,0.26,0.26,1.50E-05,1.00E-05,1.00E-05,83376000000,24885000000,24274000000,15080000000,9728000000,10176000000,0.368,0.2305,0.2063,1.41E-05,9.06E-06,8.42E-06
1,0,1,0,0,1,1,1,1,0,0,1,1,0,1,0,1,1,1,0,0,0,0,1,1,60,0.727976707,0.126723364,1.940384071,25000,0.2,8.00E-06,0.007,3000,230000,23000,23000,9000,9000,9000,0.26,0.26,0.26,1.50E-05,1.00E-05,1.00E-05,87476000000,24958000000,24317000000,15651000000,9652600000,9802100000,0.3825,0.2305,0.1876,1.42E-05,9.11E-06,8.42E-06
0,1,0,0,1,0,0,1,1,0,0,1,1,1,0,1,0,0,0,1,0,1,0,0,1,60,0.764021062,0.255995244,2.113779021,25000,0.2,8.00E-06,0.007,3000,230000,23000,23000,9000,9000,9000,0.26,0.26,0.26,1.50E-05,1.00E-05,1.00E-05,82885000000,24899000000,24300000000,15113000000,9716100000,10083000000,0.3705,0.2298,0.2015,1.41E-05,9.05E-06,8.40E-06
1,0,1,1,0,0,0,0,0,1,0,0,1,0,1,0,0,0,0,1,1,0,1,0,1,60,0.247065075,0.192521418,0.642033536,25000,0.2,8.00E-06,0.007,3000,230000,23000,23000,9000,9000,9000,0.26,0.26,0.26,1.50E-05,1.00E-05,1.00E-05,78168000000,24622000000,24028000000,14263000000,9854900000,11125000000,0.3365,0.2328,0.2814,1.42E-05,9.12E-06,8.76E-06
1,0,1,1,0,1,0,1,0,0,0,1,1,1,1,0,0,1,1,1,0,1,1,0,0,60,0.653036242,0.25491812,1.78079156,25000,0.2,8.00E-06,0.007,3000,230000,23000,23000,9000,9000,9000,0.26,0.26,0.26,1.50E-05,1.00E-05,1.00E-05,83107000000,24867000000,24249000000,15045000000,9716100000,10177000000,0.3684,0.2302,0.2106,1.41E-05,9.07E-06,8.44E-06
0,0,1,1,1,1,1,0,0,0,0,1,1,0,1,0,1,1,0,1,1,1,0,1,1,60,0.699969304,0.321994123,1.940165192,25000,0.2,8.00E-06,0.007,3000,230000,23000,23000,9000,9000,9000,0.26,0.26,0.26,1.50E-05,1.00E-05,1.00E-05,79608000000,24844000000,24227000000,14824000000,9749100000,10369000000,0.3602,0.2288,0.2234,1.41E-05,9.04E-06,8.45E-06
1,0,1,0,1,1,1,1,1,0,0,0,1,0,1,0,0,1,0,1,0,0,0,0,1,60,0.695874409,0.145677631,1.740291119,25000,0.2,8.00E-06,0.007,3000,230000,23000,23000,9000,9000,9000,0.26,0.26,0.26,1.50E-05,1.00E-05,1.00E-05,90015000000,24907000000,24230000000,15824000000,9627900000,9815600000,0.3871,0.2319,0.1903,1.42E-05,9.19E-06,8.51E-06
1,0,0,1,0,0,0,1,1,0,1,1,1,1,1,1,1,1,0,1,0,1,0,0,0,60,0.755071978,0.26740049,2.035691408,25000,0.2,8.00E-06,0.007,3000,230000,23000,23000,9000,9000,9000,0.26,0.26,0.26,1.50E-05,1.00E-05,1.00E-05,84317000000,24886000000,24258000000,15244000000,9681900000,10070000000,0.3734,0.2297,0.2049,1.41E-05,9.10E-06,8.45E-06
0,1,0,0,1,0,1,0,1,0,1,0,0,1,1,1,0,0,0,1,1,0,1,0,0,60,0.870850837,0.29449671,2.298201856,25000,0.2,8.00E-06,0.007,3000,230000,23000,23000,9000,9000,9000,0.26,0.26,0.26,1.50E-05,1.00E-05,1.00E-05,85266000000,24868000000,24225000000,15211000000,9694600000,10169000000,0.3723,0.231,0.2074,1.42E-05,9.11E-06,8.48E-06
1,1,1,0,0,0,0,0,0,0,1,0,0,0,0,0,1,1,0,0,0,1,1,1,1,60,0.286338697,0.341264321,0.782190508,25000,0.2,8.00E-06,0.007,3000,230000,23000,23000,9000,9000,9000,0.26,0.26,0.26,1.50E-05,1.00E-05,1.00E-05,67937000000,24639000000,24208000000,14043000000,9843400000,11572000000,0.3201,0.2177,0.3298,1.41E-05,9.06E-06,8.91E-06
0,1,0,0,0,1,0,0,0,0,1,0,1,0,1,0,0,0,1,0,1,1,1,0,1,60,0.660968568,0.138277691,1.778813963,25000,0.2,8.00E-06,0.007,3000,230000,23000,23000,9000,9000,9000,0.26,0.26,0.26,1.50E-05,1.00E-05,1.00E-05,85326000000,24936000000,24318000000,15458000000,9666400000,9857600000,0.3795,0.2298,0.1913,1.41E-05,9.09E-06,8.41E-06
1,0,0,0,0,1,0,1,0,0,1,1,1,0,0,1,1,0,0,0,1,0,0,0,1,60,0.407606981,0.259216746,1.039353541,25000,0.2,8.00E-06,0.007,3000,230000,23000,23000,9000,9000,9000,0.26,0.26,0.26,1.50E-05,1.00E-05,1.00E-05,85144000000,24744000000,24105000000,14957000000,9738900000,10426000000,0.3629,0.2334,0.233,1.42E-05,9.17E-06,8.61E-06
1,0,0,0,0,0,0,0,1,1,0,1,0,0,0,1,0,0,0,1,1,0,0,1,0,60,0.575342346,0.265087933,1.41393805,25000,0.2,8.00E-06,0.007,3000,230000,23000,23000,9000,9000,9000,0.26,0.26,0.26,1.50E-05,1.00E-05,1.00E-05,84745000000,24774000000,24087000000,15267000000,9684800000,10353000000,0.3711,0.2307,0.2284,1.42E-05,9.21E-06,8.62E-06
0,0,1,1,1,0,1,1,1,0,1,1,0,1,1,0,0,0,1,1,0,1,0,0,1,60,0.632498353,0.276746506,1.692842394,25000,0.2,8.00E-06,0.007,3000,230000,23000,23000,9000,9000,9000,0.26,0.26,0.26,1.50E-05,1.00E-05,1.00E-05,83142000000,24846000000,24202000000,15109000000,9711600000,10253000000,0.3674,0.23,0.2175,1.41E-05,9.11E-06,8.49E-06
0,1,1,0,0,0,0,1,1,1,0,0,1,1,0,0,0,1,1,1,1,0,0,1,1,60,0.588974728,0.277456484,1.614691006,25000,0.2,8.00E-06,0.007,3000,230000,23000,23000,9000,9000,9000,0.26,0.26,0.26,1.50E-05,1.00E-05,1.00E-05,82467000000,24855000000,24221000000,15050000000,9726700000,10333000000,0.3662,0.2293,0.2189,1.41E-05,9.09E-06,8.47E-06
1,1,0,0,1,0,1,1,0,0,0,0,1,0,1,0,0,1,1,0,1,0,0,1,0,60,0.723630699,0.185163611,1.817340907,25000,0.2,8.00E-06,0.007,3000,230000,23000,23000,9000,9000,9000,0.26,0.26,0.26,1.50E-05,1.00E-05,1.00E-05,89237000000,24886000000,24206000000,15699000000,9645700000,10003000000,0.3838,0.2317,0.1972,1.42E-05,9.19E-06,8.52E-06
1,1,0,1,0,1,0,1,0,0,0,0,1,1,1,1,0,0,0,0,0,1,0,1,1,60,0.455128014,0.330132263,1.236372608,25000,0.2,8.00E-06,0.007,3000,230000,23000,23000,9000,9000,9000,0.26,0.26,0.26,1.50E-05,1.00E-05,1.00E-05,72593000000,24670000000,24000000000,14124000000,9831900000,11223000000,0.3319,0.2268,0.2908,1.41E-05,9.05E-06,8.69E-06
0,0,0,0,1,1,1,0,1,0,1,1,0,1,1,1,1,0,0,0,1,1,0,1,1,60,0.880043454,0.340528067,2.18431996,25000,0.2,8.00E-06,0.007,3000,230000,23000,23000,9000,9000,9000,0.26,0.26,0.26,1.50E-05,1.00E-05,1.00E-05,86983000000,24830000000,24129000000,15520000000,9658300000,10162000000,0.3761,0.2311,0.2169,1.42E-05,9.21E-06,8.58E-06
0,0,1,0,1,0,1,1,1,0,0,1,0,0,1,0,0,1,0,1,1,1,1,0,0,60,0.494086831,0.168337068,1.303379239,25000,0.2,8.00E-06,0.007,3000,230000,23000,23000,9000,9000,9000,0.26,0.26,0.26,1.50E-05,1.00E-05,1.00E-05,84269000000,24861000000,24217000000,15227000000,9698900000,10128000000,0.3716,0.2306,0.2088,1.41E-05,9.12E-06,8.48E-06
1,0,1,0,1,1,1,0,1,1,1,0,0,0,1,1,1,0,0,0,1,0,0,0,1,60,0.800408423,0.376547442,2.115199196,25000,0.2,8.00E-06,0.007,3000,230000,23000,23000,9000,9000,9000,0.26,0.26,0.26,1.50E-05,1.00E-05,1.00E-05,84392000000,24822000000,24182000000,15061000000,9714500000,10265000000,0.3682,0.2311,0.2192,1.42E-05,9.12E-06,8.52E-06
0,1,1,0,0,1,1,0,0,1,0,1,0,0,1,1,1,0,1,1,0,1,0,0,1,60,0.724569113,0.355549393,1.741464498,25000,0.2,8.00E-06,0.007,3000,230000,23000,23000,9000,9000,9000,0.26,0.26,0.26,1.50E-05,1.00E-05,1.00E-05,85780000000,24741000000,24043000000,15263000000,9705500000,10466000000,0.369,0.2327,0.2335,1.43E-05,9.23E-06,8.67E-06
1,1,0,0,1,0,1,1,1,0,0,0,1,0,0,0,1,0,0,0,1,1,0,0,1,60,0.752128974,0.308065028,2.078321391,25000,0.2,8.00E-06,0.007,3000,230000,23000,23000,9000,9000,9000,0.26,0.26,0.26,1.50E-05,1.00E-05,1.00E-05,83434000000,24880000000,24273000000,15120000000,9705800000,10094000000,0.3703,0.23,0.2048,1.41E-05,9.08E-06,8.43E-06
0,1,0,0,1,0,0,1,0,0,1,0,1,1,0,0,0,0,0,1,0,0,0,1,1,60,0.910338783,0.148123215,2.60150584,25000,0.2,8.00E-06,0.007,3000,230000,23000,23000,9000,9000,9000,0.26,0.26,0.26,1.50E-05,1.00E-05,1.00E-05,81434000000,25000000000,24443000000,15381000000,9715600000,9820800000,0.376,0.2283,0.1839,1.40E-05,9.00E-06,8.28E-06
1,0,1,0,1,1,1,0,1,0,1,1,0,0,0,0,0,0,1,1,0,0,1,0,1,60,0.273232605,0.169004393,0.707332723,25000,0.2,8.00E-06,0.007,3000,230000,23000,23000,9000,9000,9000,0.26,0.26,0.26,1.50E-05,1.00E-05,1.00E-05,79475000000,24696000000,24034000000,14564000000,9797300000,10957000000,0.3506,0.231,0.261,1.42E-05,9.12E-06,8.65E-06
0,1,1,0,0,1,0,1,0,1,0,0,0,0,0,1,0,1,0,0,1,0,0,0,0,60,0.398663733,0.184955208,1.059080561,25000,0.2,8.00E-06,0.007,3000,230000,23000,23000,9000,9000,9000,0.26,0.26,0.26,1.50E-05,1.00E-05,1.00E-05,83416000000,24832000000,24177000000,15081000000,9716400000,10313000000,0.3658,0.2302,0.2233,1.42E-05,9.12E-06,8.52E-06
0,1,1,0,0,0,0,1,0,0,0,1,0,0,1,1,1,0,0,0,1,0,0,0,1,60,0.67961293,0.175535509,1.694850411,25000,0.2,8.00E-06,0.007,3000,230000,23000,23000,9000,9000,9000,0.26,0.26,0.26,1.50E-05,1.00E-05,1.00E-05,89036000000,24886000000,24206000000,15732000000,9630700000,9926200000,0.3848,0.2313,0.1968,1.42E-05,9.19E-06,8.52E-06
1,0,0,0,1,0,0,1,1,0,1,0,0,1,0,1,1,1,0,0,1,1,1,1,0,60,0.909829593,0.124178366,2.1967477,25000,0.2,8.00E-06,0.007,3000,230000,23000,23000,9000,9000,9000,0.26,0.26,0.26,1.50E-05,1.00E-05,1.00E-05,91858000000,24920000000,24219000000,16184000000,9586800000,9694600000,0.3952,0.2317,0.1844,1.43E-05,9.24E-06,8.54E-06
1,0,0,1,1,1,1,1,0,1,0,0,1,0,0,1,0,0,0,0,0,1,0,1,0,60,0.776094772,0.258715713,1.93263075,25000,0.2,8.00E-06,0.007,3000,230000,23000,23000,9000,9000,9000,0.26,0.26,0.26,1.50E-05,1.00E-05,1.00E-05,87403000000,24846000000,24152000000,15551000000,9650400000,10167000000,0.3789,0.2308,0.2114,1.42E-05,9.20E-06,8.56E-06
0,0,1,1,1,0,1,1,0,0,0,1,0,0,0,1,0,0,1,1,0,1,0,1,0,60,0.782201244,0.376575031,2.027349016,25000,0.2,8.00E-06,0.007,3000,230000,23000,23000,9000,9000,9000,0.26,0.26,0.26,1.50E-05,1.00E-05,1.00E-05,81535000000,24783000000,24127000000,14970000000,9708300000,10420000000,0.3652,0.2291,0.232,1.42E-05,9.14E-06,8.56E-06
0,1,0,1,1,0,0,0,0,0,1,1,0,0,1,1,1,0,0,1,1,0,0,0,0,60,0.893353618,0.28387067,2.259692087,25000,0.2,8.00E-06,0.007,3000,230000,23000,23000,9000,9000,9000,0.26,0.26,0.26,1.50E-05,1.00E-05,1.00E-05,88183000000,24872000000,24193000000,15627000000,9636000000,9989000000,0.3819,0.2309,0.2031,1.42E-05,9.19E-06,8.53E-06
0,1,0,0,1,0,0,1,1,0,1,0,1,1,1,0,1,1,1,0,0,1,1,1,1,60,0.915276051,0.221424153,2.311604232,25000,0.2,8.00E-06,0.007,3000,230000,23000,23000,9000,9000,9000,0.26,0.26,0.26,1.50E-05,1.00E-05,1.00E-05,89315000000,24897000000,24220000000,15753000000,9628200000,9877600000,0.385,0.2314,0.1942,1.42E-05,9.19E-06,8.51E-06
1,1,1,1,0,1,1,0,0,1,0,0,1,1,1,1,0,0,1,0,0,1,1,1,1,60,0.974168118,0.144546688,2.636843985,25000,0.2,8.00E-06,0.007,3000,230000,23000,23000,9000,9000,9000,0.26,0.26,0.26,1.50E-05,1.00E-05,1.00E-05,86429000000,24971000000,24346000000,15656000000,9657100000,9754800000,0.3827,0.23,0.185,1.41E-05,9.09E-06,8.39E-06
1,0,1,1,0,1,0,0,0,0,0,0,1,1,0,1,0,0,0,1,1,0,0,1,1,60,0.575314628,0.376078035,1.587108935,25000,0.2,8.00E-06,0.007,3000,230000,23000,23000,9000,9000,9000,0.26,0.26,0.26,1.50E-05,1.00E-05,1.00E-05,77996000000,24778000000,24142000000,14596000000,9792700000,10722000000,0.3489,0.2287,0.2502,1.41E-05,9.06E-06,8.55E-06
0,0,0,1,1,1,0,1,0,1,1,0,1,1,0,0,1,0,0,1,1,0,1,0,0,60,0.618278401,0.173928024,1.479737947,25000,0.2,8.00E-06,0.007,3000,230000,23000,23000,9000,9000,9000,0.26,0.26,0.26,1.50E-05,1.00E-05,1.00E-05,86005000000,24816000000,24136000000,15471000000,9656700000,10162000000,0.38,0.2307,0.2111,1.42E-05,9.21E-06,8.58E-06
0,1,0,1,1,1,0,1,1,1,1,0,0,1,1,0,0,1,1,1,1,1,1,1,0,60,0.284403375,0.298498893,0.772571439,25000,0.2,8.00E-06,0.007,3000,230000,23000,23000,9000,9000,9000,0.26,0.26,0.26,1.50E-05,1.00E-05,1.00E-05,70342000000,24595000000,24108000000,13886000000,9873700000,11476000000,0.3188,0.2253,0.3182,1.41E-05,9.05E-06,8.87E-06
0,1,0,0,0,0,0,0,0,0,1,0,0,0,1,1,1,1,1,1,0,1,0,0,0,60,0.337737284,0.168072647,0.959478461,25000,0.2,8.00E-06,0.007,3000,230000,23000,23000,9000,9000,9000,0.26,0.26,0.26,1.50E-05,1.00E-05,1.00E-05,79787000000,24900000000,24313000000,15003000000,9727700000,10163000000,0.3644,0.2278,0.2108,1.40E-05,9.03E-06,8.38E-06
1,0,1,0,0,0,0,0,1,1,0,1,1,0,1,1,0,0,0,1,0,1,1,1,1,60,0.603558683,0.210884451,1.467888902,25000,0.2,8.00E-06,0.007,3000,230000,23000,23000,9000,9000,9000,0.26,0.26,0.26,1.50E-05,1.00E-05,1.00E-05,84485000000,24802000000,24105000000,15406000000,9662000000,10262000000,0.3753,0.2297,0.2218,1.42E-05,9.21E-06,8.60E-06
1,0,1,1,1,0,1,1,0,1,0,1,1,1,0,0,0,0,0,0,0,1,0,0,0,60,0.576404582,0.133383687,1.58089101,25000,0.2,8.00E-06,0.007,3000,230000,23000,23000,9000,9000,9000,0.26,0.26,0.26,1.50E-05,1.00E-05,1.00E-05,84823000000,24946000000,24334000000,15438000000,9673800000,9861400000,0.3785,0.2295,0.1912,1.41E-05,9.08E-06,8.39E-06
0,0,1,1,1,0,1,0,1,0,0,0,0,0,1,0,0,1,1,0,0,1,1,0,0,60,0.668253797,0.361010565,1.740853691,25000,0.2,8.00E-06,0.007,3000,230000,23000,23000,9000,9000,9000,0.26,0.26,0.26,1.50E-05,1.00E-05,1.00E-05,80313000000,24771000000,24104000000,14898000000,9742000000,10630000000,0.3602,0.2287,0.2436,1.42E-05,9.13E-06,8.58E-06
0,0,0,1,0,0,1,1,0,1,0,0,0,0,1,1,1,1,1,0,1,0,1,0,0,60,0.902001047,0.279478417,2.581478645,25000,0.2,8.00E-06,0.007,3000,230000,23000,23000,9000,9000,9000,0.26,0.26,0.26,1.50E-05,1.00E-05,1.00E-05,78411000000,24935000000,24382000000,14989000000,9749400000,10096000000,0.3662,0.2275,0.2004,1.40E-05,8.98E-06,8.31E-06
0,0,0,1,0,1,0,1,0,0,1,0,1,1,0,0,0,1,1,1,0,1,1,0,1,60,0.922706084,0.29845045,2.482110128,25000,0.2,8.00E-06,0.007,3000,230000,23000,23000,9000,9000,9000,0.26,0.26,0.26,1.50E-05,1.00E-05,1.00E-05,84235000000,24889000000,24266000000,15181000000,9702100000,10088000000,0.3721,0.2305,0.2037,1.41E-05,9.08E-06,8.44E-06
0,0,0,0,1,1,1,0,0,0,0,0,1,0,1,1,0,0,1,1,0,1,1,0,1,60,0.643213711,0.391380902,1.533352126,25000,0.2,8.00E-06,0.007,3000,230000,23000,23000,9000,9000,9000,0.26,0.26,0.26,1.50E-05,1.00E-05,1.00E-05,78218000000,24635000000,23913000000,14752000000,9753800000,11099000000,0.3518,0.2276,0.2859,1.42E-05,9.22E-06,8.81E-06
0,1,1,1,0,0,1,1,1,1,0,0,1,0,1,0,0,0,1,1,0,1,1,0,0,60,0.79118653,0.319295424,2.236837158,25000,0.2,8.00E-06,0.007,3000,230000,23000,23000,9000,9000,9000,0.26,0.26,0.26,1.50E-05,1.00E-05,1.00E-05,81217000000,24900000000,24318000000,15002000000,9740600000,10138000000,0.3665,0.2294,0.2046,1.40E-05,9.02E-06,8.37E-06
0,1,0,0,1,0,1,0,0,0,1,1,0,1,0,0,0,1,0,0,0,1,1,0,1,60,0.733156327,0.24680266,1.956815779,25000,0.2,8.00E-06,0.007,3000,230000,23000,23000,9000,9000,9000,0.26,0.26,0.26,1.50E-05,1.00E-05,1.00E-05,85092000000,24872000000,24247000000,15186000000,9696200000,10061000000,0.3721,0.2314,0.2026,1.41E-05,9.10E-06,8.46E-06
0,0,1,1,0,1,1,1,0,0,1,0,0,1,1,0,1,1,1,0,0,0,1,1,0,60,0.873825124,0.151420837,2.312034679,25000,0.2,8.00E-06,0.007,3000,230000,23000,23000,9000,9000,9000,0.26,0.26,0.26,1.50E-05,1.00E-05,1.00E-05,88664000000,24957000000,24305000000,15766000000,9638000000,9745300000,0.3852,0.2308,0.186,1.42E-05,9.13E-06,8.43E-06
0,1,0,1,1,0,0,0,1,1,1,1,1,0,0,0,0,0,1,1,0,0,1,1,1,60,0.510294128,0.111797715,1.337595546,25000,0.2,8.00E-06,0.007,3000,230000,23000,23000,9000,9000,9000,0.26,0.26,0.26,1.50E-05,1.00E-05,1.00E-05,87388000000,24931000000,24281000000,15632000000,9646700000,9834700000,0.3821,0.2305,0.1918,1.42E-05,9.13E-06,8.45E-06
0,1,0,0,0,1,1,1,0,1,0,1,1,0,0,0,0,0,0,1,0,1,0,1,1,60,0.398734574,0.396586589,1.063350224,25000,0.2,8.00E-06,0.007,3000,230000,23000,23000,9000,9000,9000,0.26,0.26,0.26,1.50E-05,1.00E-05,1.00E-05,71701000000,24597000000,24070000000,14014000000,9882900000,11601000000,0.3209,0.2262,0.3169,1.41E-05,9.09E-06,8.88E-06
0,1,0,1,0,0,0,1,0,0,0,1,1,0,0,1,1,1,1,0,1,0,1,1,1,60,0.647254982,0.175261218,1.661405228,25000,0.2,8.00E-06,0.007,3000,230000,23000,23000,9000,9000,9000,0.26,0.26,0.26,1.50E-05,1.00E-05,1.00E-05,87440000000,24890000000,24238000000,15564000000,9648400000,9934500000,0.3826,0.2308,0.1972,1.42E-05,9.15E-06,8.48E-06
1,1,0,0,0,0,1,1,1,0,0,0,1,1,0,0,0,1,1,0,0,0,1,1,0,60,0.226937599,0.206786552,0.649758403,25000,0.2,8.00E-06,0.007,3000,230000,23000,23000,9000,9000,9000,0.26,0.26,0.26,1.50E-05,1.00E-05,1.00E-05,74245000000,24781000000,24217000000,14395000000,9884200000,11007000000,0.3389,0.2278,0.2613,1.40E-05,8.99E-06,8.52E-06
1,0,0,0,1,1,1,0,1,1,1,0,0,1,1,1,0,1,0,0,0,0,1,0,1,60,0.987296266,0.337226341,2.615742823,25000,0.2,8.00E-06,0.007,3000,230000,23000,23000,9000,9000,9000,0.26,0.26,0.26,1.50E-05,1.00E-05,1.00E-05,86381000000,24881000000,24235000000,15328000000,9683000000,10060000000,0.3745,0.2314,0.203,1.42E-05,9.12E-06,8.47E-06
0,0,1,0,1,1,1,0,1,0,1,1,0,1,1,0,0,0,0,0,0,1,1,1,1,60,0.742779901,0.21266481,1.793160625,25000,0.2,8.00E-06,0.007,3000,230000,23000,23000,9000,9000,9000,0.26,0.26,0.26,1.50E-05,1.00E-05,1.00E-05,88067000000,24850000000,24145000000,15730000000,9624400000,10059000000,0.3835,0.2307,0.2074,1.42E-05,9.23E-06,8.58E-06
0,0,1,1,0,1,0,1,1,1,0,1,1,1,1,0,1,0,0,1,0,1,0,0,1,60,0.493727484,0.183355613,1.179270984,25000,0.2,8.00E-06,0.007,3000,230000,23000,23000,9000,9000,9000,0.26,0.26,0.26,1.50E-05,1.00E-05,1.00E-05,88763000000,24797000000,24091000000,15546000000,9660000000,10247000000,0.3791,0.2327,0.2145,1.43E-05,9.24E-06,8.62E-06
1,0,0,0,1,0,0,0,1,1,0,1,1,0,0,1,0,1,1,0,1,0,1,0,1,60,0.615769921,0.252318344,1.652006276,25000,0.2,8.00E-06,0.007,3000,230000,23000,23000,9000,9000,9000,0.26,0.26,0.26,1.50E-05,1.00E-05,1.00E-05,82838000000,24848000000,24219000000,15039000000,9716700000,10251000000,0.3678,0.2302,0.215,1.41E-05,9.09E-06,8.47E-06
1,1,1,1,0,0,1,1,0,1,1,1,0,0,0,1,0,1,0,1,1,0,1,1,1,60,0.870511967,0.368334783,2.427341714,25000,0.2,8.00E-06,0.007,3000,230000,23000,23000,9000,9000,9000,0.26,0.26,0.26,1.50E-05,1.00E-05,1.00E-05,80487000000,24867000000,24274000000,14902000000,9743100000,10225000000,0.3646,0.2293,0.2126,1.41E-05,9.03E-06,8.41E-06
0,0,0,1,0,0,0,0,0,0,1,0,1,0,1,1,1,0,1,0,1,1,0,1,1,60,0.739473873,0.21867588,2.000104228,25000,0.2,8.00E-06,0.007,3000,230000,23000,23000,9000,9000,9000,0.26,0.26,0.26,1.50E-05,1.00E-05,1.00E-05,85245000000,24915000000,24286000000,15353000000,9682300000,9973600000,0.3753,0.2302,0.1984,1.41E-05,9.09E-06,8.43E-06
1,1,0,0,1,1,1,0,1,0,0,0,0,0,0,0,1,1,0,1,0,0,1,0,1,60,0.99120861,0.289355395,2.655021758,25000,0.2,8.00E-06,0.007,3000,230000,23000,23000,9000,9000,9000,0.26,0.26,0.26,1.50E-05,1.00E-05,1.00E-05,85943000000,24901000000,24266000000,15343000000,9676400000,9988900000,0.3754,0.2308,0.1987,1.42E-05,9.11E-06,8.45E-06
1,0,0,0,0,1,0,0,0,0,0,0,1,1,1,1,0,0,0,1,1,0,0,0,1,60,0.354916659,0.289504289,1.005608397,25000,0.2,8.00E-06,0.007,3000,230000,23000,23000,9000,9000,9000,0.26,0.26,0.26,1.50E-05,1.00E-05,1.00E-05,77132000000,24791000000,24209000000,14547000000,9828300000,10732000000,0.3452,0.2292,0.2475,1.40E-05,9.03E-06,8.51E-06
0,0,0,0,1,1,0,0,0,1,0,0,0,1,0,0,0,0,1,0,1,1,0,1,1,60,0.265977821,0.197711944,0.713784181,25000,0.2,8.00E-06,0.007,3000,230000,23000,23000,9000,9000,9000,0.26,0.26,0.26,1.50E-05,1.00E-05,1.00E-05,79414000000,24746000000,24105000000,14677000000,9778700000,10800000000,0.3492,0.2293,0.259,1.41E-05,9.11E-06,8.62E-06
1,0,0,1,0,1,1,1,0,0,0,0,1,1,0,1,1,0,1,1,0,1,1,1,0,60,0.642084904,0.104024484,1.629395025,25000,0.2,8.00E-06,0.007,3000,230000,23000,23000,9000,9000,9000,0.26,0.26,0.26,1.50E-05,1.00E-05,1.00E-05,89642000000,24933000000,24259000000,15891000000,9618200000,9770000000,0.3882,0.2311,0.1874,1.42E-05,9.18E-06,8.49E-06
1,1,0,1,1,1,1,0,1,1,0,1,1,0,0,0,1,1,0,1,1,0,1,0,0,60,0.751824338,0.21332379,1.991876095,25000,0.2,8.00E-06,0.007,3000,230000,23000,23000,9000,9000,9000,0.26,0.26,0.26,1.50E-05,1.00E-05,1.00E-05,86538000000,24901000000,24259000000,15433000000,9672600000,9992100000,0.3782,0.2308,0.1982,1.42E-05,9.12E-06,8.46E-06
1,0,0,1,0,0,0,0,0,1,0,1,0,1,0,0,0,0,1,1,0,1,1,1,0,60,0.202847335,0.280226481,0.537060547,25000,0.2,8.00E-06,0.007,3000,230000,23000,23000,9000,9000,9000,0.26,0.26,0.26,1.50E-05,1.00E-05,1.00E-05,60094000000,24384000000,24440000000,13094000000,10021000000,12561000000,0.2806,0.2171,0.3839,1.40E-05,9.05E-06,9.43E-06
1,1,0,0,1,1,0,1,0,0,0,1,0,1,0,1,0,0,1,1,1,1,0,1,0,60,0.842530588,0.236852183,2.247473859,25000,0.2,8.00E-06,0.007,3000,230000,23000,23000,9000,9000,9000,0.26,0.26,0.26,1.50E-05,1.00E-05,1.00E-05,84836000000,24896000000,24270000000,15276000000,9690300000,10030000000,0.3748,0.2303,0.2,1.41E-05,9.09E-06,8.44E-06
1,0,1,0,1,1,0,0,1,0,0,0,1,1,1,0,0,1,0,0,0,1,0,0,0,60,0.341124655,0.359022181,0.865307587,25000,0.2,8.00E-06,0.007,3000,230000,23000,23000,9000,9000,9000,0.26,0.26,0.26,1.50E-05,1.00E-05,1.00E-05,66344000000,24452000000,23980000000,13592000000,9894600000,11938000000,0.3061,0.2221,0.3659,1.41E-05,9.11E-06,9.14E-06
1,0,1,0,0,0,1,0,1,0,1,1,1,0,1,0,1,0,0,0,0,1,0,0,1,60,0.927751535,0.174970152,2.388786688,25000,0.2,8.00E-06,0.007,3000,230000,23000,23000,9000,9000,9000,0.26,0.26,0.26,1.50E-05,1.00E-05,1.00E-05,87551000000,24924000000,24275000000,15617000000,9646900000,9842100000,0.3829,0.2307,0.1911,1.42E-05,9.14E-06,8.46E-06
1,1,0,0,0,1,1,0,1,0,1,1,0,1,1,1,1,1,1,0,1,0,1,1,0,60,0.956505241,0.323173591,2.451529805,25000,0.2,8.00E-06,0.007,3000,230000,23000,23000,9000,9000,9000,0.26,0.26,0.26,1.50E-05,1.00E-05,1.00E-05,88116000000,24870000000,24206000000,15471000000,9669900000,10016000000,0.3778,0.2322,0.2019,1.42E-05,9.16E-06,8.51E-06
0,1,0,1,1,1,1,1,0,0,1,1,0,0,1,1,1,0,0,0,0,0,0,0,1,60,0.340298228,0.277917672,0.871166567,25000,0.2,8.00E-06,0.007,3000,230000,23000,23000,9000,9000,9000,0.26,0.26,0.26,1.50E-05,1.00E-05,1.00E-05,74993000000,24612000000,24000000000,14330000000,9795000000,11059000000,0.3418,0.2273,0.289,1.42E-05,9.15E-06,8.78E-06
0,0,0,1,0,0,1,0,0,1,0,0,1,1,1,1,1,0,0,0,0,0,0,1,1,60,0.894381929,0.140618516,2.532915033,25000,0.2,8.00E-06,0.007,3000,230000,23000,23000,9000,9000,9000,0.26,0.26,0.26,1.50E-05,1.00E-05,1.00E-05,82954000000,24994000000,24414000000,15436000000,9696300000,9791000000,0.3772,0.2287,0.1848,1.41E-05,9.02E-06,8.31E-06
0,0,1,1,1,1,1,0,1,0,0,1,1,1,1,0,1,0,0,1,0,1,1,0,1,60,0.729302012,0.281881099,1.863929095,25000,0.2,8.00E-06,0.007,3000,230000,23000,23000,9000,9000,9000,0.26,0.26,0.26,1.50E-05,1.00E-05,1.00E-05,85853000000,24837000000,24153000000,15318000000,9703200000,10301000000,0.3713,0.2316,0.2178,1.42E-05,9.15E-06,8.54E-06
1,0,1,1,1,1,0,1,1,1,1,0,1,1,1,0,0,1,1,0,0,0,1,1,0,60,0.547601547,0.395718622,1.302980392,25000,0.2,8.00E-06,0.007,3000,230000,23000,23000,9000,9000,9000,0.26,0.26,0.26,1.50E-05,1.00E-05,1.00E-05,89215000000,24690000000,24023000000,15300000000,9740100000,10548000000,0.366,0.2366,0.241,1.43E-05,9.28E-06,8.75E-06
1,1,1,1,0,1,1,0,0,1,0,1,0,0,0,1,0,0,1,0,0,1,0,0,0,60,0.23645747,0.264185688,0.59056388,25000,0.2,8.00E-06,0.007,3000,230000,23000,23000,9000,9000,9000,0.26,0.26,0.26,1.50E-05,1.00E-05,1.00E-05,66549000000,24484000000,24146000000,13785000000,9878200000,12020000000,0.3064,0.2195,0.3621,1.41E-05,9.14E-06,9.20E-06
1,0,0,1,1,0,1,0,0,1,1,0,1,1,1,1,0,0,0,0,1,0,0,1,1,60,0.362449312,0.368502232,0.890183402,25000,0.2,8.00E-06,0.007,3000,230000,23000,23000,9000,9000,9000,0.26,0.26,0.26,1.50E-05,1.00E-05,1.00E-05,71262000000,24504000000,24016000000,14090000000,9867800000,11786000000,0.3209,0.2245,0.3439,1.42E-05,9.19E-06,9.08E-06
1,1,1,1,0,1,1,0,1,1,1,0,0,1,1,0,1,0,0,0,1,1,0,1,1,60,0.980972943,0.250633113,2.44810291,25000,0.2,8.00E-06,0.007,3000,230000,23000,23000,9000,9000,9000,0.26,0.26,0.26,1.50E-05,1.00E-05,1.00E-05,89390000000,24881000000,24202000000,15784000000,9617700000,9848200000,0.3864,0.2313,0.1951,1.42E-05,9.21E-06,8.53E-06
0,0,0,1,1,1,1,1,0,0,1,1,0,1,0,1,0,1,0,1,1,1,0,0,1,60,0.228361872,0.29902103,0.580071976,25000,0.2,8.00E-06,0.007,3000,230000,23000,23000,9000,9000,9000,0.26,0.26,0.26,1.50E-05,1.00E-05,1.00E-05,57684000000,24318000000,24257000000,12981000000,9969900000,12627000000,0.279,0.2131,0.4047,1.40E-05,9.09E-06,9.53E-06
1,1,1,1,0,0,1,1,0,1,1,0,1,1,1,0,0,0,1,0,1,1,0,0,1,60,0.845377115,0.241579322,2.172196925,25000,0.2,8.00E-06,0.007,3000,230000,23000,23000,9000,9000,9000,0.26,0.26,0.26,1.50E-05,1.00E-05,1.00E-05,86019000000,24870000000,24216000000,15478000000,9657400000,10036000000,0.3797,0.2301,0.2029,1.42E-05,9.16E-06,8.50E-06
0,1,1,0,1,1,0,0,0,0,0,0,0,1,0,0,0,1,0,1,0,1,0,1,0,60,0.532933473,0.279157662,1.316873903,25000,0.2,8.00E-06,0.007,3000,230000,23000,23000,9000,9000,9000,0.26,0.26,0.26,1.50E-05,1.00E-05,1.00E-05,79110000000,24668000000,23993000000,14624000000,9745500000,10795000000,0.3584,0.229,0.2604,1.42E-05,9.17E-06,8.68E-06
0,1,0,0,0,1,0,1,1,0,0,0,0,0,0,1,1,1,1,1,1,0,0,0,0,60,0.343937262,0.198050382,0.900577775,25000,0.2,8.00E-06,0.007,3000,230000,23000,23000,9000,9000,9000,0.26,0.26,0.26,1.50E-05,1.00E-05,1.00E-05,77662000000,24776000000,24080000000,14874000000,9694500000,10656000000,0.3568,0.2244,0.2602,1.41E-05,9.13E-06,8.62E-06
0,0,1,1,1,1,0,0,1,1,0,0,0,0,0,1,0,1,1,0,0,1,1,0,0,60,0.406217775,0.326508736,0.978964785,25000,0.2,8.00E-06,0.007,3000,230000,23000,23000,9000,9000,9000,0.26,0.26,0.26,1.50E-05,1.00E-05,1.00E-05,75238000000,24619000000,23942000000,14643000000,9772900000,11510000000,0.3407,0.2238,0.3151,1.43E-05,9.22E-06,8.91E-06
1,0,0,1,1,1,1,1,0,1,1,1,1,1,1,1,1,1,0,0,1,0,0,1,1,60,0.688300863,0.17964806,1.893160886,25000,0.2,8.00E-06,0.007,3000,230000,23000,23000,9000,9000,9000,0.26,0.26,0.26,1.50E-05,1.00E-05,1.00E-05,86090000000,24948000000,24327000000,15494000000,9670000000,9855500000,0.379,0.2301,0.1907,1.41E-05,9.09E-06,8.40E-06
0,0,1,1,1,1,0,0,1,0,0,1,0,0,1,1,0,0,1,1,0,0,1,0,0,60,0.985208752,0.186377571,2.679780476,25000,0.2,8.00E-06,0.007,3000,230000,23000,23000,9000,9000,9000,0.26,0.26,0.26,1.50E-05,1.00E-05,1.00E-05,85221000000,24952000000,24339000000,15469000000,9672100000,9837600000,0.3792,0.2298,0.1889,1.41E-05,9.08E-06,8.39E-06
0,1,0,0,1,0,1,0,0,0,1,1,1,1,0,1,0,1,1,0,1,0,1,1,1,60,0.754914314,0.312255805,2.14821685,25000,0.2,8.00E-06,0.007,3000,230000,23000,23000,9000,9000,9000,0.26,0.26,0.26,1.50E-05,1.00E-05,1.00E-05,79496000000,24894000000,24330000000,14855000000,9763000000,10225000000,0.3623,0.2293,0.2065,1.40E-05,9.00E-06,8.35E-06
1,1,0,0,1,1,0,1,0,1,0,1,0,1,0,1,0,1,0,0,0,0,0,1,1,60,0.460232166,0.171687499,1.143251414,25000,0.2,8.00E-06,0.007,3000,230000,23000,23000,9000,9000,9000,0.26,0.26,0.26,1.50E-05,1.00E-05,1.00E-05,82890000000,24786000000,24112000000,15149000000,9697500000,10434000000,0.3719,0.2294,0.227,1.42E-05,9.17E-06,8.58E-06
1,0,1,1,0,0,0,0,1,1,1,1,0,1,1,0,0,0,0,0,0,1,0,1,1,60,0.97078623,0.172206785,2.599429843,25000,0.2,8.00E-06,0.007,3000,230000,23000,23000,9000,9000,9000,0.26,0.26,0.26,1.50E-05,1.00E-05,1.00E-05,86660000000,24952000000,24321000000,15610000000,9653900000,9796500000,0.3823,0.2301,0.1881,1.42E-05,9.10E-06,8.41E-06
0,1,1,0,1,0,1,0,1,0,1,1,1,1,1,1,1,0,0,1,0,1,0,0,0,60,0.45449148,0.335298919,1.247762234,25000,0.2,8.00E-06,0.007,3000,230000,23000,23000,9000,9000,9000,0.26,0.26,0.26,1.50E-05,1.00E-05,1.00E-05,76447000000,24723000000,24126000000,14381000000,9805200000,10881000000,0.3438,0.2283,0.2637,1.41E-05,9.06E-06,8.61E-06
1,0,0,0,1,0,1,1,0,1,0,1,1,1,0,0,1,1,0,1,1,1,1,1,1,60,0.855985399,0.138847782,2.069103293,25000,0.2,8.00E-06,0.007,3000,230000,23000,23000,9000,9000,9000,0.26,0.26,0.26,1.50E-05,1.00E-05,1.00E-05,91577000000,24909000000,24213000000,16095000000,9592200000,9727700000,0.3938,0.2318,0.1862,1.43E-05,9.24E-06,8.54E-06
1,0,0,0,0,1,0,1,1,0,1,0,0,1,0,0,1,0,0,1,1,0,1,1,1,60,0.329603758,0.345459382,0.795498184,25000,0.2,8.00E-06,0.007,3000,230000,23000,23000,9000,9000,9000,0.26,0.26,0.26,1.50E-05,1.00E-05,1.00E-05,66486000000,24398000000,24021000000,13604000000,9938800000,12347000000,0.2968,0.2232,0.3845,1.42E-05,9.16E-06,9.32E-06
0,1,0,1,1,1,1,0,0,0,0,0,1,0,1,1,1,1,1,0,0,1,0,1,0,60,0.562270026,0.165691681,1.410860125,25000,0.2,8.00E-06,0.007,3000,230000,23000,23000,9000,9000,9000,0.26,0.26,0.26,1.50E-05,1.00E-05,1.00E-05,86961000000,24854000000,24181000000,15497000000,9663100000,10083000000,0.3788,0.2313,0.2054,1.42E-05,9.18E-06,8.53E-06
1,1,0,0,0,0,0,0,1,1,1,1,1,1,1,0,0,0,0,1,1,1,0,1,1,60,0.749356504,0.205332731,1.956155794,25000,0.2,8.00E-06,0.007,3000,230000,23000,23000,9000,9000,9000,0.26,0.26,0.26,1.50E-05,1.00E-05,1.00E-05,86597000000,24904000000,24244000000,15598000000,9640500000,9910400000,0.3806,0.2299,0.1988,1.42E-05,9.15E-06,8.48E-06
0,0,1,0,0,1,1,1,1,0,0,0,0,0,0,0,0,0,1,0,1,0,0,0,1,60,0.754171404,0.323314418,2.138452336,25000,0.2,8.00E-06,0.007,3000,230000,23000,23000,9000,9000,9000,0.26,0.26,0.26,1.50E-05,1.00E-05,1.00E-05,79412000000,24904000000,24308000000,15020000000,9728800000,10208000000,0.3647,0.2274,0.2117,1.40E-05,9.03E-06,8.38E-06
0,1,1,0,1,1,0,0,1,0,0,1,0,0,0,1,1,0,1,1,1,1,1,0,0,60,0.724427244,0.206406068,1.791602387,25000,0.2,8.00E-06,0.007,3000,230000,23000,23000,9000,9000,9000,0.26,0.26,0.26,1.50E-05,1.00E-05,1.00E-05,86702000000,24846000000,24174000000,15534000000,9644000000,10055000000,0.3816,0.2305,0.2058,1.42E-05,9.19E-06,8.54E-06
1,0,1,0,0,1,1,1,0,1,1,1,1,0,0,1,1,0,1,0,0,0,1,0,1,60,0.791784474,0.375015601,1.913182922,25000,0.2,8.00E-06,0.007,3000,230000,23000,23000,9000,9000,9000,0.26,0.26,0.26,1.50E-05,1.00E-05,1.00E-05,84308000000,24725000000,24033000000,15088000000,9711600000,10554000000,0.367,0.2319,0.2385,1.42E-05,9.21E-06,8.66E-06
1,0,0,1,0,0,0,1,1,0,1,1,1,1,1,0,1,1,0,1,1,1,0,0,1,60,0.878712857,0.205364267,2.294021643,25000,0.2,8.00E-06,0.007,3000,230000,23000,23000,9000,9000,9000,0.26,0.26,0.26,1.50E-05,1.00E-05,1.00E-05,87556000000,24918000000,24272000000,15575000000,9647300000,9864600000,0.3819,0.2308,0.1925,1.42E-05,9.13E-06,8.46E-06
1,0,1,1,0,1,1,1,1,1,0,0,1,1,1,1,0,1,0,0,1,0,0,1,0,60,0.867331655,0.199028434,2.11212842,25000,0.2,8.00E-06,0.007,3000,230000,23000,23000,9000,9000,9000,0.26,0.26,0.26,1.50E-05,1.00E-05,1.00E-05,90868000000,24885000000,24190000000,15913000000,9614400000,9836600000,0.3887,0.2322,0.1929,1.43E-05,9.23E-06,8.55E-06
0,0,1,1,1,1,1,0,1,0,0,1,0,0,0,1,1,0,0,1,1,1,0,0,1,60,0.474873714,0.199620781,1.231457385,25000,0.2,8.00E-06,0.007,3000,230000,23000,23000,9000,9000,9000,0.26,0.26,0.26,1.50E-05,1.00E-05,1.00E-05,84433000000,24833000000,24168000000,15253000000,9693900000,10255000000,0.3717,0.2303,0.2182,1.42E-05,9.15E-06,8.53E-06
1,1,1,0,0,1,0,1,0,1,0,0,1,0,0,0,0,0,1,0,0,1,1,0,0,60,0.532449405,0.374742908,1.390346121,25000,0.2,8.00E-06,0.007,3000,230000,23000,23000,9000,9000,9000,0.26,0.26,0.26,1.50E-05,1.00E-05,1.00E-05,79614000000,24707000000,24053000000,14628000000,9779100000,10818000000,0.3505,0.2302,0.2622,1.42E-05,9.13E-06,8.65E-06
0,1,0,1,1,0,1,1,1,1,0,0,0,1,1,1,0,1,1,0,0,0,1,1,1,0,0.560671295,0.304467236,0.905794912,15200,0.4,0.00013,0.017,3000,72000,72000,72000,30000,30000,30000,0.2,0.2,0.2,5.00E-06,5.00E-06,5.00E-06,36326000000,36009000000,32367000000,11434000000,10569000000,10510000000,0.2727,0.3534,0.3482,5.95E-05,5.99E-05,8.69E-05
1,1,0,0,1,1,1,1,0,1,0,0,1,0,1,1,0,0,1,1,0,0,1,0,1,0,0.382963862,0.286528676,0.680936567,15200,0.4,0.00013,0.017,3000,72000,72000,72000,30000,30000,30000,0.2,0.2,0.2,5.00E-06,5.00E-06,5.00E-06,34829000000,34371000000,31244000000,10820000000,10499000000,10451000000,0.28,0.3588,0.3516,6.31E-05,6.41E-05,8.63E-05
1,1,0,0,0,1,1,1,1,1,0,0,1,1,1,0,1,0,1,1,1,1,1,1,1,0,0.825236161,0.149472433,1.473656467,15200,0.4,0.00013,0.017,3000,72000,72000,72000,30000,30000,30000,0.2,0.2,0.2,5.00E-06,5.00E-06,5.00E-06,36167000000,36196000000,31585000000,11968000000,9035800000,9065500000,0.2727,0.3516,0.3521,5.79E-05,5.79E-05,0.0001055
0,1,1,0,0,1,1,1,1,0,0,1,1,0,1,0,1,0,0,1,1,1,1,0,1,0,0.639379005,0.363141525,1.160524987,15200,0.4,0.00013,0.017,3000,72000,72000,72000,30000,30000,30000,0.2,0.2,0.2,5.00E-06,5.00E-06,5.00E-06,34145000000,33869000000,30245000000,10734000000,9927400000,9891800000,0.2776,0.3649,0.3603,6.39E-05,6.43E-05,9.32E-05
0,0,1,1,0,1,1,1,0,0,0,1,1,0,1,1,1,1,1,1,0,0,1,1,1,0,0.666579144,0.262639188,1.245691091,15200,0.4,0.00013,0.017,3000,72000,72000,72000,30000,30000,30000,0.2,0.2,0.2,5.00E-06,5.00E-06,5.00E-06,34046000000,33958000000,29912000000,10901000000,9318100000,9359200000,0.276,0.3647,0.3638,6.32E-05,6.38E-05,0.0001002
1,0,0,1,1,1,0,1,0,0,0,1,1,0,1,1,0,1,0,0,1,1,1,1,0,0,0.687319025,0.220096244,1.037759666,15200,0.4,0.00013,0.017,3000,72000,72000,72000,30000,30000,30000,0.2,0.2,0.2,5.00E-06,5.00E-06,5.00E-06,37744000000,37582000000,33359000000,12236000000,10203000000,10237000000,0.2679,0.3457,0.3441,5.54E-05,5.62E-05,9.12E-05
0,0,0,0,0,1,0,0,0,1,0,1,0,0,0,0,0,0,0,1,1,1,1,1,0,0,0.817696066,0.230967044,1.386531967,15200,0.4,0.00013,0.017,3000,72000,72000,72000,30000,30000,30000,0.2,0.2,0.2,5.00E-06,5.00E-06,5.00E-06,36284000000,36376000000,31866000000,11853000000,9550000000,9600300000,0.2695,0.3525,0.3537,5.82E-05,5.78E-05,9.85E-05
1,1,1,0,0,1,1,1,1,1,1,0,0,0,0,1,1,1,1,1,1,0,0,0,1,0,0.797436684,0.339895214,1.251930029,15200,0.4,0.00013,0.017,3000,72000,72000,72000,30000,30000,30000,0.2,0.2,0.2,5.00E-06,5.00E-06,5.00E-06,36781000000,36750000000,32650000000,11720000000,10327000000,10433000000,0.2683,0.3503,0.3502,5.78E-05,5.81E-05,8.90E-05
1,1,1,1,0,0,0,0,1,0,0,0,1,1,1,0,1,0,1,1,0,1,0,1,0,0,0.901395112,0.194330256,1.374125583,15200,0.4,0.00013,0.017,3000,72000,72000,72000,30000,30000,30000,0.2,0.2,0.2,5.00E-06,5.00E-06,5.00E-06,38103000000,38021000000,33500000000,12484000000,9820900000,9838200000,0.2671,0.3433,0.3425,5.45E-05,5.49E-05,9.56E-05
1,0,0,0,0,0,0,1,0,0,1,0,1,0,1,1,0,0,0,0,1,1,1,1,0,0,0.461379524,0.214105365,0.886756082,15200,0.4,0.00013,0.017,3000,72000,72000,72000,30000,30000,30000,0.2,0.2,0.2,5.00E-06,5.00E-06,5.00E-06,32869000000,32786000000,29018000000,10446000000,9256500000,9293900000,0.2801,0.3691,0.3681,6.64E-05,6.69E-05,0.00010015
0,1,0,1,1,0,0,0,0,0,1,1,1,1,0,0,1,1,1,1,0,1,0,1,0,0,0.727356028,0.350389793,1.311864761,15200,0.4,0.00013,0.017,3000,72000,72000,72000,30000,30000,30000,0.2,0.2,0.2,5.00E-06,5.00E-06,5.00E-06,34373000000,34276000000,30372000000,10925000000,9753800000,9784300000,0.2751,0.363,0.3616,6.29E-05,6.32E-05,9.52E-05
0,0,0,1,1,1,1,0,1,1,1,0,1,1,1,0,1,0,0,1,0,0,1,1,0,0,0.419753876,0.108752004,0.710379878,15200,0.4,0.00013,0.017,3000,72000,72000,72000,30000,30000,30000,0.2,0.2,0.2,5.00E-06,5.00E-06,5.00E-06,36488000000,36494000000,31977000000,11956000000,9491300000,9522000000,0.27,0.3519,0.3519,5.76E-05,5.75E-05,9.96E-05
0,1,1,0,0,0,0,0,0,1,0,0,1,0,0,0,0,1,0,0,1,1,0,0,0,0,0.981417575,0.262833118,1.503090248,15200,0.4,0.00013,0.017,3000,72000,72000,72000,30000,30000,30000,0.2,0.2,0.2,5.00E-06,5.00E-06,5.00E-06,37785000000,37709000000,33284000000,12268000000,9976300000,10005000000,0.2668,0.3457,0.3449,5.54E-05,5.57E-05,9.35E-05
0,1,1,0,1,0,0,1,1,0,1,0,1,0,1,0,1,1,1,0,1,1,0,0,1,0,0.649956639,0.124779972,1.289457544,15200,0.4,0.00013,0.017,3000,72000,72000,72000,30000,30000,30000,0.2,0.2,0.2,5.00E-06,5.00E-06,5.00E-06,32355000000,32383000000,28597000000,10414000000,8259300000,8282100000,0.2881,0.3635,0.364,6.76E-05,6.77E-05,0.0001128
1,0,1,1,1,1,0,0,1,1,1,0,1,0,1,0,0,0,1,1,1,1,0,1,0,0,0.735442534,0.207053362,1.46518241,15200,0.4,0.00013,0.017,3000,72000,72000,72000,30000,30000,30000,0.2,0.2,0.2,5.00E-06,5.00E-06,5.00E-06,31182000000,31159000000,27743000000,9798300000,8333900000,8344500000,0.2913,0.3691,0.3689,7.14E-05,7.16E-05,0.00010949
1,1,1,1,0,1,0,1,1,1,1,1,0,0,0,1,0,1,1,0,0,0,0,0,0,0,0.567452693,0.302389656,0.995777739,15200,0.4,0.00013,0.017,3000,72000,72000,72000,30000,30000,30000,0.2,0.2,0.2,5.00E-06,5.00E-06,5.00E-06,34909000000,34914000000,31028000000,11096000000,10056000000,10120000000,0.2738,0.3587,0.3586,6.19E-05,6.18E-05,9.18E-05
0,0,1,1,1,0,1,1,0,0,0,0,0,0,1,1,1,1,1,1,1,0,1,0,1,0,0.865831664,0.293942342,1.594232144,15200,0.4,0.00013,0.017,3000,72000,72000,72000,30000,30000,30000,0.2,0.2,0.2,5.00E-06,5.00E-06,5.00E-06,34659000000,34642000000,30404000000,11225000000,9294200000,9368300000,0.2741,0.3611,0.3615,6.15E-05,6.20E-05,0.00010092
0,1,0,1,1,0,0,0,0,1,0,1,1,0,1,1,0,1,1,0,0,1,1,0,1,0,0.924570886,0.333817477,1.500492266,15200,0.4,0.00013,0.017,3000,72000,72000,72000,30000,30000,30000,0.2,0.2,0.2,5.00E-06,5.00E-06,5.00E-06,36762000000,36580000000,32431000000,11910000000,10026000000,10043000000,0.2704,0.3513,0.349,5.73E-05,5.80E-05,9.32E-05
0,1,0,0,1,1,0,0,1,1,0,0,0,0,1,0,0,0,1,0,0,0,0,0,1,0,0.83734882,0.124669504,1.461085784,15200,0.4,0.00013,0.017,3000,72000,72000,72000,30000,30000,30000,0.2,0.2,0.2,5.00E-06,5.00E-06,5.00E-06,36959000000,36917000000,32232000000,12278000000,9078300000,9099000000,0.2718,0.3476,0.3474,5.60E-05,5.64E-05,0.00010547
0,1,1,0,0,0,1,1,1,0,0,1,0,0,1,1,1,1,1,0,0,0,1,1,0,0,0.811934275,0.280741126,1.295823551,15200,0.4,0.00013,0.017,3000,72000,72000,72000,30000,30000,30000,0.2,0.2,0.2,5.00E-06,5.00E-06,5.00E-06,36805000000,36707000000,32451000000,11863000000,10016000000,10039000000,0.2688,0.3514,0.35,5.75E-05,5.77E-05,9.31E-05
0,1,0,0,0,1,0,0,1,1,0,1,1,1,0,1,1,0,1,1,0,1,0,1,0,0,0.441966198,0.317395372,0.709813936,15200,0.4,0.00013,0.017,3000,72000,72000,72000,30000,30000,30000,0.2,0.2,0.2,5.00E-06,5.00E-06,5.00E-06,36522000000,36078000000,33002000000,11375000000,11009000000,11011000000,0.2763,0.3487,0.3422,5.97E-05,6.08E-05,8.10E-05
1,1,0,0,1,1,0,0,1,1,1,0,0,1,1,0,0,1,1,1,0,1,1,0,1,0,0.520357043,0.161074182,0.969830523,15200,0.4,0.00013,0.017,3000,72000,72000,72000,30000,30000,30000,0.2,0.2,0.2,5.00E-06,5.00E-06,5.00E-06,34437000000,34290000000,30089000000,11156000000,9096600000,9117900000,0.2758,0.3633,0.3616,6.19E-05,6.26E-05,0.00010363
1,1,0,1,1,1,0,1,1,0,0,0,1,1,1,0,0,1,1,0,1,1,0,0,1,0,0.28785451,0.331995409,0.443354319,15200,0.4,0.00013,0.017,3000,72000,72000,72000,30000,30000,30000,0.2,0.2,0.2,5.00E-06,5.00E-06,5.00E-06,38204000000,37429000000,35811000000,11591000000,11944000000,11921000000,0.2839,0.329,0.3192,5.83E-05,6.10E-05,6.84E-05
0,1,1,0,1,0,0,1,0,0,0,0,0,1,0,0,0,0,0,0,1,0,0,0,0,0,0.264731848,0.140960464,0.429282613,15200,0.4,0.00013,0.017,3000,72000,72000,72000,30000,30000,30000,0.2,0.2,0.2,5.00E-06,5.00E-06,5.00E-06,36203000000,36036000000,32252000000,11346000000,10471000000,10478000000,0.2713,0.3532,0.3507,5.96E-05,6.00E-05,8.75E-05
0,1,1,0,0,0,0,1,1,0,0,0,1,0,1,0,1,1,0,1,1,0,1,1,0,0,0.690613874,0.394133276,1.28651964,15200,0.4,0.00013,0.017,3000,72000,72000,72000,30000,30000,30000,0.2,0.2,0.2,5.00E-06,5.00E-06,5.00E-06,33630000000,33357000000,29844000000,10615000000,9757400000,9749000000,0.2804,0.3658,0.3616,6.50E-05,6.57E-05,9.46E-05
0,1,0,1,1,1,0,0,0,1,0,1,0,0,1,1,1,1,0,0,0,0,1,1,0,0,0.761455436,0.268294872,1.396328719,15200,0.4,0.00013,0.017,3000,72000,72000,72000,30000,30000,30000,0.2,0.2,0.2,5.00E-06,5.00E-06,5.00E-06,34727000000,34633000000,30479000000,11240000000,9359600000,9409200000,0.2749,0.361,0.3602,6.14E-05,6.20E-05,0.00010038
0,1,1,0,0,1,1,0,0,0,1,0,0,1,1,0,0,0,0,0,1,1,0,0,1,0,0.284148845,0.208608292,0.511309499,15200,0.4,0.00013,0.017,3000,72000,72000,72000,30000,30000,30000,0.2,0.2,0.2,5.00E-06,5.00E-06,5.00E-06,34369000000,34169000000,30842000000,10647000000,10325000000,10409000000,0.2786,0.3595,0.3567,6.40E-05,6.47E-05,8.76E-05
0,1,1,0,1,0,0,1,1,0,1,0,1,1,1,1,0,1,1,0,1,0,1,0,1,0,0.989978711,0.301894682,1.791775372,15200,0.4,0.00013,0.017,3000,72000,72000,72000,30000,30000,30000,0.2,0.2,0.2,5.00E-06,5.00E-06,5.00E-06,35127000000,34967000000,30715000000,11415000000,9296300000,9301000000,0.2741,0.3602,0.3581,6.04E-05,6.10E-05,0.00010164
1,0,1,0,0,1,0,1,1,1,0,1,0,0,1,0,1,0,0,0,1,1,1,0,1,0,0.438187473,0.301127894,0.745333675,15200,0.4,0.00013,0.017,3000,72000,72000,72000,30000,30000,30000,0.2,0.2,0.2,5.00E-06,5.00E-06,5.00E-06,35511000000,35151000000,31844000000,11103000000,10631000000,10597000000,0.2768,0.3556,0.3499,6.15E-05,6.21E-05,8.54E-05
0,1,0,0,0,0,0,1,1,1,1,1,1,1,1,1,1,1,1,0,0,1,1,0,0,0,0.210446156,0.292729086,0.40966012,15200,0.4,0.00013,0.017,3000,72000,72000,72000,30000,30000,30000,0.2,0.2,0.2,5.00E-06,5.00E-06,5.00E-06,32707000000,32268000000,30638000000,9585800000,10263000000,10364000000,0.2986,0.3503,0.3448,7.15E-05,7.42E-05,8.03E-05
0,1,1,1,1,0,1,0,0,0,1,0,1,0,0,0,1,0,1,1,1,1,0,0,1,0,0.858038304,0.216359392,1.345745356,15200,0.4,0.00013,0.017,3000,72000,72000,72000,30000,30000,30000,0.2,0.2,0.2,5.00E-06,5.00E-06,5.00E-06,37538000000,37499000000,33018000000,12300000000,9803500000,9841300000,0.268,0.3462,0.3458,5.56E-05,5.58E-05,9.59E-05
1,1,0,1,0,0,1,0,1,1,1,0,1,1,1,0,1,0,1,0,1,1,0,0,0,0,0.564458806,0.3119769,0.939524753,15200,0.4,0.00013,0.017,3000,72000,72000,72000,30000,30000,30000,0.2,0.2,0.2,5.00E-06,5.00E-06,5.00E-06,35932000000,35631000000,31980000000,11397000000,10437000000,10395000000,0.274,0.3552,0.3503,6.00E-05,6.04E-05,8.84E-05
1,0,1,1,1,0,1,1,1,0,0,0,0,1,0,1,0,0,0,1,0,1,0,0,0,0,0.691386257,0.34826865,1.044109303,15200,0.4,0.00013,0.017,3000,72000,72000,72000,30000,30000,30000,0.2,0.2,0.2,5.00E-06,5.00E-06,5.00E-06,37172000000,36999000000,33294000000,11757000000,10739000000,10815000000,0.2703,0.3467,0.3444,5.77E-05,5.82E-05,8.45E-05
1,1,0,1,0,1,1,0,1,1,0,0,0,1,0,0,0,1,0,1,1,0,1,0,0,0,0.936561732,0.221379601,1.717038511,15200,0.4,0.00013,0.017,3000,72000,72000,72000,30000,30000,30000,0.2,0.2,0.2,5.00E-06,5.00E-06,5.00E-06,35336000000,35237000000,30880000000,11596000000,9061900000,9077300000,0.2749,0.3569,0.3559,5.98E-05,6.04E-05,0.00010472
0,0,0,1,1,1,0,0,0,0,1,0,0,0,1,1,0,1,1,1,0,1,0,0,0,0,0.871337939,0.317583757,1.337715474,15200,0.4,0.00013,0.017,3000,72000,72000,72000,30000,30000,30000,0.2,0.2,0.2,5.00E-06,5.00E-06,5.00E-06,37318000000,37190000000,32994000000,11993000000,10258000000,10323000000,0.2677,0.3486,0.3473,5.64E-05,5.71E-05,9.04E-05
1,0,1,1,0,0,1,1,0,0,0,0,0,0,1,1,0,1,0,0,1,1,0,0,0,0,0.603628277,0.193537197,1.049113555,15200,0.4,0.00013,0.017,3000,72000,72000,72000,30000,30000,30000,0.2,0.2,0.2,5.00E-06,5.00E-06,5.00E-06,35883000000,35795000000,31458000000,11678000000,9566700000,9608000000,0.2714,0.3561,0.3551,5.88E-05,5.92E-05,9.86E-05
1,0,0,1,1,0,1,1,1,0,1,0,0,1,0,1,0,0,1,1,1,0,1,0,0,0,0.290864515,0.125872277,0.475232027,15200,0.4,0.00013,0.017,3000,72000,72000,72000,30000,30000,30000,0.2,0.2,0.2,5.00E-06,5.00E-06,5.00E-06,36389000000,36223000000,32195000000,11660000000,10209000000,10248000000,0.2705,0.3534,0.3513,5.84E-05,5.90E-05,9.09E-05
1,0,0,1,1,1,0,0,0,1,1,0,0,0,0,0,0,0,0,0,0,1,0,1,0,0,0.748376269,0.358910985,1.320476831,15200,0.4,0.00013,0.017,3000,72000,72000,72000,30000,30000,30000,0.2,0.2,0.2,5.00E-06,5.00E-06,5.00E-06,34962000000,34824000000,30808000000,11054000000,9897100000,9890000000,0.2726,0.3619,0.3597,6.16E-05,6.18E-05,9.42E-05
1,0,1,0,1,0,1,1,0,1,0,0,1,0,1,1,1,1,1,1,0,0,1,1,1,0,0.995026964,0.245425849,1.626343137,15200,0.4,0.00013,0.017,3000,72000,72000,72000,30000,30000,30000,0.2,0.2,0.2,5.00E-06,5.00E-06,5.00E-06,37191000000,37087000000,32608000000,12157000000,9655500000,9671900000,0.2688,0.3489,0.3479,5.62E-05,5.67E-05,9.76E-05
1,0,0,1,0,0,0,1,1,0,1,1,1,1,0,0,1,1,1,0,1,0,0,1,0,0,0.452102159,0.256925099,0.780930486,15200,0.4,0.00013,0.017,3000,72000,72000,72000,30000,30000,30000,0.2,0.2,0.2,5.00E-06,5.00E-06,5.00E-06,35129000000,34779000000,31131000000,11006000000,10283000000,10199000000,0.2747,0.3614,0.3554,6.19E-05,6.23E-05,9.00E-05
1,0,0,0,1,1,0,1,0,1,1,0,1,0,0,0,0,1,0,0,0,1,1,1,1,0,0.43361451,0.32084487,0.683131596,15200,0.4,0.00013,0.017,3000,72000,72000,72000,30000,30000,30000,0.2,0.2,0.2,5.00E-06,5.00E-06,5.00E-06,36751000000,36263000000,33275000000,11396000000,11175000000,11082000000,0.2763,0.3476,0.34,5.96E-05,6.04E-05,7.97E-05
1,1,0,0,0,0,1,0,0,1,1,1,0,0,0,0,0,0,1,0,0,1,0,1,0,0,0.902048666,0.245518239,1.406062701,15200,0.4,0.00013,0.017,3000,72000,72000,72000,30000,30000,30000,0.2,0.2,0.2,5.00E-06,5.00E-06,5.00E-06,37510000000,37370000000,32973000000,12207000000,9899900000,9915900000,0.2679,0.3477,0.3461,5.57E-05,5.63E-05,9.47E-05
1,1,0,1,0,0,0,1,1,1,0,0,1,0,0,0,0,0,1,1,1,0,1,1,1,0,0.979355862,0.374859561,1.772159858,15200,0.4,0.00013,0.017,3000,72000,72000,72000,30000,30000,30000,0.2,0.2,0.2,5.00E-06,5.00E-06,5.00E-06,34727000000,34682000000,30517000000,11198000000,9481800000,9531600000,0.2739,0.3614,0.3609,6.16E-05,6.18E-05,9.89E-05
0,0,0,0,0,1,1,1,1,1,0,0,0,0,1,1,1,0,0,0,0,1,1,0,1,0,0.4617417,0.256041212,0.851744566,15200,0.4,0.00013,0.017,3000,72000,72000,72000,30000,30000,30000,0.2,0.2,0.2,5.00E-06,5.00E-06,5.00E-06,33854000000,34015000000,30183000000,10744000000,9783600000,9915000000,0.2764,0.3613,0.3639,6.44E-05,6.41E-05,9.38E-05
1,0,1,1,1,0,1,1,0,1,1,0,1,0,0,0,1,0,0,0,0,0,0,0,0,0,0.917462392,0.353436889,1.547115179,15200,0.4,0.00013,0.017,3000,72000,72000,72000,30000,30000,30000,0.2,0.2,0.2,5.00E-06,5.00E-06,5.00E-06,35934000000,35859000000,31668000000,11583000000,9854300000,9893500000,0.271,0.3555,0.3545,5.91E-05,5.94E-05,9.48E-05
1,1,1,0,1,1,1,0,1,1,1,1,0,1,0,1,1,0,1,0,1,0,0,0,0,0,0.636848412,0.182614924,1.217420252,15200,0.4,0.00013,0.017,3000,72000,72000,72000,30000,30000,30000,0.2,0.2,0.2,5.00E-06,5.00E-06,5.00E-06,33915000000,33754000000,29652000000,11008000000,8893500000,8892700000,0.2786,0.3647,0.3627,6.32E-05,6.39E-05,0.00010592
0,0,0,0,1,1,0,1,1,0,0,0,1,0,0,1,1,1,1,0,1,1,1,1,1,0,0.318048235,0.260130296,0.596106377,15200,0.4,0.00013,0.017,3000,72000,72000,72000,30000,30000,30000,0.2,0.2,0.2,5.00E-06,5.00E-06,5.00E-06,33496000000,33281000000,30269000000,10302000000,10145000000,10233000000,0.2838,0.3604,0.3575,6.66E-05,6.75E-05,8.79E-05
0,0,1,1,0,1,0,0,1,0,0,1,0,0,1,0,0,1,1,1,0,0,1,0,1,0,0.411189275,0.196635916,0.803395778,15200,0.4,0.00013,0.017,3000,72000,72000,72000,30000,30000,30000,0.2,0.2,0.2,5.00E-06,5.00E-06,5.00E-06,32221000000,31984000000,28535000000,10179000000,9130500000,9143000000,0.2851,0.371,0.3678,6.82E-05,6.94E-05,0.00010076
1,0,1,1,0,0,1,1,0,1,1,0,0,0,0,1,1,1,1,1,1,1,0,1,0,0,0.973310887,0.316024478,1.647092757,15200,0.4,0.00013,0.017,3000,72000,72000,72000,30000,30000,30000,0.2,0.2,0.2,5.00E-06,5.00E-06,5.00E-06,36183000000,36118000000,31794000000,11781000000,9683700000,9728400000,0.2708,0.354,0.3533,5.83E-05,5.86E-05,9.71E-05
1,0,0,1,1,0,1,0,0,1,1,1,0,0,0,0,0,1,0,1,0,0,0,1,1,0,0.260126687,0.130588075,0.434204261,15200,0.4,0.00013,0.017,3000,72000,72000,72000,30000,30000,30000,0.2,0.2,0.2,5.00E-06,5.00E-06,5.00E-06,35938000000,35704000000,31843000000,11425000000,10261000000,10259000000,0.2724,0.3559,0.3524,5.96E-05,6.01E-05,9.04E-05
0,0,0,0,1,0,0,1,1,1,1,0,0,0,0,1,0,0,0,1,1,0,1,1,1,0,0.689932461,0.117158654,1.06531119,15200,0.4,0.00013,0.017,3000,72000,72000,72000,30000,30000,30000,0.2,0.2,0.2,5.00E-06,5.00E-06,5.00E-06,38331000000,38320000000,33627000000,12659000000,9624400000,9664800000,0.267,0.3412,0.3414,5.38E-05,5.40E-05,9.81E-05
1,1,1,0,1,0,1,1,0,0,1,1,1,0,0,0,0,0,0,0,1,1,1,1,1,0,0.835750822,0.202145348,1.576426946,15200,0.4,0.00013,0.017,3000,72000,72000,72000,30000,30000,30000,0.2,0.2,0.2,5.00E-06,5.00E-06,5.00E-06,34450000000,34528000000,30165000000,11280000000,8865400000,8893000000,0.2761,0.3598,0.361,6.20E-05,6.18E-05,0.00010652
0,0,1,0,0,0,0,1,1,1,1,0,1,1,0,1,1,1,0,0,0,0,1,0,0,0,0.241708564,0.115102719,0.457260263,15200,0.4,0.00013,0.017,3000,72000,72000,72000,30000,30000,30000,0.2,0.2,0.2,5.00E-06,5.00E-06,5.00E-06,33413000000,33221000000,29433000000,10563000000,9433600000,9435900000,0.2784,0.3683,0.3656,6.51E-05,6.58E-05,9.86E-05
0,1,0,0,1,1,1,0,0,0,1,1,1,0,1,1,0,0,0,0,0,1,1,0,1,0,0.581504767,0.230980156,0.989003167,15200,0.4,0.00013,0.017,3000,72000,72000,72000,30000,30000,30000,0.2,0.2,0.2,5.00E-06,5.00E-06,5.00E-06,35815000000,35664000000,31518000000,11519000000,9877100000,9886300000,0.2713,0.3572,0.355,5.94E-05,5.98E-05,9.48E-05
1,0,0,0,1,1,1,1,0,0,1,0,0,1,1,1,0,1,1,0,0,0,1,1,1,0,0.834396682,0.344088576,1.316911819,15200,0.4,0.00013,0.017,3000,72000,72000,72000,30000,30000,30000,0.2,0.2,0.2,5.00E-06,5.00E-06,5.00E-06,36785000000,36635000000,32562000000,11787000000,10276000000,10323000000,0.2694,0.3513,0.3494,5.77E-05,5.81E-05,9.02E-05
1,1,0,0,0,1,0,0,0,0,1,0,0,0,1,0,0,0,0,0,1,1,0,1,1,0,0.556053766,0.283429758,1.057871237,15200,0.4,0.00013,0.017,3000,72000,72000,72000,30000,30000,30000,0.2,0.2,0.2,5.00E-06,5.00E-06,5.00E-06,33109000000,33096000000,29292000000,10417000000,9445400000,9490400000,0.2782,0.3678,0.3678,6.61E-05,6.63E-05,9.78E-05
0,0,0,0,0,1,0,0,1,1,1,1,0,1,1,0,1,1,1,1,0,1,0,1,1,0,0.730608034,0.116135653,1.185448854,15200,0.4,0.00013,0.017,3000,72000,72000,72000,30000,30000,30000,0.2,0.2,0.2,5.00E-06,5.00E-06,5.00E-06,37961000000,37928000000,33236000000,12560000000,9445800000,9471900000,0.2685,0.3429,0.3428,5.44E-05,5.47E-05,0.00010044
0,0,0,1,0,0,1,1,0,0,0,0,1,0,1,1,1,0,1,0,0,0,0,1,0,0,0.595653323,0.174205865,1.023497234,15200,0.4,0.00013,0.017,3000,72000,72000,72000,30000,30000,30000,0.2,0.2,0.2,5.00E-06,5.00E-06,5.00E-06,36114000000,36014000000,31619000000,11770000000,9522500000,9539900000,0.2709,0.3551,0.3538,5.83E-05,5.87E-05,9.92E-05
0,1,0,0,0,1,1,0,0,1,1,0,1,0,0,0,0,0,1,0,1,1,1,0,1,0,0.568174238,0.212536237,0.978065053,15200,0.4,0.00013,0.017,3000,72000,72000,72000,30000,30000,30000,0.2,0.2,0.2,5.00E-06,5.00E-06,5.00E-06,35703000000,35643000000,31422000000,11541000000,9744200000,9794200000,0.2715,0.3567,0.3559,5.95E-05,5.97E-05,9.61E-05
1,1,0,0,1,1,1,0,0,0,1,0,0,0,1,1,1,0,0,0,1,1,1,1,1,0,0.457893237,0.254261511,0.730302566,15200,0.4,0.00013,0.017,3000,72000,72000,72000,30000,30000,30000,0.2,0.2,0.2,5.00E-06,5.00E-06,5.00E-06,36229000000,36032000000,32296000000,11281000000,10598000000,10604000000,0.2709,0.3538,0.3506,5.98E-05,6.01E-05,8.62E-05
0,1,0,0,1,1,0,1,0,0,1,0,1,0,0,1,0,1,0,1,1,1,0,1,0,0,0.788302403,0.323786259,1.524330667,15200,0.4,0.00013,0.017,3000,72000,72000,72000,30000,30000,30000,0.2,0.2,0.2,5.00E-06,5.00E-06,5.00E-06,33004000000,32727000000,29038000000,10574000000,9122100000,9112300000,0.2823,0.3691,0.3654,6.57E-05,6.69E-05,0.00010228
0,0,1,0,0,0,1,1,0,0,0,1,1,0,0,0,0,1,1,1,0,1,1,0,0,0,0.563541701,0.269051231,1.016631275,15200,0.4,0.00013,0.017,3000,72000,72000,72000,30000,30000,30000,0.2,0.2,0.2,5.00E-06,5.00E-06,5.00E-06,34393000000,34228000000,30261000000,10866000000,9730900000,9724600000,0.2742,0.3651,0.3624,6.29E-05,6.31E-05,9.59E-05
1,1,0,1,1,0,1,0,0,0,0,1,0,0,0,0,1,0,0,0,0,0,0,0,1,0,0.327583367,0.180047225,0.499410921,15200,0.4,0.00013,0.017,3000,72000,72000,72000,30000,30000,30000,0.2,0.2,0.2,5.00E-06,5.00E-06,5.00E-06,36932000000,36647000000,33028000000,11482000000,10866000000,10818000000,0.2702,0.3501,0.3456,5.86E-05,5.90E-05,8.36E-05
0,0,1,1,1,0,0,1,1,0,0,1,0,0,0,1,1,0,0,1,1,1,1,0,0,0,0.892908891,0.278553189,1.384797475,15200,0.4,0.00013,0.017,3000,72000,72000,72000,30000,30000,30000,0.2,0.2,0.2,5.00E-06,5.00E-06,5.00E-06,37333000000,37271000000,32916000000,12069000000,10035000000,10086000000,0.2673,0.3483,0.3477,5.63E-05,5.66E-05,9.28E-05
1,0,0,1,1,1,0,0,1,1,0,0,0,0,0,0,0,1,0,0,1,1,0,0,1,0,0.535113673,0.350795086,1.017198657,15200,0.4,0.00013,0.017,3000,72000,72000,72000,30000,30000,30000,0.2,0.2,0.2,5.00E-06,5.00E-06,5.00E-06,32899000000,32812000000,29369000000,10164000000,9750300000,9782200000,0.2808,0.3671,0.3656,6.76E-05,6.77E-05,9.36E-05
1,0,1,1,0,0,0,1,1,1,0,0,1,1,1,0,0,1,0,0,1,0,0,1,0,0,0.282177007,0.216527791,0.426274695,15200,0.4,0.00013,0.017,3000,72000,72000,72000,30000,30000,30000,0.2,0.2,0.2,5.00E-06,5.00E-06,5.00E-06,37273000000,36749000000,33919000000,11460000000,11442000000,11261000000,0.2759,0.3443,0.3355,5.93E-05,5.96E-05,7.70E-05
1,1,0,1,1,1,0,1,0,0,1,0,0,1,0,1,1,1,1,0,1,0,0,1,1,0,0.264152645,0.332483561,0.467831921,15200,0.4,0.00013,0.017,3000,72000,72000,72000,30000,30000,30000,0.2,0.2,0.2,5.00E-06,5.00E-06,5.00E-06,36194000000,35393000000,33720000000,10928000000,11294000000,11221000000,0.2902,0.3393,0.3281,6.24E-05,6.50E-05,7.42E-05
1,1,1,0,1,1,1,0,0,0,0,0,1,0,0,0,1,1,1,0,0,1,0,0,1,0,0.28004075,0.333411579,0.423230563,15200,0.4,0.00013,0.017,3000,72000,72000,72000,30000,30000,30000,0.2,0.2,0.2,5.00E-06,5.00E-06,5.00E-06,38519000000,37773000000,36323000000,11666000000,12058000000,12034000000,0.2845,0.3252,0.3158,5.79E-05,6.06E-05,6.69E-05
0,0,0,1,1,1,1,1,0,0,1,1,1,1,1,1,1,1,0,0,0,0,0,0,0,0,0.85863031,0.388407048,1.576151127,15200,0.4,0.00013,0.017,3000,72000,72000,72000,30000,30000,30000,0.2,0.2,0.2,5.00E-06,5.00E-06,5.00E-06,34160000000,34310000000,30179000000,10890000000,9568900000,9663100000,0.2736,0.3625,0.3649,6.33E-05,6.30E-05,9.71E-05
0,1,1,1,1,1,1,0,1,1,1,0,0,1,1,1,0,1,1,0,0,0,1,0,1,0,0.784519759,0.291475104,1.370494606,15200,0.4,0.00013,0.017,3000,72000,72000,72000,30000,30000,30000,0.2,0.2,0.2,5.00E-06,5.00E-06,5.00E-06,35539000000,35382000000,31182000000,11454000000,9684100000,9686100000,0.272,0.3589,0.3567,5.98E-05,6.03E-05,9.71E-05
0,1,1,1,1,1,0,1,0,0,1,0,0,0,1,1,0,1,1,0,1,1,1,1,1,0,0.358137324,0.111877816,0.5519233,15200,0.4,0.00013,0.017,3000,72000,72000,72000,30000,30000,30000,0.2,0.2,0.2,5.00E-06,5.00E-06,5.00E-06,37459000000,37375000000,33067000000,12117000000,10081000000,10108000000,0.2676,0.3473,0.3463,5.61E-05,5.65E-05,9.23E-05
1,0,1,0,0,1,0,0,0,1,1,1,0,1,1,1,0,1,0,0,0,1,0,1,0,0,0.899912143,0.188544591,1.53738783,15200,0.4,0.00013,0.017,3000,72000,72000,72000,30000,30000,30000,0.2,0.2,0.2,5.00E-06,5.00E-06,5.00E-06,36782000000,36756000000,32176000000,12150000000,9332200000,9368800000,0.2708,0.3494,0.3494,5.66E-05,5.70E-05,0.00010195
1,1,0,1,0,1,0,1,0,0,0,0,1,0,0,0,0,0,0,1,1,1,0,0,0,0,0.574896909,0.381851674,0.944239367,15200,0.4,0.00013,0.017,3000,72000,72000,72000,30000,30000,30000,0.2,0.2,0.2,5.00E-06,5.00E-06,5.00E-06,36121000000,35750000000,32431000000,11267000000,10786000000,10718000000,0.2754,0.3524,0.3464,6.04E-05,6.09E-05,8.41E-05
0,0,0,0,1,1,1,0,1,0,0,0,1,0,0,1,1,1,1,0,0,1,1,0,0,0,0.571566243,0.243991917,1.083737369,15200,0.4,0.00013,0.017,3000,72000,72000,72000,30000,30000,30000,0.2,0.2,0.2,5.00E-06,5.00E-06,5.00E-06,33393000000,33389000000,29441000000,10718000000,9269000000,9332500000,0.2782,0.3662,0.3666,6.47E-05,6.51E-05,0.00010051
0,0,0,0,1,0,0,1,1,1,0,1,1,0,0,1,0,1,0,0,1,0,0,0,0,0,0.292984754,0.144568333,0.544508143,15200,0.4,0.00013,0.017,3000,72000,72000,72000,30000,30000,30000,0.2,0.2,0.2,5.00E-06,5.00E-06,5.00E-06,33875000000,33726000000,29892000000,10725000000,9613800000,9625700000,0.2769,0.3658,0.3636,6.40E-05,6.46E-05,9.67E-05
1,1,1,0,0,0,0,0,0,1,1,0,0,0,0,1,0,1,1,0,1,1,0,0,1,0,0.703110697,0.234398175,1.07402151,15200,0.4,0.00013,0.017,3000,72000,72000,72000,30000,30000,30000,0.2,0.2,0.2,5.00E-06,5.00E-06,5.00E-06,37509000000,37372000000,33129000000,12113000000,10182000000,10247000000,0.2677,0.3473,0.3462,5.58E-05,5.67E-05,9.12E-05
0,0,0,1,0,0,1,0,1,0,0,0,0,0,0,0,0,1,1,1,0,0,1,1,0,0,0.77012523,0.393149923,1.272668006,15200,0.4,0.00013,0.017,3000,72000,72000,72000,30000,30000,30000,0.2,0.2,0.2,5.00E-06,5.00E-06,5.00E-06,35922000000,35724000000,31817000000,11280000000,10334000000,10306000000,0.2708,0.3568,0.3536,5.99E-05,6.02E-05,8.96E-05
0,0,0,0,1,0,1,1,0,0,1,1,0,1,1,0,1,0,0,1,0,0,0,0,0,0,0.419019518,0.29779059,0.642152764,15200,0.4,0.00013,0.017,3000,72000,72000,72000,30000,30000,30000,0.2,0.2,0.2,5.00E-06,5.00E-06,5.00E-06,37165000000,36809000000,33689000000,11487000000,11174000000,11209000000,0.274,0.3441,0.3396,5.84E-05,5.97E-05,7.92E-05
0,1,0,0,1,0,0,1,0,0,1,0,1,1,1,1,0,1,1,0,0,1,0,0,1,0,0.373231552,0.201094509,0.65372266,15200,0.4,0.00013,0.017,3000,72000,72000,72000,30000,30000,30000,0.2,0.2,0.2,5.00E-06,5.00E-06,5.00E-06,35031000000,34770000000,31051000000,11129000000,10120000000,10086000000,0.2754,0.3604,0.356,6.17E-05,6.20E-05,9.16E-05
1,0,1,0,1,0,0,0,0,1,0,0,1,1,0,1,1,1,1,1,1,1,0,0,1,0,0.691011668,0.377129127,1.111573214,15200,0.4,0.00013,0.017,3000,72000,72000,72000,30000,30000,30000,0.2,0.2,0.2,5.00E-06,5.00E-06,5.00E-06,36215000000,36060000000,32335000000,11369000000,10547000000,10565000000,0.2717,0.3526,0.35,5.97E-05,5.99E-05,8.66E-05
1,0,1,1,1,0,1,0,1,1,0,1,1,1,0,1,0,0,0,0,0,1,1,0,1,0,0.56318855,0.274234015,0.924208365,15200,0.4,0.00013,0.017,3000,72000,72000,72000,30000,30000,30000,0.2,0.2,0.2,5.00E-06,5.00E-06,5.00E-06,36340000000,36150000000,32305000000,11619000000,10321000000,10380000000,0.2722,0.3521,0.3498,5.86E-05,5.94E-05,8.93E-05
0,0,0,1,0,0,1,0,0,1,1,1,1,0,1,1,1,0,0,1,0,1,0,1,0,0,0.267308857,0.358460205,0.469261805,15200,0.4,0.00013,0.017,3000,72000,72000,72000,30000,30000,30000,0.2,0.2,0.2,5.00E-06,5.00E-06,5.00E-06,36035000000,35507000000,33951000000,10864000000,11413000000,11266000000,0.2908,0.3356,0.327,6.39E-05,6.48E-05,7.22E-05
1,0,1,1,0,0,1,1,1,1,1,1,1,1,0,0,0,1,0,1,1,0,0,0,0,0,0.470695888,0.265933454,0.772489065,15200,0.4,0.00013,0.017,3000,72000,72000,72000,30000,30000,30000,0.2,0.2,0.2,5.00E-06,5.00E-06,5.00E-06,36174000000,35952000000,32332000000,11454000000,10522000000,10531000000,0.2736,0.3521,0.3487,5.96E-05,6.01E-05,8.69E-05
1,1,1,0,0,1,1,0,1,0,1,1,0,0,0,0,1,1,0,1,0,1,1,0,0,0,0.353347636,0.113421419,0.547327233,15200,0.4,0.00013,0.017,3000,72000,72000,72000,30000,30000,30000,0.2,0.2,0.2,5.00E-06,5.00E-06,5.00E-06,37400000000,37234000000,32972000000,12062000000,10098000000,10099000000,0.2679,0.3485,0.3465,5.62E-05,5.68E-05,9.23E-05
1,0,1,1,0,0,1,1,0,1,0,1,0,1,1,1,1,0,1,1,0,1,0,1,0,0,0.38585689,0.371014073,0.613136667,15200,0.4,0.00013,0.017,3000,72000,72000,72000,30000,30000,30000,0.2,0.2,0.2,5.00E-06,5.00E-06,5.00E-06,37594000000,37101000000,34793000000,11748000000,11619000000,11454000000,0.2816,0.3352,0.327,5.88E-05,5.93E-05,7.43E-05
0,0,0,0,0,0,0,1,0,0,1,1,0,0,0,0,0,1,0,1,0,1,1,1,1,0,0.999316727,0.391821394,1.697927618,15200,0.4,0.00013,0.017,3000,72000,72000,72000,30000,30000,30000,0.2,0.2,0.2,5.00E-06,5.00E-06,5.00E-06,35803000000,35768000000,31543000000,11518000000,9844600000,9898300000,0.2706,0.3563,0.3559,5.94E-05,5.96E-05,9.48E-05
1,0,0,1,0,0,1,0,0,1,1,1,1,1,1,1,1,0,0,1,1,0,1,1,1,0,0.84031144,0.200489427,1.621299122,15200,0.4,0.00013,0.017,3000,72000,72000,72000,30000,30000,30000,0.2,0.2,0.2,5.00E-06,5.00E-06,5.00E-06,33763000000,33782000000,29601000000,11044000000,8687300000,8716000000,0.2798,0.362,0.3625,6.36E-05,6.37E-05,0.00010855
0,0,0,0,0,0,0,1,1,0,0,1,1,1,0,0,0,1,0,0,0,0,1,1,0,0,0.861874323,0.248062257,1.455787531,15200,0.4,0.00013,0.017,3000,72000,72000,72000,30000,30000,30000,0.2,0.2,0.2,5.00E-06,5.00E-06,5.00E-06,36339000000,36298000000,31806000000,11805000000,9566600000,9579200000,0.2692,0.3544,0.3538,5.79E-05,5.80E-05,9.85E-05
1,0,1,1,1,1,1,1,1,1,0,1,0,1,1,0,1,1,0,0,0,1,0,0,0,0,0.491124015,0.13494355,0.838552816,15200,0.4,0.00013,0.017,3000,72000,72000,72000,30000,30000,30000,0.2,0.2,0.2,5.00E-06,5.00E-06,5.00E-06,36323000000,36327000000,31831000000,11861000000,9508400000,9534900000,0.2698,0.3532,0.3532,5.80E-05,5.80E-05,9.92E-05
1,0,1,1,1,1,1,0,0,1,0,1,0,1,0,1,0,1,1,0,0,0,0,0,0,0,0.79487437,0.196374293,1.260657518,15200,0.4,0.00013,0.017,3000,72000,72000,72000,30000,30000,30000,0.2,0.2,0.2,5.00E-06,5.00E-06,5.00E-06,37493000000,37489000000,32981000000,12284000000,9763300000,9810400000,0.2679,0.3462,0.3463,5.57E-05,5.58E-05,9.62E-05
1,0,0,1,1,1,1,1,1,1,1,1,1,0,1,1,1,1,1,0,1,0,0,1,0,0,0.734828666,0.218757738,1.410177867,15200,0.4,0.00013,0.017,3000,72000,72000,72000,30000,30000,30000,0.2,0.2,0.2,5.00E-06,5.00E-06,5.00E-06,33811000000,33732000000,29600000000,10953000000,8903400000,8909400000,0.2781,0.3647,0.3638,6.35E-05,6.40E-05,0.00010553
0,0,1,1,1,1,1,1,1,0,0,1,0,1,1,1,1,0,0,0,0,0,0,1,1,0,0.385813679,0.280828354,0.763945431,15200,0.4,0.00013,0.017,3000,72000,72000,72000,30000,30000,30000,0.2,0.2,0.2,5.00E-06,5.00E-06,5.00E-06,30960000000,30855000000,28001000000,9530700000,9351900000,9355000000,0.2921,0.3705,0.368,7.35E-05,7.33E-05,9.53E-05
1,1,0,0,1,1,0,0,1,0,0,0,1,0,1,0,0,0,1,1,1,0,0,0,0,0,0.445135747,0.37417468,0.706085347,15200,0.4,0.00013,0.017,3000,72000,72000,72000,30000,30000,30000,0.2,0.2,0.2,5.00E-06,5.00E-06,5.00E-06,37219000000,36638000000,33972000000,11583000000,11296000000,11295000000,0.2792,0.3417,0.3339,5.84E-05,6.03E-05,7.76E-05
1,0,1,1,1,0,0,0,1,0,1,1,1,0,1,0,0,1,1,0,1,1,0,1,0,0,0.756609442,0.269180344,1.401851016,15200,0.4,0.00013,0.017,3000,72000,72000,72000,30000,30000,30000,0.2,0.2,0.2,5.00E-06,5.00E-06,5.00E-06,34391000000,34404000000,30226000000,11156000000,9282000000,9369600000,0.2753,0.3616,0.3623,6.21E-05,6.25E-05,0.00010098
0,0,1,1,1,1,1,0,1,0,1,0,0,0,0,0,0,0,0,0,1,0,1,0,0,0,0.985483749,0.308947111,1.869497716,15200,0.4,0.00013,0.017,3000,72000,72000,72000,30000,30000,30000,0.2,0.2,0.2,5.00E-06,5.00E-06,5.00E-06,33956000000,33892000000,29762000000,11005000000,9008400000,9035500000,0.2775,0.3639,0.3633,6.32E-05,6.37E-05,0.00010428
0,1,1,1,1,1,1,0,0,0,0,1,1,0,0,0,0,1,1,0,1,0,0,0,1,0,0.617671615,0.133734441,1.07896434,15200,0.4,0.00013,0.017,3000,72000,72000,72000,30000,30000,30000,0.2,0.2,0.2,5.00E-06,5.00E-06,5.00E-06,36373000000,36424000000,31800000000,12000000000,9242600000,9296600000,0.2709,0.3514,0.3524,5.74E-05,5.75E-05,0.0001029
1,1,0,1,1,1,0,1,1,1,0,0,0,1,1,0,0,0,0,0,1,1,1,0,0,0,0.985745556,0.374361871,1.71959737,15200,0.4,0.00013,0.017,3000,72000,72000,72000,30000,30000,30000,0.2,0.2,0.2,5.00E-06,5.00E-06,5.00E-06,35427000000,35443000000,31135000000,11401000000,9677000000,9724900000,0.2707,0.3585,0.3587,6.01E-05,6.01E-05,9.68E-05
1,1,1,1,0,1,0,0,0,0,1,0,1,0,1,0,0,0,1,1,1,0,0,1,1,0,0.489235456,0.143474994,0.734740669,15200,0.4,0.00013,0.017,3000,72000,72000,72000,30000,30000,30000,0.2,0.2,0.2,5.00E-06,5.00E-06,5.00E-06,37829000000,37749000000,33418000000,12256000000,10141000000,10175000000,0.2668,0.3451,0.3443,5.54E-05,5.58E-05,9.17E-05
0,1,0,1,1,0,0,0,0,0,0,0,0,1,0,0,1,0,1,1,0,1,1,0,0,0,0.738541872,0.271449416,1.468330946,15200,0.4,0.00013,0.017,3000,72000,72000,72000,30000,30000,30000,0.2,0.2,0.2,5.00E-06,5.00E-06,5.00E-06,31087000000,31074000000,27632000000,9770800000,8538400000,8545900000,0.2894,0.3719,0.3716,7.16E-05,7.16E-05,0.0001069
0,1,0,0,1,0,1,0,1,0,0,0,0,0,0,0,1,1,1,0,1,0,1,0,0,0,0.544781876,0.366281502,1.059950746,15200,0.4,0.00013,0.017,3000,72000,72000,72000,30000,30000,30000,0.2,0.2,0.2,5.00E-06,5.00E-06,5.00E-06,32120000000,31978000000,28862000000,10018000000,9565000000,9587200000,0.287,0.3676,0.3652,6.96E-05,7.00E-05,9.44E-05
1,0,1,0,1,1,0,0,1,0,0,0,0,0,0,0,0,1,0,1,1,1,1,0,0,15,0.809971154,0.215980002,1.580134325,15200,0.4,0.00013,0.017,3000,72000,72000,72000,30000,30000,30000,0.2,0.2,0.2,5.00E-06,5.00E-06,5.00E-06,33673000000,32989000000,29866000000,11115000000,8882200000,8963100000,0.2934,0.3587,0.3517,6.22E-05,6.70E-05,0.00010435
0,0,1,1,0,1,1,1,0,0,1,0,1,0,0,0,0,1,1,0,0,0,1,1,1,15,0.962165957,0.218447374,1.916129292,15200,0.4,0.00013,0.017,3000,72000,72000,72000,30000,30000,30000,0.2,0.2,0.2,5.00E-06,5.00E-06,5.00E-06,33458000000,32821000000,29701000000,11055000000,8678600000,8778800000,0.2951,0.358,0.3514,6.28E-05,6.74E-05,0.0001067
0,0,1,1,1,1,1,1,0,1,1,1,1,1,1,1,1,1,1,1,1,1,0,0,1,15,0.826357027,0.193229511,1.855465818,15200,0.4,0.00013,0.017,3000,72000,72000,72000,30000,30000,30000,0.2,0.2,0.2,5.00E-06,5.00E-06,5.00E-06,30568000000,29939000000,27492000000,9733400000,8058400000,8220000000,0.3095,0.365,0.359,7.01E-05,7.63E-05,0.00011136
1,1,1,1,1,0,0,1,1,0,1,0,1,1,1,0,1,1,0,0,1,0,1,1,0,15,0.317380078,0.125993471,0.658916648,15200,0.4,0.00013,0.017,3000,72000,72000,72000,30000,30000,30000,0.2,0.2,0.2,5.00E-06,5.00E-06,5.00E-06,30566000000,29846000000,27646000000,9656600000,8578000000,8777100000,0.3079,0.367,0.3599,7.07E-05,7.76E-05,0.0001026
1,0,0,1,1,1,1,1,0,0,0,1,1,0,0,0,0,0,0,1,1,0,0,0,1,15,0.857195432,0.190870997,1.655248328,15200,0.4,0.00013,0.017,3000,72000,72000,72000,30000,30000,30000,0.2,0.2,0.2,5.00E-06,5.00E-06,5.00E-06,34260000000,33659000000,30319000000,11376000000,8844000000,8928700000,0.2911,0.3555,0.3496,6.07E-05,6.50E-05,0.00010557
0,1,1,1,0,1,1,0,1,1,0,0,1,0,1,0,1,0,0,1,0,0,1,0,1,15,0.452358729,0.297015376,0.966485418,15200,0.4,0.00013,0.017,3000,72000,72000,72000,30000,30000,30000,0.2,0.2,0.2,5.00E-06,5.00E-06,5.00E-06,29829000000,29075000000,27431000000,9295700000,8919700000,9120200000,0.3141,0.3662,0.3584,7.36E-05,8.10E-05,9.60E-05
1,0,1,0,0,1,0,0,0,1,1,0,1,0,0,1,0,1,0,1,0,1,0,0,0,15,0.928485437,0.191818819,1.895603459,15200,0.4,0.00013,0.017,3000,72000,72000,72000,30000,30000,30000,0.2,0.2,0.2,5.00E-06,5.00E-06,5.00E-06,32360000000,31961000000,28938000000,10679000000,8399500000,8526400000,0.2995,0.3585,0.3549,6.58E-05,6.94E-05,0.00010966
0,1,1,0,0,0,0,1,1,1,0,0,0,0,1,1,0,1,0,0,1,0,1,0,1,15,0.962068579,0.112529892,2.060483461,15200,0.4,0.00013,0.017,3000,72000,72000,72000,30000,30000,30000,0.2,0.2,0.2,5.00E-06,5.00E-06,5.00E-06,31759000000,31117000000,28525000000,10210000000,8004300000,8212600000,0.3083,0.3569,0.3511,6.69E-05,7.30E-05,0.00011374
0,0,1,0,1,0,0,0,0,0,1,0,1,0,0,0,1,1,0,0,0,1,1,0,1,15,0.9796132,0.346374996,2.056504572,15200,0.4,0.00013,0.017,3000,72000,72000,72000,30000,30000,30000,0.2,0.2,0.2,5.00E-06,5.00E-06,5.00E-06,30703000000,29911000000,27644000000,9710200000,8458700000,8610300000,0.3079,0.3675,0.3591,7.01E-05,7.71E-05,0.00010493
0,0,0,0,1,0,0,0,0,0,0,0,0,1,0,1,1,0,0,1,0,0,1,0,0,15,0.418805735,0.228738152,0.905218937,15200,0.4,0.00013,0.017,3000,72000,72000,72000,30000,30000,30000,0.2,0.2,0.2,5.00E-06,5.00E-06,5.00E-06,29798000000,29043000000,27077000000,9272100000,8668200000,8840400000,0.3111,0.3704,0.3622,7.31E-05,8.02E-05,0.00010057
1,1,0,1,1,0,1,1,1,0,0,1,1,1,0,0,0,0,1,1,0,0,1,0,0,15,0.279745861,0.162173902,0.514142263,15200,0.4,0.00013,0.017,3000,72000,72000,72000,30000,30000,30000,0.2,0.2,0.2,5.00E-06,5.00E-06,5.00E-06,34001000000,33093000000,30626000000,10924000000,9965600000,10071000000,0.294,0.3575,0.3476,6.22E-05,6.81E-05,9.03E-05
1,1,1,1,0,0,1,1,0,1,0,1,1,1,0,0,1,0,0,0,0,1,0,1,0,15,0.78971501,0.267558189,1.399016773,15200,0.4,0.00013,0.017,3000,72000,72000,72000,30000,30000,30000,0.2,0.2,0.2,5.00E-06,5.00E-06,5.00E-06,35237000000,34373000000,31189000000,11581000000,9570400000,9614100000,0.287,0.3556,0.3465,5.86E-05,6.38E-05,9.70E-05
1,0,1,0,1,1,1,1,0,1,1,1,0,0,1,0,1,0,1,0,1,0,0,1,1,15,0.301304392,0.296284447,0.639117711,15200,0.4,0.00013,0.017,3000,72000,72000,72000,30000,30000,30000,0.2,0.2,0.2,5.00E-06,5.00E-06,5.00E-06,30016000000,29049000000,28049000000,9121500000,9325900000,9477100000,0.3196,0.3613,0.3494,7.47E-05,8.29E-05,8.90E-05
1,1,1,1,1,1,0,1,0,0,1,1,0,1,0,1,1,1,0,0,1,1,1,1,0,15,0.578074387,0.106144756,1.150871347,15200,0.4,0.00013,0.017,3000,72000,72000,72000,30000,30000,30000,0.2,0.2,0.2,5.00E-06,5.00E-06,5.00E-06,33723000000,33212000000,29967000000,11211000000,8582200000,8705800000,0.2948,0.3545,0.3498,6.22E-05,6.62E-05,0.00010839
0,0,0,1,1,1,1,1,0,1,0,1,1,1,1,0,0,1,0,0,1,0,1,0,1,15,0.515772672,0.39694005,1.109221462,15200,0.4,0.00013,0.017,3000,72000,72000,72000,30000,30000,30000,0.2,0.2,0.2,5.00E-06,5.00E-06,5.00E-06,29773000000,28912000000,27527000000,9177500000,9036000000,9260500000,0.3166,0.3653,0.3558,7.42E-05,8.24E-05,9.34E-05
1,0,1,0,0,1,1,0,0,0,0,1,1,1,0,0,1,0,0,0,0,0,0,1,0,15,0.492271021,0.344689733,1.104858199,15200,0.4,0.00013,0.017,3000,72000,72000,72000,30000,30000,30000,0.2,0.2,0.2,5.00E-06,5.00E-06,5.00E-06,29306000000,28513000000,26891000000,9065100000,8795800000,8950200000,0.3159,0.3698,0.3607,7.50E-05,8.25E-05,9.77E-05
1,1,0,0,0,0,0,0,1,1,0,0,0,0,1,1,1,1,0,0,1,0,0,0,1,15,0.562487288,0.167295536,1.079637485,15200,0.4,0.00013,0.017,3000,72000,72000,72000,30000,30000,30000,0.2,0.2,0.2,5.00E-06,5.00E-06,5.00E-06,33917000000,33313000000,30111000000,11198000000,9060300000,9152800000,0.2911,0.358,0.3521,6.17E-05,6.61E-05,0.00010216
1,1,1,0,0,0,0,1,1,0,1,0,0,0,0,0,1,1,0,0,1,1,0,1,0,15,0.778311023,0.120535459,1.52350735,15200,0.4,0.00013,0.017,3000,72000,72000,72000,30000,30000,30000,0.2,0.2,0.2,5.00E-06,5.00E-06,5.00E-06,34284000000,33865000000,30453000000,11472000000,8616000000,8746900000,0.2928,0.3508,0.3477,6.08E-05,6.44E-05,0.00010872
0,1,0,1,1,0,1,0,1,0,1,1,0,1,0,1,0,1,1,0,0,0,1,0,0,15,0.995714348,0.230250249,1.90389276,15200,0.4,0.00013,0.017,3000,72000,72000,72000,30000,30000,30000,0.2,0.2,0.2,5.00E-06,5.00E-06,5.00E-06,34417000000,33835000000,30484000000,11451000000,8933900000,9005500000,0.2906,0.3545,0.3491,6.03E-05,6.47E-05,0.00010473
1,0,1,0,1,1,0,0,1,1,1,1,1,1,1,1,0,0,1,1,1,1,1,1,1,15,0.90730058,0.157449484,1.888811331,15200,0.4,0.00013,0.017,3000,72000,72000,72000,30000,30000,30000,0.2,0.2,0.2,5.00E-06,5.00E-06,5.00E-06,31700000000,31082000000,28456000000,10188000000,8142900000,8330900000,0.3062,0.3592,0.3535,6.72E-05,7.30E-05,0.00011126
1,0,1,1,0,0,0,1,0,1,0,1,0,1,0,1,0,1,1,0,0,0,0,0,1,15,0.256654959,0.251388011,0.467436393,15200,0.4,0.00013,0.017,3000,72000,72000,72000,30000,30000,30000,0.2,0.2,0.2,5.00E-06,5.00E-06,5.00E-06,35199000000,34157000000,32756000000,11247000000,10729000000,10853000000,0.3017,0.3401,0.3291,6.08E-05,6.76E-05,7.99E-05
0,0,1,0,1,0,1,1,0,0,0,1,1,0,1,1,0,0,0,1,0,0,1,1,0,15,0.97135131,0.314067779,1.741635161,15200,0.4,0.00013,0.017,3000,72000,72000,72000,30000,30000,30000,0.2,0.2,0.2,5.00E-06,5.00E-06,5.00E-06,35122000000,34287000000,31092000000,11560000000,9483100000,9544000000,0.2876,0.3554,0.3469,5.87E-05,6.41E-05,9.79E-05
0,0,1,1,0,0,0,1,0,0,0,1,1,1,0,1,0,0,1,1,0,0,1,1,0,15,0.753779439,0.176180412,1.542280656,15200,0.4,0.00013,0.017,3000,72000,72000,72000,30000,30000,30000,0.2,0.2,0.2,5.00E-06,5.00E-06,5.00E-06,32189000000,31737000000,28740000000,10576000000,8405100000,8524000000,0.2995,0.3608,0.3562,6.62E-05,6.98E-05,0.00010934
0,0,0,0,1,1,0,1,0,0,0,0,1,0,1,0,0,0,1,0,0,0,0,1,0,15,0.339292373,0.104047677,0.70996037,15200,0.4,0.00013,0.017,3000,72000,72000,72000,30000,30000,30000,0.2,0.2,0.2,5.00E-06,5.00E-06,5.00E-06,30879000000,30213000000,27822000000,9828100000,8379600000,8549700000,0.307,0.3651,0.3587,6.96E-05,7.60E-05,0.00010631
0,1,0,1,0,0,0,1,1,0,0,0,0,0,0,1,0,1,0,1,0,1,1,0,0,15,0.779236816,0.307646809,1.462489795,15200,0.4,0.00013,0.017,3000,72000,72000,72000,30000,30000,30000,0.2,0.2,0.2,5.00E-06,5.00E-06,5.00E-06,33854000000,33138000000,30158000000,11047000000,9408000000,9466700000,0.2914,0.3595,0.3519,6.21E-05,6.68E-05,9.78E-05
1,0,0,0,1,1,1,1,0,1,1,0,1,1,1,0,0,0,1,0,0,1,1,0,1,15,0.86945499,0.398421625,1.700984875,15200,0.4,0.00013,0.017,3000,72000,72000,72000,30000,30000,30000,0.2,0.2,0.2,5.00E-06,5.00E-06,5.00E-06,32705000000,32075000000,29350000000,10612000000,9319800000,9408000000,0.2959,0.3622,0.3556,6.52E-05,6.98E-05,9.75E-05
0,0,1,0,0,0,1,0,1,0,0,0,1,0,1,1,0,0,0,1,1,0,0,1,1,15,0.451071862,0.381462262,0.928651214,15200,0.4,0.00013,0.017,3000,72000,72000,72000,30000,30000,30000,0.2,0.2,0.2,5.00E-06,5.00E-06,5.00E-06,30672000000,29900000000,28425000000,9589500000,9399400000,9550500000,0.313,0.3611,0.3515,7.25E-05,7.84E-05,9.08E-05
1,0,1,1,1,1,1,1,1,0,1,1,0,0,1,1,1,1,1,1,1,0,1,0,1,15,0.968227766,0.163543299,2.08766312,15200,0.4,0.00013,0.017,3000,72000,72000,72000,30000,30000,30000,0.2,0.2,0.2,5.00E-06,5.00E-06,5.00E-06,31299000000,30658000000,28096000000,10040000000,8048500000,8210100000,0.3082,0.3609,0.3546,6.82E-05,7.40E-05,0.00011271
0,0,0,0,0,0,0,0,1,0,0,0,1,0,1,0,1,0,0,1,1,1,0,1,1,15,0.902835777,0.297129707,1.789561877,15200,0.4,0.00013,0.017,3000,72000,72000,72000,30000,30000,30000,0.2,0.2,0.2,5.00E-06,5.00E-06,5.00E-06,32986000000,32387000000,29403000000,10829000000,8954600000,9047300000,0.2948,0.3611,0.355,6.41E-05,6.86E-05,0.00010253
0,1,1,0,1,0,1,1,0,1,0,1,1,0,0,1,0,0,0,1,1,1,1,1,1,15,0.976729461,0.299583532,1.783739524,15200,0.4,0.00013,0.017,3000,72000,72000,72000,30000,30000,30000,0.2,0.2,0.2,5.00E-06,5.00E-06,5.00E-06,34934000000,34129000000,30923000000,11488000000,9368200000,9418200000,0.2881,0.3559,0.3475,5.93E-05,6.44E-05,9.90E-05
0,1,0,0,1,0,1,1,0,1,0,1,1,1,0,1,0,1,1,0,0,0,0,1,1,15,0.540759703,0.242467062,1.167638428,15200,0.4,0.00013,0.017,3000,72000,72000,72000,30000,30000,30000,0.2,0.2,0.2,5.00E-06,5.00E-06,5.00E-06,29982000000,29257000000,27135000000,9438500000,8534400000,8689600000,0.31,0.37,0.3623,7.23E-05,7.91E-05,0.00010316
1,0,0,0,1,1,1,1,0,1,0,0,0,0,1,1,0,1,0,1,0,0,0,1,0,15,0.411667623,0.374216236,0.925088933,15200,0.4,0.00013,0.017,3000,72000,72000,72000,30000,30000,30000,0.2,0.2,0.2,5.00E-06,5.00E-06,5.00E-06,29325000000,28375000000,27243000000,8950800000,9039600000,9232000000,0.3206,0.3662,0.3548,7.59E-05,8.46E-05,9.23E-05
0,0,0,1,0,0,1,0,0,0,1,0,0,1,0,1,0,0,0,0,1,0,0,1,0,15,0.678287133,0.229138319,1.285581775,15200,0.4,0.00013,0.017,3000,72000,72000,72000,30000,30000,30000,0.2,0.2,0.2,5.00E-06,5.00E-06,5.00E-06,34085000000,33236000000,30193000000,11152000000,9240900000,9269000000,0.2914,0.36,0.3505,6.14E-05,6.65E-05,0.00010016
0,0,1,1,0,1,1,1,0,0,0,1,0,1,0,0,1,1,0,0,1,1,1,1,0,15,0.591937058,0.382249725,1.318008335,15200,0.4,0.00013,0.017,3000,72000,72000,72000,30000,30000,30000,0.2,0.2,0.2,5.00E-06,5.00E-06,5.00E-06,29458000000,28615000000,26867000000,9121000000,8736600000,8897600000,0.3141,0.3715,0.3616,7.43E-05,8.19E-05,9.90E-05
0,0,1,0,1,0,1,1,1,1,1,1,1,0,0,1,1,1,1,0,0,0,1,0,0,15,0.614685309,0.268111186,1.302036605,15200,0.4,0.00013,0.017,3000,72000,72000,72000,30000,30000,30000,0.2,0.2,0.2,5.00E-06,5.00E-06,5.00E-06,30396000000,29629000000,27452000000,9554400000,8563700000,8729200000,0.3085,0.3688,0.3606,7.11E-05,7.81E-05,0.00010303
1,1,0,0,1,0,0,0,0,1,1,1,1,0,0,1,1,1,1,0,0,0,1,0,0,15,0.315383378,0.151262887,0.616520744,15200,0.4,0.00013,0.017,3000,72000,72000,72000,30000,30000,30000,0.2,0.2,0.2,5.00E-06,5.00E-06,5.00E-06,32698000000,31995000000,29322000000,10582000000,9346100000,9447500000,0.2963,0.363,0.3554,6.51E-05,7.02E-05,9.71E-05
1,0,1,0,1,0,1,0,1,1,0,1,1,0,1,1,0,1,1,0,0,0,1,0,1,15,0.681230453,0.263046725,1.348236766,15200,0.4,0.00013,0.017,3000,72000,72000,72000,30000,30000,30000,0.2,0.2,0.2,5.00E-06,5.00E-06,5.00E-06,32857000000,32178000000,29361000000,10754000000,9095500000,9162700000,0.2963,0.3617,0.3545,6.45E-05,6.94E-05,0.00010079
1,0,0,0,1,0,0,1,1,1,1,1,0,0,0,0,0,0,0,0,1,1,0,1,0,15,0.928809641,0.317024058,1.818667003,15200,0.4,0.00013,0.017,3000,72000,72000,72000,30000,30000,30000,0.2,0.2,0.2,5.00E-06,5.00E-06,5.00E-06,33074000000,32548000000,29533000000,10882000000,9034500000,9142200000,0.294,0.36,0.3551,6.39E-05,6.82E-05,0.00010161
0,1,0,1,1,0,1,0,1,0,0,1,0,0,0,1,1,0,0,0,0,1,1,0,0,15,0.656040112,0.295235225,1.209051032,15200,0.4,0.00013,0.017,3000,72000,72000,72000,30000,30000,30000,0.2,0.2,0.2,5.00E-06,5.00E-06,5.00E-06,34240000000,33304000000,30458000000,11082000000,9691200000,9703900000,0.2907,0.3603,0.3496,6.12E-05,6.67E-05,9.49E-05
0,1,0,1,0,1,1,0,1,0,0,0,1,1,1,1,1,0,1,1,1,1,0,0,1,15,0.257283576,0.213239266,0.520069399,15200,0.4,0.00013,0.017,3000,72000,72000,72000,30000,30000,30000,0.2,0.2,0.2,5.00E-06,5.00E-06,5.00E-06,31700000000,30700000000,29093000000,9913100000,9737500000,9790900000,0.308,0.3618,0.349,6.94E-05,7.60E-05,8.91E-05
1,0,1,0,1,1,0,1,0,1,0,1,0,1,1,0,1,1,1,0,1,1,0,0,1,15,0.514537523,0.193383163,0.950149065,15200,0.4,0.00013,0.017,3000,72000,72000,72000,30000,30000,30000,0.2,0.2,0.2,5.00E-06,5.00E-06,5.00E-06,34316000000,33587000000,30530000000,11257000000,9464800000,9516000000,0.2901,0.3575,0.3499,6.09E-05,6.57E-05,9.77E-05
0,1,0,0,1,0,1,0,1,1,0,0,0,1,1,0,1,1,0,1,0,0,1,0,1,15,0.699233952,0.274976655,1.36965736,15200,0.4,0.00013,0.017,3000,72000,72000,72000,30000,30000,30000,0.2,0.2,0.2,5.00E-06,5.00E-06,5.00E-06,33103000000,32260000000,29443000000,10767000000,9173900000,9196300000,0.2953,0.3635,0.3537,6.38E-05,6.92E-05,0.00010027
1,0,1,1,1,1,1,0,1,0,1,0,1,0,0,0,1,1,1,1,0,1,0,0,1,15,0.666991669,0.13126394,1.209163312,15200,0.4,0.00013,0.017,3000,72000,72000,72000,30000,30000,30000,0.2,0.2,0.2,5.00E-06,5.00E-06,5.00E-06,35640000000,35122000000,31551000000,11946000000,9105500000,9215300000,0.2866,0.3481,0.3443,5.75E-05,6.17E-05,0.00010321
1,1,1,0,0,1,0,0,0,1,1,1,0,1,1,1,0,1,1,0,1,1,0,0,1,15,0.470084203,0.190108967,0.919617349,15200,0.4,0.00013,0.017,3000,72000,72000,72000,30000,30000,30000,0.2,0.2,0.2,5.00E-06,5.00E-06,5.00E-06,32951000000,32251000000,29393000000,10729000000,9174100000,9254400000,0.2949,0.3627,0.3553,6.42E-05,6.92E-05,9.98E-05
1,1,0,1,0,0,0,1,1,1,0,1,1,0,0,0,0,0,1,0,0,1,0,1,1,15,0.4902861,0.155742691,1.036820855,15200,0.4,0.00013,0.017,3000,72000,72000,72000,30000,30000,30000,0.2,0.2,0.2,5.00E-06,5.00E-06,5.00E-06,30781000000,30073000000,27714000000,9781000000,8352600000,8541600000,0.3076,0.3659,0.359,6.97E-05,7.65E-05,0.00010658
1,1,0,1,1,0,1,1,1,1,1,1,0,1,1,0,1,1,1,0,1,0,1,1,1,15,0.607324632,0.303440043,1.172605809,15200,0.4,0.00013,0.017,3000,72000,72000,72000,30000,30000,30000,0.2,0.2,0.2,5.00E-06,5.00E-06,5.00E-06,32963000000,32215000000,29588000000,10618000000,9489000000,9558000000,0.2956,0.3621,0.3537,6.47E-05,6.98E-05,9.55E-05
0,0,0,1,0,0,0,0,0,0,1,1,1,1,0,1,0,0,0,1,1,0,1,0,1,15,0.726815099,0.345208226,1.296660722,15200,0.4,0.00013,0.017,3000,72000,72000,72000,30000,30000,30000,0.2,0.2,0.2,5.00E-06,5.00E-06,5.00E-06,34602000000,33807000000,31019000000,11228000000,9891600000,9990400000,0.2902,0.3555,0.3472,6.06E-05,6.58E-05,9.20E-05
0,0,1,0,1,1,1,1,0,1,1,0,0,0,0,1,1,0,1,1,0,0,0,0,0,15,0.452451239,0.29727292,0.979068097,15200,0.4,0.00013,0.017,3000,72000,72000,72000,30000,30000,30000,0.2,0.2,0.2,5.00E-06,5.00E-06,5.00E-06,29605000000,28871000000,27134000000,9175100000,8832200000,9053000000,0.3133,0.3687,0.3609,7.42E-05,8.14E-05,9.72E-05
0,1,0,1,1,1,1,0,0,0,0,1,0,0,0,0,0,1,1,1,1,0,0,1,0,15,0.932534775,0.134848909,1.92812672,15200,0.4,0.00013,0.017,3000,72000,72000,72000,30000,30000,30000,0.2,0.2,0.2,5.00E-06,5.00E-06,5.00E-06,32072000000,31539000000,28788000000,10416000000,8142300000,8338600000,0.305,0.3563,0.3518,6.63E-05,7.15E-05,0.00011213
0,1,0,0,0,0,1,1,0,1,0,0,1,1,0,0,0,1,0,1,0,1,0,0,0,15,0.23344122,0.228356997,0.427680539,15200,0.4,0.00013,0.017,3000,72000,72000,72000,30000,30000,30000,0.2,0.2,0.2,5.00E-06,5.00E-06,5.00E-06,34339000000,33021000000,31651000000,10633000000,10646000000,10609000000,0.3023,0.3506,0.334,6.35E-05,7.05E-05,8.06E-05
1,0,1,0,0,0,1,0,0,0,0,1,0,0,1,1,1,1,0,0,0,1,0,1,1,15,0.702239217,0.100826031,1.292688365,15200,0.4,0.00013,0.017,3000,72000,72000,72000,30000,30000,30000,0.2,0.2,0.2,5.00E-06,5.00E-06,5.00E-06,35727000000,35272000000,31611000000,12036000000,8885300000,9015700000,0.2876,0.3457,0.3426,5.72E-05,6.12E-05,0.00010634
0,0,0,0,0,0,1,0,0,1,0,0,1,0,1,1,0,0,0,1,0,0,1,1,1,15,0.923384628,0.12348127,1.632105451,15200,0.4,0.00013,0.017,3000,72000,72000,72000,30000,30000,30000,0.2,0.2,0.2,5.00E-06,5.00E-06,5.00E-06,36662000000,36134000000,32382000000,12359000000,9080000000,9212900000,0.2846,0.3427,0.3388,5.52E-05,5.93E-05,0.00010402
1,0,0,1,0,1,1,0,1,1,0,1,1,1,1,1,1,1,0,0,0,0,1,1,0,15,0.505966485,0.202112894,1.040683959,15200,0.4,0.00013,0.017,3000,72000,72000,72000,30000,30000,30000,0.2,0.2,0.2,5.00E-06,5.00E-06,5.00E-06,31258000000,30659000000,28079000000,10087000000,8730300000,8846400000,0.3022,0.367,0.3602,6.90E-05,7.36E-05,0.0001032
1,0,0,0,0,0,1,1,1,0,0,0,0,0,0,1,1,1,1,1,0,1,0,1,0,15,0.471714535,0.19615377,1.032632874,15200,0.4,0.00013,0.017,3000,72000,72000,72000,30000,30000,30000,0.2,0.2,0.2,5.00E-06,5.00E-06,5.00E-06,29973000000,29355000000,27200000000,9466000000,8460700000,8672200000,0.31,0.368,0.3625,7.23E-05,7.90E-05,0.00010356
1,1,1,0,1,1,1,0,0,0,0,0,1,0,0,1,0,1,0,1,1,0,1,0,0,15,0.963129592,0.378903829,2.025319024,15200,0.4,0.00013,0.017,3000,72000,72000,72000,30000,30000,30000,0.2,0.2,0.2,5.00E-06,5.00E-06,5.00E-06,30551000000,29743000000,27539000000,9629200000,8531400000,8689800000,0.3082,0.3685,0.3599,7.05E-05,7.78E-05,0.00010366
1,1,1,1,0,1,1,1,0,0,0,0,0,0,1,1,1,1,0,1,1,1,1,0,0,15,0.426999063,0.1878016,0.889339368,15200,0.4,0.00013,0.017,3000,72000,72000,72000,30000,30000,30000,0.2,0.2,0.2,5.00E-06,5.00E-06,5.00E-06,30436000000,29779000000,27536000000,9584400000,8601200000,8791700000,0.3073,0.3678,0.3613,7.12E-05,7.75E-05,0.00010244
1,0,1,0,0,0,1,1,1,1,0,0,0,0,0,1,0,1,1,1,0,0,0,0,1,15,0.995745664,0.320142878,1.940284343,15200,0.4,0.00013,0.017,3000,72000,72000,72000,30000,30000,30000,0.2,0.2,0.2,5.00E-06,5.00E-06,5.00E-06,33328000000,32820000000,29731000000,10988000000,9024500000,9129900000,0.2931,0.3588,0.3541,6.33E-05,6.74E-05,0.00010199
1,1,1,1,1,0,0,0,1,1,0,0,1,0,1,0,1,0,1,0,0,1,0,1,0,15,0.229179325,0.206886516,0.437529557,15200,0.4,0.00013,0.017,3000,72000,72000,72000,30000,30000,30000,0.2,0.2,0.2,5.00E-06,5.00E-06,5.00E-06,33361000000,32311000000,30756000000,10451000000,10255000000,10309000000,0.3038,0.3528,0.3406,6.52E-05,7.21E-05,8.41E-05
0,0,0,0,1,0,0,0,1,1,0,0,0,0,1,0,1,0,0,0,1,0,1,0,0,15,0.315967492,0.33427741,0.568085315,15200,0.4,0.00013,0.017,3000,72000,72000,72000,30000,30000,30000,0.2,0.2,0.2,5.00E-06,5.00E-06,5.00E-06,34734000000,33510000000,32316000000,10785000000,10811000000,10840000000,0.3031,0.3445,0.33,6.27E-05,6.98E-05,7.83E-05
1,0,0,1,1,0,0,0,1,1,1,0,1,0,0,1,1,0,0,1,1,1,0,0,1,15,0.790785574,0.176062345,1.53139242,15200,0.4,0.00013,0.017,3000,72000,72000,72000,30000,30000,30000,0.2,0.2,0.2,5.00E-06,5.00E-06,5.00E-06,34147000000,33635000000,30268000000,11362000000,8826800000,8919500000,0.2912,0.3549,0.3504,6.10E-05,6.50E-05,0.00010581
1,1,1,0,0,0,0,1,1,0,0,0,0,1,0,1,0,1,1,1,1,1,1,0,1,15,0.223553717,0.243801819,0.415058856,15200,0.4,0.00013,0.017,3000,72000,72000,72000,30000,30000,30000,0.2,0.2,0.2,5.00E-06,5.00E-06,5.00E-06,33961000000,32757000000,31649000000,10442000000,10622000000,10720000000,0.3053,0.3476,0.3332,6.49E-05,7.22E-05,7.86E-05
1,0,0,0,0,1,0,0,0,1,0,1,0,1,0,1,0,1,1,0,1,0,1,1,0,15,0.368683425,0.386188483,0.708383265,15200,0.4,0.00013,0.017,3000,72000,72000,72000,30000,30000,30000,0.2,0.2,0.2,5.00E-06,5.00E-06,5.00E-06,33472000000,32293000000,31116000000,10385000000,10490000000,10440000000,0.3069,0.3503,0.3354,6.59E-05,7.28E-05,8.11E-05
1,0,0,1,0,1,0,1,1,1,0,0,1,0,0,0,1,0,1,1,0,1,1,0,0,15,0.491468666,0.253223711,0.990245503,15200,0.4,0.00013,0.017,3000,72000,72000,72000,30000,30000,30000,0.2,0.2,0.2,5.00E-06,5.00E-06,5.00E-06,31723000000,31151000000,28697000000,10255000000,9214800000,9346900000,0.3008,0.3637,0.3577,6.80E-05,7.26E-05,9.73E-05
0,1,1,1,0,0,1,0,1,1,0,0,0,0,1,1,1,0,1,1,0,0,0,1,1,15,0.212067011,0.181463313,0.423078335,15200,0.4,0.00013,0.017,3000,72000,72000,72000,30000,30000,30000,0.2,0.2,0.2,5.00E-06,5.00E-06,5.00E-06,31999000000,30987000000,29361000000,10007000000,9862600000,9917000000,0.3069,0.3607,0.348,6.85E-05,7.51E-05,8.81E-05
0,0,1,0,1,1,0,0,1,1,1,1,0,1,0,1,1,1,1,0,1,0,1,1,1,15,0.220434405,0.313390269,0.472023601,15200,0.4,0.00013,0.017,3000,72000,72000,72000,30000,30000,30000,0.2,0.2,0.2,5.00E-06,5.00E-06,5.00E-06,30603000000,29462000000,29443000000,9123700000,9647400000,9857900000,0.3284,0.3475,0.3339,7.50E-05,8.49E-05,8.08E-05
0,1,1,1,0,0,0,1,0,1,0,0,0,1,1,0,0,1,1,0,1,0,1,1,1,15,0.521754175,0.175984456,1.143281916,15200,0.4,0.00013,0.017,3000,72000,72000,72000,30000,30000,30000,0.2,0.2,0.2,5.00E-06,5.00E-06,5.00E-06,30273000000,29533000000,27266000000,9577200000,8301800000,8457700000,0.3095,0.3687,0.361,7.11E-05,7.80E-05,0.00010689
1,0,1,1,1,0,1,0,1,0,0,0,1,0,0,1,1,0,1,1,0,0,0,1,0,15,0.412524962,0.349180126,0.775281558,15200,0.4,0.00013,0.017,3000,72000,72000,72000,30000,30000,30000,0.2,0.2,0.2,5.00E-06,5.00E-06,5.00E-06,33738000000,32730000000,31046000000,10672000000,10292000000,10417000000,0.3017,0.3514,0.3404,6.39E-05,7.08E-05,8.41E-05
1,1,0,1,0,0,0,1,0,0,1,1,1,0,1,1,0,1,0,0,0,0,0,0,0,15,0.607579595,0.172186473,1.192165162,15200,0.4,0.00013,0.017,3000,72000,72000,72000,30000,30000,30000,0.2,0.2,0.2,5.00E-06,5.00E-06,5.00E-06,33421000000,32819000000,29704000000,11031000000,8886000000,8986400000,0.2936,0.3591,0.3533,6.28E-05,6.74E-05,0.00010395
1,1,1,0,0,1,0,1,1,0,0,0,1,0,1,1,0,0,0,1,1,0,1,1,1,15,0.381622734,0.252285105,0.816364895,15200,0.4,0.00013,0.017,3000,72000,72000,72000,30000,30000,30000,0.2,0.2,0.2,5.00E-06,5.00E-06,5.00E-06,29843000000,29117000000,27359000000,9264100000,8892900000,9096600000,0.3126,0.3674,0.3598,7.36E-05,8.06E-05,9.68E-05
1,1,0,0,1,1,0,0,0,1,0,0,1,0,0,1,1,1,1,0,1,1,0,0,1,15,0.767384051,0.28759439,1.662482505,15200,0.4,0.00013,0.017,3000,72000,72000,72000,30000,30000,30000,0.2,0.2,0.2,5.00E-06,5.00E-06,5.00E-06,30253000000,29525000000,27251000000,9545800000,8378900000,8520800000,0.3088,0.3696,0.3615,7.14E-05,7.78E-05,0.00010594
0,1,0,0,0,1,0,1,1,1,0,0,0,0,1,0,1,1,1,1,0,0,0,0,0,15,0.478265088,0.318529153,0.999095073,15200,0.4,0.00013,0.017,3000,72000,72000,72000,30000,30000,30000,0.2,0.2,0.2,5.00E-06,5.00E-06,5.00E-06,29993000000,29351000000,27590000000,9320400000,8956000000,9226800000,0.3118,0.3652,0.3591,7.33E-05,8.01E-05,9.56E-05
0,0,1,1,0,1,0,0,0,0,1,0,1,1,1,1,0,1,0,0,1,1,0,1,0,15,0.894765312,0.169104148,1.731205163,15200,0.4,0.00013,0.017,3000,72000,72000,72000,30000,30000,30000,0.2,0.2,0.2,5.00E-06,5.00E-06,5.00E-06,34376000000,33899000000,30474000000,11490000000,8762200000,8867000000,0.2913,0.3526,0.3487,6.04E-05,6.44E-05,0.00010698
1,1,0,0,0,0,1,1,1,1,0,0,0,1,0,0,0,0,1,0,1,0,0,0,0,15,0.757398131,0.217353886,1.467379938,15200,0.4,0.00013,0.017,3000,72000,72000,72000,30000,30000,30000,0.2,0.2,0.2,5.00E-06,5.00E-06,5.00E-06,33795000000,33129000000,29964000000,11135000000,8982000000,9057100000,0.292,0.359,0.352,6.20E-05,6.65E-05,0.00010306
0,0,0,1,1,0,0,0,1,0,0,0,1,1,1,0,0,1,0,0,1,0,1,1,0,15,0.440609127,0.183854754,0.84851727,15200,0.4,0.00013,0.017,3000,72000,72000,72000,30000,30000,30000,0.2,0.2,0.2,5.00E-06,5.00E-06,5.00E-06,33409000000,32583000000,29743000000,10841000000,9346800000,9389600000,0.2934,0.3625,0.3531,6.32E-05,6.84E-05,9.81E-05
1,0,1,0,0,1,0,0,0,0,0,0,1,1,0,1,0,1,1,1,0,0,0,0,0,15,0.923321035,0.378960878,1.866196093,15200,0.4,0.00013,0.017,3000,72000,72000,72000,30000,30000,30000,0.2,0.2,0.2,5.00E-06,5.00E-06,5.00E-06,32063000000,31385000000,28752000000,10363000000,8994500000,9094000000,0.299,0.3647,0.3572,6.68E-05,7.19E-05,0.00010046
1,0,0,0,1,0,1,0,0,1,1,0,0,0,0,1,0,0,1,1,0,0,0,1,0,15,0.700648358,0.243812276,1.578825705,15200,0.4,0.00013,0.017,3000,72000,72000,72000,30000,30000,30000,0.2,0.2,0.2,5.00E-06,5.00E-06,5.00E-06,30010000000,29256000000,27029000000,9481200000,8256500000,8403400000,0.3106,0.37,0.362,7.17E-05,7.88E-05,0.00010743
1,1,1,0,1,0,1,0,1,0,0,1,1,0,0,1,1,1,1,0,0,1,1,1,0,15,0.703566005,0.25829774,1.486955692,15200,0.4,0.00013,0.017,3000,72000,72000,72000,30000,30000,30000,0.2,0.2,0.2,5.00E-06,5.00E-06,5.00E-06,30562000000,29842000000,27577000000,9661600000,8466200000,8643800000,0.308,0.3673,0.3601,7.05E-05,7.74E-05,0.00010448
1,0,1,0,0,0,0,0,1,1,0,1,1,1,0,0,1,1,0,1,1,0,0,1,1,15,0.573143557,0.241204227,1.170242632,15200,0.4,0.00013,0.017,3000,72000,72000,72000,30000,30000,30000,0.2,0.2,0.2,5.00E-06,5.00E-06,5.00E-06,31360000000,30965000000,28310000000,10194000000,8838500000,8971900000,0.3011,0.364,0.3602,6.89E-05,7.25E-05,0.00010205
0,1,1,0,0,0,1,1,0,0,1,1,0,1,0,1,0,0,0,1,0,1,1,0,1,15,0.783233144,0.253089405,1.570669153,15200,0.4,0.00013,0.017,3000,72000,72000,72000,30000,30000,30000,0.2,0.2,0.2,5.00E-06,5.00E-06,5.00E-06,32716000000,31918000000,29109000000,10661000000,8839000000,8911700000,0.2976,0.3634,0.3543,6.48E-05,7.02E-05,0.00010363
1,1,1,0,1,1,0,0,1,0,1,0,0,1,0,0,1,0,0,0,0,0,1,0,1,15,0.881048713,0.220785483,1.731014426,15200,0.4,0.00013,0.017,3000,72000,72000,72000,30000,30000,30000,0.2,0.2,0.2,5.00E-06,5.00E-06,5.00E-06,33589000000,33035000000,29857000000,11121000000,8824000000,8916200000,0.2935,0.3574,0.352,6.26E-05,6.68E-05,0.00010505
0,1,1,1,0,1,1,0,1,1,0,1,1,1,1,1,1,1,0,0,0,0,0,1,0,15,0.29009141,0.337409997,0.549953317,15200,0.4,0.00013,0.017,3000,72000,72000,72000,30000,30000,30000,0.2,0.2,0.2,5.00E-06,5.00E-06,5.00E-06,33903000000,32686000000,31811000000,10475000000,10600000000,10750000000,0.3086,0.3444,0.3304,6.49E-05,7.29E-05,7.81E-05
1,0,1,0,1,0,0,0,1,1,1,1,0,0,0,0,0,0,1,1,1,0,1,0,0,15,0.650775242,0.187315995,1.164455896,15200,0.4,0.00013,0.017,3000,72000,72000,72000,30000,30000,30000,0.2,0.2,0.2,5.00E-06,5.00E-06,5.00E-06,35259000000,34549000000,31220000000,11693000000,9374000000,9464800000,0.2869,0.3533,0.3466,5.84E-05,6.32E-05,9.93E-05
0,1,0,0,0,0,1,0,0,1,1,1,1,1,0,1,1,0,0,0,0,0,0,0,1,15,0.419892144,0.253285025,0.925827943,15200,0.4,0.00013,0.017,3000,72000,72000,72000,30000,30000,30000,0.2,0.2,0.2,5.00E-06,5.00E-06,5.00E-06,29579000000,28787000000,26955000000,9198000000,8702900000,8859600000,0.3132,0.3707,0.3617,7.39E-05,8.11E-05,9.98E-05
1,1,0,1,0,1,0,0,1,1,0,1,1,0,0,1,1,1,1,1,0,1,1,1,0,15,0.731163968,0.236116665,1.591777899,15200,0.4,0.00013,0.017,3000,72000,72000,72000,30000,30000,30000,0.2,0.2,0.2,5.00E-06,5.00E-06,5.00E-06,30343000000,29636000000,27344000000,9615700000,8299100000,8471100000,0.3091,0.3679,0.3608,7.09E-05,7.78E-05,0.00010687
1,0,1,1,0,1,1,1,1,0,1,1,0,1,1,1,1,0,0,1,0,1,0,0,0,15,0.974162811,0.316162236,2.19029384,15200,0.4,0.00013,0.017,3000,72000,72000,72000,30000,30000,30000,0.2,0.2,0.2,5.00E-06,5.00E-06,5.00E-06,30054000000,29387000000,27098000000,9525400000,8220500000,8375700000,0.3102,0.3687,0.362,7.17E-05,7.83E-05,0.00010801
1,0,1,0,1,1,0,1,1,1,1,1,1,1,0,0,1,1,0,0,1,1,1,0,1,15,0.204581589,0.310609104,0.382494015,15200,0.4,0.00013,0.017,3000,72000,72000,72000,30000,30000,30000,0.2,0.2,0.2,5.00E-06,5.00E-06,5.00E-06,34381000000,33285000000,33199000000,10476000000,10999000000,10922000000,0.3141,0.3319,0.3175,6.67E-05,7.24E-05,7.18E-05
0,0,1,1,1,0,0,1,0,0,1,1,1,1,0,1,1,1,1,1,1,1,1,0,0,15,0.690396489,0.109688755,1.244303222,15200,0.4,0.00013,0.017,3000,72000,72000,72000,30000,30000,30000,0.2,0.2,0.2,5.00E-06,5.00E-06,5.00E-06,36037000000,35529000000,31860000000,12113000000,9037500000,9153700000,0.2858,0.346,0.3419,5.67E-05,6.05E-05,0.00010418
1,0,0,1,0,0,0,1,1,1,1,1,0,1,1,1,1,0,1,0,0,0,0,0,0,15,0.64002739,0.182582945,1.337979509,15200,0.4,0.00013,0.017,3000,72000,72000,72000,30000,30000,30000,0.2,0.2,0.2,5.00E-06,5.00E-06,5.00E-06,31024000000,30344000000,27909000000,9883000000,8330400000,8512500000,0.3067,0.3645,0.358,6.91E-05,7.56E-05,0.0001072
0,0,1,0,1,0,1,0,0,0,1,1,0,1,1,0,1,1,0,0,0,1,0,1,1,15,0.213701673,0.28700789,0.451538915,15200,0.4,0.00013,0.017,3000,72000,72000,72000,30000,30000,30000,0.2,0.2,0.2,5.00E-06,5.00E-06,5.00E-06,31207000000,29874000000,29944000000,9366600000,9719800000,10026000000,0.3281,0.3458,0.3303,7.27E-05,8.40E-05,8.02E-05
0,1,1,1,0,0,0,1,1,0,0,1,0,1,0,1,1,0,0,1,1,0,1,1,0,15,0.857751107,0.257670851,1.823508973,15200,0.4,0.00013,0.017,3000,72000,72000,72000,30000,30000,30000,0.2,0.2,0.2,5.00E-06,5.00E-06,5.00E-06,30778000000,30104000000,27732000000,9784200000,8325700000,8510500000,0.3076,0.3652,0.3589,6.98E-05,7.64E-05,0.0001069
0,1,1,1,0,1,1,1,1,1,1,0,1,0,1,0,0,0,1,0,1,0,0,0,0,15,0.394224117,0.353838863,0.697552261,15200,0.4,0.00013,0.017,3000,72000,72000,72000,30000,30000,30000,0.2,0.2,0.2,5.00E-06,5.00E-06,5.00E-06,35032000000,33894000000,32320000000,10997000000,10683000000,10903000000,0.2988,0.3452,0.3337,6.08E-05,6.87E-05,8.00E-05
1,0,1,1,1,0,1,1,1,0,1,0,1,0,1,0,0,0,0,1,0,0,0,0,0,15,0.82525292,0.179819922,1.819165291,15200,0.4,0.00013,0.017,3000,72000,72000,72000,30000,30000,30000,0.2,0.2,0.2,5.00E-06,5.00E-06,5.00E-06,30819000000,30155000000,27726000000,9828600000,8099000000,8266900000,0.3091,0.3637,0.3573,6.95E-05,7.59E-05,0.00011074
0,0,0,1,0,0,1,0,0,0,1,1,0,1,1,1,0,0,1,0,0,1,1,1,1,15,0.398269774,0.250133303,0.836049326,15200,0.4,0.00013,0.017,3000,72000,72000,72000,30000,30000,30000,0.2,0.2,0.2,5.00E-06,5.00E-06,5.00E-06,30050000000,29287000000,27501000000,9340700000,8909300000,9132800000,0.3118,0.3672,0.3591,7.29E-05,8.01E-05,9.68E-05
1,1,0,0,0,0,0,0,0,0,0,0,1,1,0,1,0,0,1,1,0,1,1,0,1,15,0.624502994,0.120296768,1.369194118,15200,0.4,0.00013,0.017,3000,72000,72000,72000,30000,30000,30000,0.2,0.2,0.2,5.00E-06,5.00E-06,5.00E-06,31003000000,30393000000,27893000000,9917300000,8057400000,8235700000,0.3088,0.3618,0.3562,6.90E-05,7.51E-05,0.00011182
1,1,0,1,0,0,1,1,1,0,1,1,0,0,0,0,1,1,1,0,1,1,0,1,1,15,0.326844136,0.214783532,0.668608261,15200,0.4,0.00013,0.017,3000,72000,72000,72000,30000,30000,30000,0.2,0.2,0.2,5.00E-06,5.00E-06,5.00E-06,30945000000,30105000000,28102000000,9768300000,9239000000,9303900000,0.3068,0.3679,0.3569,7.07E-05,7.62E-05,9.56E-05
1,0,0,1,1,0,0,1,0,0,1,1,1,1,1,1,0,1,0,0,0,0,1,0,1,15,0.962921806,0.248783826,1.723981636,15200,0.4,0.00013,0.017,3000,72000,72000,72000,30000,30000,30000,0.2,0.2,0.2,5.00E-06,5.00E-06,5.00E-06,35408000000,34847000000,31403000000,11790000000,9313800000,9417500000,0.2861,0.3508,0.3461,5.82E-05,6.24E-05,0.00010006
0,0,1,1,1,0,1,1,1,1,1,0,0,0,1,1,0,0,0,0,0,0,0,0,1,15,0.244290106,0.270840067,0.473705639,15200,0.4,0.00013,0.017,3000,72000,72000,72000,30000,30000,30000,0.2,0.2,0.2,5.00E-06,5.00E-06,5.00E-06,33019000000,31890000000,30795000000,10170000000,10345000000,10419000000,0.3089,0.3506,0.3369,6.70E-05,7.43E-05,8.13E-05
0,1,0,0,0,1,1,1,0,0,1,0,1,1,0,1,0,1,1,1,1,0,0,1,0,15,0.269720134,0.368624525,0.534193229,15200,0.4,0.00013,0.017,3000,72000,72000,72000,30000,30000,30000,0.2,0.2,0.2,5.00E-06,5.00E-06,5.00E-06,33270000000,32205000000,31880000000,10230000000,10556000000,10614000000,0.3162,0.3383,0.3256,6.80E-05,7.52E-05,7.61E-05
0,1,1,0,0,1,1,0,1,1,0,1,1,1,0,1,0,0,0,0,0,0,0,1,1,15,0.352648041,0.342935749,0.734858368,15200,0.4,0.00013,0.017,3000,72000,72000,72000,30000,30000,30000,0.2,0.2,0.2,5.00E-06,5.00E-06,5.00E-06,30304000000,29318000000,28438000000,9266800000,9338800000,9697400000,0.3203,0.3577,0.347,7.35E-05,8.29E-05,8.74E-05
0,0,0,1,0,1,1,1,0,0,0,0,1,1,1,0,1,0,0,0,0,1,1,0,0,15,0.974992007,0.219357221,2.021498569,15200,0.4,0.00013,0.017,3000,72000,72000,72000,30000,30000,30000,0.2,0.2,0.2,5.00E-06,5.00E-06,5.00E-06,31378000000,30814000000,28254000000,10064000000,8248800000,8464300000,0.3059,0.3607,0.3561,6.82E-05,7.41E-05,0.00010875
0,1,0,0,1,1,0,1,0,1,1,0,1,0,0,0,1,0,0,1,0,0,1,1,1,30,0.405338605,0.120794016,0.926829504,15200,0.4,0.00013,0.017,3000,72000,72000,72000,30000,30000,30000,0.2,0.2,0.2,5.00E-06,5.00E-06,5.00E-06,31535000000,30249000000,28563000000,10783000000,8467600000,8807600000,0.321,0.3576,0.3449,6.36E-05,7.56E-05,0.00010652
0,0,0,1,1,0,1,0,1,0,0,1,0,0,1,1,1,0,0,1,0,1,0,1,0,30,0.769719453,0.354359137,1.805498219,15200,0.4,0.00013,0.017,3000,72000,72000,72000,30000,30000,30000,0.2,0.2,0.2,5.00E-06,5.00E-06,5.00E-06,29933000000,28076000000,27360000000,9775500000,8527900000,8881900000,0.3345,0.3655,0.344,6.74E-05,8.51E-05,0.00010104
1,0,1,0,1,1,1,1,1,1,1,1,1,1,1,0,0,0,0,0,1,0,1,1,1,30,0.424926609,0.146622926,0.885697791,15200,0.4,0.00013,0.017,3000,72000,72000,72000,30000,30000,30000,0.2,0.2,0.2,5.00E-06,5.00E-06,5.00E-06,34015000000,32232000000,30447000000,11593000000,9229800000,9518800000,0.3114,0.355,0.3363,5.75E-05,7.04E-05,9.86E-05
1,0,1,0,1,1,0,1,0,0,1,1,0,1,1,0,0,1,0,1,1,0,1,0,0,30,0.28975851,0.208869799,0.619114905,15200,0.4,0.00013,0.017,3000,72000,72000,72000,30000,30000,30000,0.2,0.2,0.2,5.00E-06,5.00E-06,5.00E-06,33038000000,31119000000,30151000000,10988000000,9846000000,10118000000,0.319,0.3559,0.335,6.04E-05,7.52E-05,8.94E-05
0,1,1,1,1,1,0,0,1,1,0,0,1,0,1,0,1,0,0,1,1,0,1,0,1,30,0.371602702,0.207413382,0.918852358,15200,0.4,0.00013,0.017,3000,72000,72000,72000,30000,30000,30000,0.2,0.2,0.2,5.00E-06,5.00E-06,5.00E-06,29326000000,27615000000,26974000000,9593600000,8523800000,8889000000,0.3368,0.3659,0.3462,6.92E-05,8.64E-05,0.00010042
0,0,0,0,1,0,0,0,0,1,0,0,1,0,1,0,0,0,1,0,0,1,1,1,0,30,0.99964275,0.388825265,2.365825335,15200,0.4,0.00013,0.017,3000,72000,72000,72000,30000,30000,30000,0.2,0.2,0.2,5.00E-06,5.00E-06,5.00E-06,30093000000,28280000000,27441000000,9873100000,8394200000,8749700000,0.3335,0.3646,0.3437,6.69E-05,8.40E-05,0.00010325
0,1,0,1,1,0,1,0,0,0,0,0,1,0,0,1,1,0,1,0,0,1,0,0,0,30,0.277533235,0.259914969,0.609520766,15200,0.4,0.00013,0.017,3000,72000,72000,72000,30000,30000,30000,0.2,0.2,0.2,5.00E-06,5.00E-06,5.00E-06,32278000000,30240000000,29917000000,10570000000,9901600000,10216000000,0.3279,0.3544,0.3308,6.30E-05,7.90E-05,8.59E-05
0,0,0,1,0,1,0,1,1,1,1,0,1,1,1,1,1,1,1,0,1,0,0,0,0,30,0.851117683,0.147389902,1.857291114,15200,0.4,0.00013,0.017,3000,72000,72000,72000,30000,30000,30000,0.2,0.2,0.2,5.00E-06,5.00E-06,5.00E-06,34151000000,32848000000,30589000000,11863000000,8648400000,8994900000,0.3106,0.3476,0.3358,5.74E-05,6.80E-05,0.00010713
0,0,1,1,1,1,1,1,1,0,1,0,1,1,1,0,0,1,0,0,0,0,0,1,0,30,0.410319845,0.22178982,0.862234791,15200,0.4,0.00013,0.017,3000,72000,72000,72000,30000,30000,30000,0.2,0.2,0.2,5.00E-06,5.00E-06,5.00E-06,33244000000,31323000000,30025000000,11189000000,9604500000,9919400000,0.3163,0.3579,0.3372,5.91E-05,7.36E-05,9.32E-05
1,1,0,0,1,0,0,0,1,1,1,1,1,1,0,0,1,1,1,0,1,0,1,1,1,30,0.974050435,0.24884284,2.429962858,15200,0.4,0.00013,0.017,3000,72000,72000,72000,30000,30000,30000,0.2,0.2,0.2,5.00E-06,5.00E-06,5.00E-06,30169000000,28676000000,27501000000,10046000000,8079000000,8426100000,0.3319,0.3608,0.3447,6.68E-05,8.16E-05,0.00010921
0,0,0,1,1,1,1,1,1,1,1,0,0,0,0,1,0,0,0,1,1,1,0,0,1,30,0.604983424,0.151712508,1.229191826,15200,0.4,0.00013,0.017,3000,72000,72000,72000,30000,30000,30000,0.2,0.2,0.2,5.00E-06,5.00E-06,5.00E-06,35057000000,33471000000,31329000000,12090000000,9159000000,9474900000,0.3067,0.3481,0.3332,5.52E-05,6.70E-05,0.00010042
1,1,0,0,1,0,1,0,0,1,0,1,1,0,1,0,0,0,1,0,1,1,0,1,1,30,0.344184055,0.270713854,0.843487281,15200,0.4,0.00013,0.017,3000,72000,72000,72000,30000,30000,30000,0.2,0.2,0.2,5.00E-06,5.00E-06,5.00E-06,29033000000,27157000000,27005000000,9355600000,8801600000,9190500000,0.3421,0.3652,0.3424,7.06E-05,8.94E-05,9.45E-05
0,1,1,0,0,0,1,1,1,0,0,0,1,1,0,0,1,1,1,1,0,0,0,0,0,30,0.754726736,0.397361013,1.52019636,15200,0.4,0.00013,0.017,3000,72000,72000,72000,30000,30000,30000,0.2,0.2,0.2,5.00E-06,5.00E-06,5.00E-06,34059000000,31896000000,30662000000,11395000000,9827700000,10114000000,0.3146,0.3567,0.3329,5.73E-05,7.24E-05,9.11E-05
1,0,0,0,0,0,1,1,1,0,1,0,0,0,1,1,0,1,1,0,0,1,0,0,1,30,0.546234351,0.126781389,1.12365978,15200,0.4,0.00013,0.017,3000,72000,72000,72000,30000,30000,30000,0.2,0.2,0.2,5.00E-06,5.00E-06,5.00E-06,34811000000,33484000000,31188000000,12084000000,9024700000,9358500000,0.3067,0.3462,0.3351,5.57E-05,6.67E-05,0.00010255
0,1,0,0,0,1,0,1,1,1,1,1,0,1,1,0,0,0,1,0,0,0,0,0,0,30,0.946417195,0.253141922,2.364221534,15200,0.4,0.00013,0.017,3000,72000,72000,72000,30000,30000,30000,0.2,0.2,0.2,5.00E-06,5.00E-06,5.00E-06,30106000000,28589000000,27450000000,10018000000,8101300000,8433100000,0.3324,0.3614,0.3447,6.70E-05,8.18E-05,0.00010878
1,0,0,1,0,1,1,1,0,1,0,1,1,0,0,0,0,0,1,0,1,1,0,1,0,30,0.452413729,0.11739368,1.068907053,15200,0.4,0.00013,0.017,3000,72000,72000,72000,30000,30000,30000,0.2,0.2,0.2,5.00E-06,5.00E-06,5.00E-06,30518000000,28907000000,27822000000,10119000000,8199700000,8550800000,0.3315,0.3598,0.3424,6.59E-05,8.15E-05,0.00010723
0,1,0,0,1,0,0,0,1,1,1,0,0,1,0,0,0,1,1,1,0,0,1,1,0,30,0.730611418,0.337982899,1.564127492,15200,0.4,0.00013,0.017,3000,72000,72000,72000,30000,30000,30000,0.2,0.2,0.2,5.00E-06,5.00E-06,5.00E-06,33215000000,31533000000,29891000000,11304000000,9332400000,9636800000,0.3139,0.3573,0.34,5.91E-05,7.24E-05,9.71E-05
0,1,0,0,0,1,0,1,1,1,0,1,1,1,1,0,0,0,1,0,1,1,1,1,0,30,0.888883435,0.354754691,1.927680816,15200,0.4,0.00013,0.017,3000,72000,72000,72000,30000,30000,30000,0.2,0.2,0.2,5.00E-06,5.00E-06,5.00E-06,32934000000,31399000000,29643000000,11265000000,9098200000,9411900000,0.3143,0.3572,0.3414,6.00E-05,7.23E-05,9.98E-05
1,0,0,0,0,0,0,0,1,1,1,1,1,1,1,0,1,0,1,0,1,1,1,1,0,30,0.765520982,0.205193937,1.734931053,15200,0.4,0.00013,0.017,3000,72000,72000,72000,30000,30000,30000,0.2,0.2,0.2,5.00E-06,5.00E-06,5.00E-06,32358000000,30922000000,29163000000,11080000000,8552400000,8888900000,0.3183,0.3561,0.3413,6.16E-05,7.37E-05,0.00010585
0,1,1,1,0,1,1,1,0,0,1,0,0,1,1,1,1,0,1,0,0,1,0,1,0,30,0.275646815,0.30504607,0.597651847,15200,0.4,0.00013,0.017,3000,72000,72000,72000,30000,30000,30000,0.2,0.2,0.2,5.00E-06,5.00E-06,5.00E-06,32538000000,30623000000,30678000000,10625000000,10156000000,10551000000,0.3304,0.3465,0.3255,6.31E-05,7.89E-05,8.13E-05
1,1,1,1,0,0,1,1,1,1,0,1,1,0,1,1,1,0,1,0,0,1,0,0,0,30,0.463425083,0.120639216,1.008856012,15200,0.4,0.00013,0.017,3000,72000,72000,72000,30000,30000,30000,0.2,0.2,0.2,5.00E-06,5.00E-06,5.00E-06,33636000000,32168000000,30109000000,11599000000,8809900000,9129700000,0.3117,0.353,0.3389,5.83E-05,7.01E-05,0.00010424
1,0,0,1,1,1,0,1,1,1,1,0,1,0,0,1,0,1,1,1,0,1,1,0,1,30,0.380359817,0.226791861,0.764529136,15200,0.4,0.00013,0.017,3000,72000,72000,72000,30000,30000,30000,0.2,0.2,0.2,5.00E-06,5.00E-06,5.00E-06,33881000000,32089000000,30789000000,11407000000,9927200000,10252000000,0.3137,0.3528,0.3345,5.81E-05,7.17E-05,9.00E-05
0,1,0,0,1,1,0,1,1,1,1,0,1,0,1,0,0,0,1,1,1,0,0,0,0,30,0.605549173,0.214199644,1.497596701,15200,0.4,0.00013,0.017,3000,72000,72000,72000,30000,30000,30000,0.2,0.2,0.2,5.00E-06,5.00E-06,5.00E-06,29831000000,28212000000,27219000000,9864100000,8239800000,8586100000,0.3332,0.3642,0.3461,6.76E-05,8.36E-05,0.00010592
0,1,1,0,1,1,1,0,0,0,0,0,1,0,1,0,0,1,0,1,1,0,1,1,0,30,0.881176923,0.336394981,1.824983818,15200,0.4,0.00013,0.017,3000,72000,72000,72000,30000,30000,30000,0.2,0.2,0.2,5.00E-06,5.00E-06,5.00E-06,34029000000,32550000000,30603000000,11698000000,9306300000,9627300000,0.3095,0.3517,0.3382,5.74E-05,6.95E-05,9.82E-05
1,0,0,0,0,1,1,0,0,0,0,0,1,0,1,0,1,0,1,1,1,0,0,0,1,30,0.912830155,0.159650731,2.221978192,15200,0.4,0.00013,0.017,3000,72000,72000,72000,30000,30000,30000,0.2,0.2,0.2,5.00E-06,5.00E-06,5.00E-06,30631000000,29228000000,27932000000,10259000000,7996900000,8350000000,0.3312,0.3562,0.3419,6.56E-05,7.96E-05,0.00011168
1,0,1,1,0,1,0,0,0,1,0,1,1,1,1,0,1,1,0,1,0,1,1,1,1,30,0.605697245,0.381851432,1.227088188,15200,0.4,0.00013,0.017,3000,72000,72000,72000,30000,30000,30000,0.2,0.2,0.2,5.00E-06,5.00E-06,5.00E-06,33843000000,31993000000,30824000000,11365000000,9956800000,10285000000,0.3152,0.3523,0.3333,5.82E-05,7.23E-05,8.92E-05
1,1,0,1,0,1,0,0,0,0,1,1,1,0,0,1,0,0,0,0,0,0,1,0,0,30,0.832238461,0.222085709,1.739209062,15200,0.4,0.00013,0.017,3000,72000,72000,72000,30000,30000,30000,0.2,0.2,0.2,5.00E-06,5.00E-06,5.00E-06,34416000000,32847000000,30736000000,11863000000,9027600000,9329500000,0.3088,0.3512,0.336,5.65E-05,6.84E-05,0.00010208
0,0,1,1,1,0,0,1,1,0,1,1,0,0,1,0,1,0,1,1,1,0,1,0,1,30,0.225189812,0.139783108,0.561298016,15200,0.4,0.00013,0.017,3000,72000,72000,72000,30000,30000,30000,0.2,0.2,0.2,5.00E-06,5.00E-06,5.00E-06,29154000000,27347000000,26834000000,9488700000,8574800000,8937600000,0.3385,0.3674,0.3457,6.97E-05,8.76E-05,9.93E-05
0,1,0,0,1,0,0,1,0,1,1,1,0,0,0,1,0,0,0,1,1,1,1,1,1,30,0.442848725,0.379752003,1.011723788,15200,0.4,0.00013,0.017,3000,72000,72000,72000,30000,30000,30000,0.2,0.2,0.2,5.00E-06,5.00E-06,5.00E-06,30511000000,28768000000,28400000000,10058000000,9276100000,9665600000,0.3342,0.3586,0.3382,6.73E-05,8.30E-05,9.12E-05
1,0,0,0,1,1,1,0,0,0,0,0,1,0,1,0,1,1,0,0,1,1,0,1,1,30,0.430814803,0.209393609,1.03389756,15200,0.4,0.00013,0.017,3000,72000,72000,72000,30000,30000,30000,0.2,0.2,0.2,5.00E-06,5.00E-06,5.00E-06,29644000000,27943000000,27253000000,9715700000,8515300000,8908800000,0.3354,0.3642,0.345,6.84E-05,8.54E-05,0.00010054
0,1,1,1,0,1,0,1,0,0,0,0,0,0,0,0,0,0,0,1,0,1,0,0,1,30,0.935237255,0.313065713,2.09392395,15200,0.4,0.00013,0.017,3000,72000,72000,72000,30000,30000,30000,0.2,0.2,0.2,5.00E-06,5.00E-06,5.00E-06,32560000000,30964000000,29264000000,11107000000,8783800000,9103100000,0.317,0.3582,0.3414,6.09E-05,7.38E-05,0.000103
0,1,0,0,1,1,0,0,1,1,1,0,1,1,1,1,1,0,1,0,0,1,1,1,0,30,0.281267394,0.230255658,0.630482449,15200,0.4,0.00013,0.017,3000,72000,72000,72000,30000,30000,30000,0.2,0.2,0.2,5.00E-06,5.00E-06,5.00E-06,31404000000,29682000000,29059000000,10394000000,9550100000,9933200000,0.3276,0.3571,0.3384,6.47E-05,8.00E-05,8.98E-05
1,0,0,0,1,1,1,0,0,1,0,1,1,0,0,1,1,0,1,0,0,0,0,0,1,30,0.648757972,0.236366382,1.364632839,15200,0.4,0.00013,0.017,3000,72000,72000,72000,30000,30000,30000,0.2,0.2,0.2,5.00E-06,5.00E-06,5.00E-06,33877000000,32090000000,30315000000,11531000000,9244800000,9542200000,0.3115,0.3559,0.3374,5.76E-05,7.09E-05,9.83E-05
0,0,0,1,1,1,0,1,0,1,0,0,1,1,1,0,1,0,0,0,0,1,1,0,0,30,0.883395327,0.197683756,1.916427418,15200,0.4,0.00013,0.017,3000,72000,72000,72000,30000,30000,30000,0.2,0.2,0.2,5.00E-06,5.00E-06,5.00E-06,33856000000,32459000000,30316000000,11709000000,8741600000,9078300000,0.311,0.3508,0.3377,5.79E-05,6.93E-05,0.00010533
0,1,1,1,1,1,0,0,0,0,0,0,1,0,1,1,1,0,1,0,0,1,0,1,1,30,0.741433828,0.337277764,1.838617994,15200,0.4,0.00013,0.017,3000,72000,72000,72000,30000,30000,30000,0.2,0.2,0.2,5.00E-06,5.00E-06,5.00E-06,29557000000,27875000000,27071000000,9727600000,8386700000,8757100000,0.335,0.3654,0.3464,6.83E-05,8.53E-05,0.00010292
0,1,1,1,0,1,0,0,1,0,0,1,0,1,1,0,0,1,0,1,1,0,1,1,0,30,0.689587805,0.226928506,1.511437215,15200,0.4,0.00013,0.017,3000,72000,72000,72000,30000,30000,30000,0.2,0.2,0.2,5.00E-06,5.00E-06,5.00E-06,33113000000,31708000000,29796000000,11387000000,8919000000,9247500000,0.3133,0.3543,0.3411,5.95E-05,7.16E-05,0.00010228
0,1,1,0,1,0,0,1,1,0,1,1,0,0,1,1,0,1,0,0,1,0,0,1,0,30,0.825213982,0.368467261,1.65672072,15200,0.4,0.00013,0.017,3000,72000,72000,72000,30000,30000,30000,0.2,0.2,0.2,5.00E-06,5.00E-06,5.00E-06,34192000000,32670000000,30909000000,11675000000,9596600000,9958800000,0.3095,0.3505,0.3368,5.72E-05,6.97E-05,9.42E-05
0,1,1,0,1,1,1,0,1,1,1,0,1,0,0,1,1,0,1,0,0,0,0,0,0,30,0.882464663,0.243555837,1.858484746,15200,0.4,0.00013,0.017,3000,72000,72000,72000,30000,30000,30000,0.2,0.2,0.2,5.00E-06,5.00E-06,5.00E-06,34206000000,32747000000,30634000000,11810000000,9021100000,9336900000,0.3091,0.3507,0.3372,5.70E-05,6.87E-05,0.00010195
0,0,1,0,0,0,1,1,0,0,0,1,0,0,1,1,0,0,0,0,1,0,1,0,0,30,0.896799732,0.317769114,1.944332463,15200,0.4,0.00013,0.017,3000,72000,72000,72000,30000,30000,30000,0.2,0.2,0.2,5.00E-06,5.00E-06,5.00E-06,33403000000,31667000000,29851000000,11388000000,9053000000,9330100000,0.3129,0.3579,0.3396,5.87E-05,7.17E-05,0.00010081
0,0,0,0,1,1,1,1,1,1,0,0,1,0,0,0,1,1,1,1,0,1,1,1,0,30,0.926601632,0.16900805,2.097782145,15200,0.4,0.00013,0.017,3000,72000,72000,72000,30000,30000,30000,0.2,0.2,0.2,5.00E-06,5.00E-06,5.00E-06,32815000000,31650000000,29680000000,11348000000,8418700000,8788100000,0.3169,0.3494,0.3388,6.09E-05,7.14E-05,0.00010848
0,0,1,0,0,1,1,0,0,0,0,1,1,1,0,0,0,0,0,1,1,1,0,0,0,30,0.579821951,0.240638282,1.438936018,15200,0.4,0.00013,0.017,3000,72000,72000,72000,30000,30000,30000,0.2,0.2,0.2,5.00E-06,5.00E-06,5.00E-06,29621000000,27945000000,27080000000,9761100000,8329700000,8698600000,0.3344,0.3656,0.3464,6.82E-05,8.48E-05,0.00010389
0,0,1,0,1,1,0,1,0,0,1,0,0,0,0,1,1,0,1,0,1,0,0,1,0,30,0.942603284,0.146963261,2.080138121,15200,0.4,0.00013,0.017,3000,72000,72000,72000,30000,30000,30000,0.2,0.2,0.2,5.00E-06,5.00E-06,5.00E-06,33974000000,32783000000,30462000000,11816000000,8546400000,8908700000,0.311,0.3467,0.3368,5.77E-05,6.83E-05,0.0001088
0,1,1,1,1,0,0,1,1,0,1,1,0,1,0,1,0,1,0,1,1,0,1,1,1,30,0.372957177,0.212711888,0.877094229,15200,0.4,0.00013,0.017,3000,72000,72000,72000,30000,30000,30000,0.2,0.2,0.2,5.00E-06,5.00E-06,5.00E-06,29624000000,27801000000,27283000000,9634900000,8661500000,9045200000,0.3369,0.3648,0.3437,6.85E-05,8.64E-05,9.82E-05
0,0,0,1,0,0,1,0,1,1,0,0,0,0,0,1,1,1,0,0,0,0,1,1,0,30,0.983614141,0.208854395,2.426724783,15200,0.4,0.00013,0.017,3000,72000,72000,72000,30000,30000,30000,0.2,0.2,0.2,5.00E-06,5.00E-06,5.00E-06,30448000000,28931000000,27720000000,10154000000,8035600000,8376500000,0.3318,0.3591,0.3428,6.60E-05,8.07E-05,0.00011049
1,0,0,1,1,0,0,1,1,1,1,0,0,1,0,1,1,1,0,0,0,1,0,1,0,30,0.24116185,0.250538042,0.487973305,15200,0.4,0.00013,0.017,3000,72000,72000,72000,30000,30000,30000,0.2,0.2,0.2,5.00E-06,5.00E-06,5.00E-06,34164000000,32221000000,32115000000,11254000000,10517000000,10974000000,0.3233,0.3401,0.3208,5.90E-05,7.45E-05,7.90E-05
1,1,1,0,1,0,1,0,1,1,1,1,1,0,1,0,0,1,1,0,0,1,1,0,1,30,0.8821604,0.1085316,1.836470102,15200,0.4,0.00013,0.017,3000,72000,72000,72000,30000,30000,30000,0.2,0.2,0.2,5.00E-06,5.00E-06,5.00E-06,35385000000,34229000000,31674000000,12397000000,8774900000,9162800000,0.3058,0.3403,0.3315,5.47E-05,6.45E-05,0.00010682
0,0,1,0,0,1,0,0,1,0,1,1,1,1,0,0,1,1,0,0,0,1,1,0,0,30,0.267724961,0.104149135,0.548670035,15200,0.4,0.00013,0.017,3000,72000,72000,72000,30000,30000,30000,0.2,0.2,0.2,5.00E-06,5.00E-06,5.00E-06,34315000000,32383000000,30685000000,11633000000,9458000000,9731500000,0.3105,0.3555,0.3352,5.66E-05,7.03E-05,9.60E-05
0,1,1,1,0,0,0,0,0,1,0,0,0,1,1,1,0,1,0,0,0,0,1,0,1,30,0.288133771,0.185190956,0.630349053,15200,0.4,0.00013,0.017,3000,72000,72000,72000,30000,30000,30000,0.2,0.2,0.2,5.00E-06,5.00E-06,5.00E-06,32296000000,30474000000,29369000000,10831000000,9499800000,9813100000,0.3208,0.3595,0.3394,6.17E-05,7.63E-05,9.33E-05
0,0,1,1,1,1,0,0,0,0,1,0,0,1,1,1,0,1,0,0,0,0,1,1,0,30,0.379510745,0.100872979,0.892611851,15200,0.4,0.00013,0.017,3000,72000,72000,72000,30000,30000,30000,0.2,0.2,0.2,5.00E-06,5.00E-06,5.00E-06,30512000000,28882000000,27826000000,10111000000,8212200000,8575400000,0.3318,0.3598,0.3422,6.59E-05,8.16E-05,0.00010682
0,0,0,0,0,0,0,0,1,1,1,0,0,1,0,0,1,0,1,1,1,0,0,0,0,30,0.392571972,0.354837022,0.898345144,15200,0.4,0.00013,0.017,3000,72000,72000,72000,30000,30000,30000,0.2,0.2,0.2,5.00E-06,5.00E-06,5.00E-06,30485000000,28451000000,28284000000,9965200000,9281100000,9629700000,0.3371,0.361,0.3359,6.70E-05,8.44E-05,9.09E-05
1,0,0,1,1,0,0,0,1,1,1,0,0,1,0,0,0,1,1,0,0,0,1,1,1,30,0.269998383,0.301500774,0.571740668,15200,0.4,0.00013,0.017,3000,72000,72000,72000,30000,30000,30000,0.2,0.2,0.2,5.00E-06,5.00E-06,5.00E-06,33013000000,30733000000,31030000000,10715000000,10298000000,10702000000,0.3317,0.347,0.3211,6.16E-05,7.93E-05,7.96E-05
0,1,0,1,0,0,1,0,1,1,0,1,1,0,1,1,1,0,1,1,0,1,0,1,0,30,0.217344227,0.337194574,0.450520028,15200,0.4,0.00013,0.017,3000,72000,72000,72000,30000,30000,30000,0.2,0.2,0.2,5.00E-06,5.00E-06,5.00E-06,34360000000,32481000000,33638000000,11080000000,10844000000,11165000000,0.3343,0.3244,0.3041,6.18E-05,7.60E-05,7.12E-05
0,1,1,1,0,1,0,1,0,0,0,1,1,0,1,0,0,1,0,0,1,0,1,0,1,30,0.462724406,0.167035224,1.128900564,15200,0.4,0.00013,0.017,3000,72000,72000,72000,30000,30000,30000,0.2,0.2,0.2,5.00E-06,5.00E-06,5.00E-06,29892000000,28288000000,27308000000,9879400000,8281200000,8636200000,0.333,0.3635,0.3458,6.75E-05,8.35E-05,0.00010526
0,0,1,0,0,1,0,1,0,0,1,0,0,1,0,1,0,1,1,0,1,1,0,0,0,30,0.35619098,0.338044382,0.846930259,15200,0.4,0.00013,0.017,3000,72000,72000,72000,30000,30000,30000,0.2,0.2,0.2,5.00E-06,5.00E-06,5.00E-06,29403000000,27447000000,27721000000,9414800000,9023900000,9474100000,0.3456,0.3585,0.3353,7.02E-05,9.01E-05,8.98E-05
0,1,0,1,0,0,1,0,0,1,1,0,0,1,1,1,0,0,1,0,0,0,0,1,1,30,0.926412245,0.314830296,1.910664357,15200,0.4,0.00013,0.017,3000,72000,72000,72000,30000,30000,30000,0.2,0.2,0.2,5.00E-06,5.00E-06,5.00E-06,34339000000,32684000000,30739000000,11758000000,9278200000,9569500000,0.309,0.3525,0.3364,5.66E-05,6.92E-05,9.87E-05
1,0,1,0,1,1,0,1,1,1,0,0,1,1,0,0,0,1,0,1,0,0,1,0,0,30,0.736686169,0.346092028,1.509437005,15200,0.4,0.00013,0.017,3000,72000,72000,72000,30000,30000,30000,0.2,0.2,0.2,5.00E-06,5.00E-06,5.00E-06,34113000000,32154000000,30621000000,11487000000,9640400000,9901100000,0.3118,0.356,0.3352,5.72E-05,7.12E-05,9.38E-05
1,1,1,1,0,0,0,0,0,0,1,0,0,0,0,1,0,1,1,1,1,0,1,1,0,30,0.927979399,0.207096513,2.014833904,15200,0.4,0.00013,0.017,3000,72000,72000,72000,30000,30000,30000,0.2,0.2,0.2,5.00E-06,5.00E-06,5.00E-06,33905000000,32435000000,30344000000,11707000000,8758800000,9081900000,0.3114,0.3512,0.3369,5.78E-05,6.94E-05,0.00010501
1,1,0,0,1,1,1,0,1,1,1,1,1,0,1,0,1,0,0,1,0,1,1,0,1,30,0.67805051,0.221041522,1.536973095,15200,0.4,0.00013,0.017,3000,72000,72000,72000,30000,30000,30000,0.2,0.2,0.2,5.00E-06,5.00E-06,5.00E-06,32042000000,30405000000,28739000000,10891000000,8617700000,8907200000,0.3192,0.3614,0.3433,6.20E-05,7.52E-05,0.0001051
0,1,1,1,0,1,1,1,0,1,1,1,0,1,1,0,0,0,0,1,0,0,0,0,1,30,0.210948655,0.351305226,0.441866043,15200,0.4,0.00013,0.017,3000,72000,72000,72000,30000,30000,30000,0.2,0.2,0.2,5.00E-06,5.00E-06,5.00E-06,33870000000,31801000000,33355000000,10918000000,10628000000,11307000000,0.3411,0.3234,0.3031,6.13E-05,7.95E-05,7.05E-05
0,1,0,0,0,1,0,1,1,1,1,1,1,1,1,0,0,0,1,0,0,1,0,0,1,30,0.673955577,0.396122119,1.493067278,15200,0.4,0.00013,0.017,3000,72000,72000,72000,30000,30000,30000,0.2,0.2,0.2,5.00E-06,5.00E-06,5.00E-06,32153000000,30479000000,29255000000,10817000000,9384600000,9714300000,0.32,0.3591,0.3411,6.21E-05,7.60E-05,9.46E-05
0,1,1,0,0,1,1,0,1,0,1,0,0,0,0,1,0,1,0,1,1,0,0,1,1,30,0.626870186,0.260615593,1.541791605,15200,0.4,0.00013,0.017,3000,72000,72000,72000,30000,30000,30000,0.2,0.2,0.2,5.00E-06,5.00E-06,5.00E-06,29644000000,27998000000,27092000000,9763000000,8333100000,8693500000,0.3338,0.3654,0.3469,6.81E-05,8.46E-05,0.00010411
1,0,0,0,0,0,1,1,1,1,0,0,1,1,1,1,0,1,0,0,1,0,1,1,1,30,0.761318904,0.103186144,1.624323441,15200,0.4,0.00013,0.017,3000,72000,72000,72000,30000,30000,30000,0.2,0.2,0.2,5.00E-06,5.00E-06,5.00E-06,34880000000,33727000000,31245000000,12203000000,8692100000,9071400000,0.3075,0.3425,0.3335,5.57E-05,6.58E-05,0.00010743
1,0,0,1,0,0,1,1,1,1,1,0,0,1,1,1,0,1,0,0,0,1,1,0,1,30,0.544543071,0.259873913,1.350435379,15200,0.4,0.00013,0.017,3000,72000,72000,72000,30000,30000,30000,0.2,0.2,0.2,5.00E-06,5.00E-06,5.00E-06,29428000000,27833000000,27043000000,9695700000,8410100000,8804100000,0.3352,0.3645,0.3471,6.88E-05,8.55E-05,0.00010223
1,0,0,0,1,1,0,0,0,1,0,1,0,1,1,1,0,0,0,0,0,1,0,1,1,30,0.494690551,0.232078038,1.11872479,15200,0.4,0.00013,0.017,3000,72000,72000,72000,30000,30000,30000,0.2,0.2,0.2,5.00E-06,5.00E-06,5.00E-06,31706000000,30021000000,28666000000,10688000000,8954600000,9272400000,0.3212,0.3622,0.3436,6.30E-05,7.71E-05,9.96E-05
0,1,1,1,1,1,0,0,1,1,0,0,0,1,0,1,0,0,0,1,1,0,0,0,0,30,0.631470448,0.132985062,1.327492182,15200,0.4,0.00013,0.017,3000,72000,72000,72000,30000,30000,30000,0.2,0.2,0.2,5.00E-06,5.00E-06,5.00E-06,34645000000,33249000000,31011000000,12022000000,8911700000,9238100000,0.3082,0.3473,0.3346,5.62E-05,6.72E-05,0.00010373
1,0,1,1,1,1,0,1,0,0,1,0,0,1,0,0,0,1,1,0,0,0,1,0,0,30,0.954660304,0.201802427,2.020864706,15200,0.4,0.00013,0.017,3000,72000,72000,72000,30000,30000,30000,0.2,0.2,0.2,5.00E-06,5.00E-06,5.00E-06,34581000000,33102000000,30865000000,11965000000,8885200000,9193400000,0.3084,0.349,0.3351,5.62E-05,6.76E-05,0.00010424
0,1,0,1,0,1,0,1,0,1,1,1,0,1,1,1,1,0,0,1,1,1,1,1,0,30,0.894522971,0.201446991,2.103077914,15200,0.4,0.00013,0.017,3000,72000,72000,72000,30000,30000,30000,0.2,0.2,0.2,5.00E-06,5.00E-06,5.00E-06,30678000000,29181000000,28032000000,10212000000,8158100000,8531700000,0.3311,0.3568,0.3415,6.56E-05,8.05E-05,0.00010813
0,0,0,1,1,0,1,0,1,1,0,1,0,1,0,1,1,1,0,1,0,1,0,0,0,30,0.919030017,0.130758114,1.961362477,15200,0.4,0.00013,0.017,3000,72000,72000,72000,30000,30000,30000,0.2,0.2,0.2,5.00E-06,5.00E-06,5.00E-06,34866000000,33667000000,31191000000,12176000000,8704100000,9071600000,0.3074,0.3435,0.3338,5.57E-05,6.59E-05,0.00010735
1,1,0,1,0,1,0,1,0,0,1,1,0,1,0,1,1,1,0,0,0,1,1,0,1,30,0.205325899,0.358763998,0.450966496,15200,0.4,0.00013,0.017,3000,72000,72000,72000,30000,30000,30000,0.2,0.2,0.2,5.00E-06,5.00E-06,5.00E-06,33807000000,32053000000,33423000000,11032000000,10650000000,11153000000,0.3394,0.321,0.304,6.24E-05,7.78E-05,7.19E-05
0,1,0,1,1,1,1,0,0,1,0,1,1,0,1,0,1,0,0,1,0,1,0,1,0,30,0.915997018,0.268743467,2.112302154,15200,0.4,0.00013,0.017,3000,72000,72000,72000,30000,30000,30000,0.2,0.2,0.2,5.00E-06,5.00E-06,5.00E-06,30780000000,29168000000,27942000000,10288000000,8318800000,8645300000,0.3285,0.3611,0.3434,6.53E-05,8.01E-05,0.00010655
1,1,0,0,0,0,0,1,0,0,0,1,0,0,0,1,0,0,0,0,0,1,0,0,1,30,0.75189181,0.261180124,1.679946478,15200,0.4,0.00013,0.017,3000,72000,72000,72000,30000,30000,30000,0.2,0.2,0.2,5.00E-06,5.00E-06,5.00E-06,32646000000,31004000000,29286000000,11125000000,8832000000,9141100000,0.3163,0.3591,0.3416,6.06E-05,7.37E-05,0.00010263
0,1,0,0,0,0,0,0,0,1,0,0,1,0,1,1,0,0,0,1,0,1,0,0,1,30,0.331507507,0.191140247,0.824658994,15200,0.4,0.00013,0.017,3000,72000,72000,72000,30000,30000,30000,0.2,0.2,0.2,5.00E-06,5.00E-06,5.00E-06,29266000000,27308000000,26750000000,9501600000,8530000000,8835400000,0.338,0.3701,0.3456,6.92E-05,8.74E-05,0.00010054
1,1,1,0,0,1,0,0,0,0,1,0,0,1,0,0,0,1,0,1,0,0,0,0,1,30,0.501427814,0.193114686,1.21865469,15200,0.4,0.00013,0.017,3000,72000,72000,72000,30000,30000,30000,0.2,0.2,0.2,5.00E-06,5.00E-06,5.00E-06,29806000000,28133000000,27228000000,9834000000,8311700000,8658800000,0.334,0.3645,0.3455,6.77E-05,8.40E-05,0.0001046
1,0,0,0,1,1,0,0,0,1,0,1,0,1,0,1,0,1,0,1,1,0,0,0,1,30,0.749514003,0.203111188,1.840401844,15200,0.4,0.00013,0.017,3000,72000,72000,72000,30000,30000,30000,0.2,0.2,0.2,5.00E-06,5.00E-06,5.00E-06,30141000000,28583000000,27444000000,10015000000,8118800000,8440500000,0.3321,0.3621,0.3447,6.69E-05,8.18E-05,0.00010865
1,1,0,0,0,0,1,0,0,0,0,0,0,0,0,1,0,1,0,0,0,1,1,0,0,30,0.367183067,0.32722793,0.799254006,15200,0.4,0.00013,0.017,3000,72000,72000,72000,30000,30000,30000,0.2,0.2,0.2,5.00E-06,5.00E-06,5.00E-06,32195000000,29950000000,29590000000,10515000000,9854600000,10153000000,0.3284,0.3587,0.3319,6.24E-05,7.96E-05,8.73E-05
0,1,0,0,0,1,1,1,1,0,1,1,1,1,1,1,1,1,1,1,1,1,1,0,1,30,0.244423274,0.202660692,0.588602037,15200,0.4,0.00013,0.017,3000,72000,72000,72000,30000,30000,30000,0.2,0.2,0.2,5.00E-06,5.00E-06,5.00E-06,29031000000,27033000000,27017000000,9313000000,8840900000,9247600000,0.3442,0.3656,0.3406,7.05E-05,9.00E-05,9.38E-05
0,0,1,1,1,1,1,0,1,1,1,1,0,1,1,0,1,0,0,1,1,0,1,0,0,30,0.545621799,0.230704873,1.252384015,15200,0.4,0.00013,0.017,3000,72000,72000,72000,30000,30000,30000,0.2,0.2,0.2,5.00E-06,5.00E-06,5.00E-06,30829000000,29225000000,27980000000,10376000000,8622000000,8961000000,0.326,0.3634,0.3454,6.53E-05,7.95E-05,0.00010265
1,1,1,1,0,1,0,0,0,0,1,0,1,0,1,0,1,0,0,1,1,0,1,0,1,30,0.854428315,0.345521192,1.82501183,15200,0.4,0.00013,0.017,3000,72000,72000,72000,30000,30000,30000,0.2,0.2,0.2,5.00E-06,5.00E-06,5.00E-06,33497000000,31869000000,30060000000,11438000000,9244200000,9533900000,0.312,0.3562,0.3397,5.85E-05,7.12E-05,9.87E-05
0,0,0,1,0,0,1,1,0,1,0,1,1,0,0,1,1,0,0,1,1,1,1,1,1,30,0.828455099,0.217911771,1.88195731,15200,0.4,0.00013,0.017,3000,72000,72000,72000,30000,30000,30000,0.2,0.2,0.2,5.00E-06,5.00E-06,5.00E-06,32171000000,30819000000,29032000000,11031000000,8498800000,8830700000,0.3187,0.356,0.3422,6.22E-05,7.38E-05,0.00010665
0,0,0,1,1,1,1,0,0,0,1,0,0,1,1,0,0,1,1,0,1,1,1,1,1,30,0.795331716,0.226301523,1.951661789,15200,0.4,0.00013,0.017,3000,72000,72000,72000,30000,30000,30000,0.2,0.2,0.2,5.00E-06,5.00E-06,5.00E-06,30130000000,28567000000,27475000000,10010000000,8143800000,8497900000,0.3324,0.3617,0.3445,6.69E-05,8.22E-05,0.00010781
0,1,1,0,0,0,0,1,1,0,0,0,1,0,0,0,1,0,1,0,0,0,1,0,0,30,0.603052498,0.183286351,1.363746483,15200,0.4,0.00013,0.017,3000,72000,72000,72000,30000,30000,30000,0.2,0.2,0.2,5.00E-06,5.00E-06,5.00E-06,32490000000,30872000000,29159000000,11063000000,8658000000,8966300000,0.3178,0.3585,0.3412,6.11E-05,7.40E-05,0.00010467
0,0,0,1,1,0,0,0,0,1,1,0,0,1,1,1,1,1,1,0,1,1,0,1,0,30,0.28114372,0.125995856,0.618098315,15200,0.4,0.00013,0.017,3000,72000,72000,72000,30000,30000,30000,0.2,0.2,0.2,5.00E-06,5.00E-06,5.00E-06,32667000000,30807000000,29356000000,11041000000,9160400000,9451000000,0.3175,0.361,0.3403,6.05E-05,7.47E-05,9.82E-05
1,1,1,0,1,0,1,1,1,1,1,1,0,1,1,0,0,1,1,0,1,0,1,1,0,30,0.276316496,0.391083548,0.603446799,15200,0.4,0.00013,0.017,3000,72000,72000,72000,30000,30000,30000,0.2,0.2,0.2,5.00E-06,5.00E-06,5.00E-06,33044000000,30878000000,31685000000,10690000000,10323000000,10840000000,0.337,0.3376,0.3147,6.22E-05,8.06E-05,7.68E-05
1,1,1,0,0,0,0,1,1,0,0,1,0,0,1,0,0,1,1,1,0,1,1,1,0,30,0.95772162,0.139230213,2.247734248,15200,0.4,0.00013,0.017,3000,72000,72000,72000,30000,30000,30000,0.2,0.2,0.2,5.00E-06,5.00E-06,5.00E-06,31120000000,29737000000,28451000000,10428000000,8047000000,8434600000,0.3306,0.3521,0.3386,6.45E-05,7.84E-05,0.0001111
1,1,0,1,1,0,0,0,0,1,0,0,1,1,0,1,0,0,1,1,0,0,0,1,1,30,0.921350581,0.250162604,1.971512444,15200,0.4,0.00013,0.017,3000,72000,72000,72000,30000,30000,30000,0.2,0.2,0.2,5.00E-06,5.00E-06,5.00E-06,34123000000,32469000000,30442000000,11721000000,8964800000,9264900000,0.3102,0.3535,0.3368,5.71E-05,6.94E-05,0.00010241
1,1,1,0,1,0,0,0,1,0,0,1,0,1,1,0,1,1,1,0,1,0,0,0,0,30,0.993332174,0.125940554,2.199610638,15200,0.4,0.00013,0.017,3000,72000,72000,72000,30000,30000,30000,0.2,0.2,0.2,5.00E-06,5.00E-06,5.00E-06,34010000000,32976000000,30596000000,11899000000,8480600000,8872300000,0.3112,0.3439,0.3359,5.79E-05,6.75E-05,0.00010978
1,0,0,1,1,0,0,1,0,0,1,1,1,0,0,1,0,0,0,0,1,0,0,0,1,30,0.220113563,0.261214155,0.471885196,15200,0.4,0.00013,0.017,3000,72000,72000,72000,30000,30000,30000,0.2,0.2,0.2,5.00E-06,5.00E-06,5.00E-06,32807000000,30664000000,30955000000,10640000000,10235000000,10702000000,0.3324,0.3454,0.3222,6.18E-05,7.97E-05,7.98E-05
1,1,0,1,1,1,1,0,1,0,0,1,1,1,1,0,1,0,0,1,0,0,1,1,0,30,0.996614167,0.129864984,2.296886442,15200,0.4,0.00013,0.017,3000,72000,72000,72000,30000,30000,30000,0.2,0.2,0.2,5.00E-06,5.00E-06,5.00E-06,31623000000,30402000000,28828000000,10737000000,8084500000,8486600000,0.3263,0.3499,0.3389,6.34E-05,7.58E-05,0.00011195
0,1,1,0,1,0,0,1,1,1,0,1,1,0,0,1,0,1,0,1,0,0,1,0,1,30,0.568618275,0.309837215,1.304917564,15200,0.4,0.00013,0.017,3000,72000,72000,72000,30000,30000,30000,0.2,0.2,0.2,5.00E-06,5.00E-06,5.00E-06,30521000000,28721000000,27757000000,10141000000,8818800000,9119200000,0.3287,0.3664,0.3448,6.62E-05,8.16E-05,9.93E-05
1,1,1,1,0,1,0,1,0,1,0,1,1,1,1,0,0,0,0,0,1,1,0,1,1,30,0.407046046,0.368008603,0.962730224,15200,0.4,0.00013,0.017,3000,72000,72000,72000,30000,30000,30000,0.2,0.2,0.2,5.00E-06,5.00E-06,5.00E-06,29358000000,27562000000,27742000000,9465900000,8976300000,9498100000,0.345,0.3569,0.3364,7.03E-05,8.92E-05,9.06E-05
1,1,1,0,0,1,1,1,0,0,0,1,0,1,0,1,0,1,0,0,1,1,1,0,0,30,0.608390808,0.356863835,1.261546368,15200,0.4,0.00013,0.017,3000,72000,72000,72000,30000,30000,30000,0.2,0.2,0.2,5.00E-06,5.00E-06,5.00E-06,33572000000,31264000000,30165000000,11140000000,9773300000,10006000000,0.3172,0.3605,0.3339,5.84E-05,7.42E-05,9.15E-05
0,1,0,1,0,0,1,0,1,0,1,0,1,1,1,1,0,0,0,0,1,1,0,0,0,30,0.208163943,0.343920118,0.47480626,15200,0.4,0.00013,0.017,3000,72000,72000,72000,30000,30000,30000,0.2,0.2,0.2,5.00E-06,5.00E-06,5.00E-06,31450000000,29457000000,30867000000,9996800000,9892600000,10373000000,0.3492,0.335,0.3123,6.79E-05,8.63E-05,7.65E-05
0,1,0,1,0,0,0,1,0,0,1,1,1,1,0,0,1,0,1,1,0,1,1,1,1,30,0.378708459,0.398466814,0.903012653,15200,0.4,0.00013,0.017,3000,72000,72000,72000,30000,30000,30000,0.2,0.2,0.2,5.00E-06,5.00E-06,5.00E-06,29474000000,27566000000,28034000000,9394300000,9098900000,9592100000,0.3473,0.3547,0.3324,7.07E-05,9.03E-05,8.77E-05
0,0,0,1,0,1,1,1,1,0,0,1,1,1,1,0,0,1,0,1,1,0,1,1,1,30,0.35857861,0.121199024,0.779316971,15200,0.4,0.00013,0.017,3000,72000,72000,72000,30000,30000,30000,0.2,0.2,0.2,5.00E-06,5.00E-06,5.00E-06,33225000000,31601000000,29796000000,11363000000,8987300000,9301200000,0.3136,0.3567,0.34,5.92E-05,7.20E-05,0.00010108
1,0,0,0,1,0,1,0,1,0,0,0,1,1,1,0,1,0,1,1,0,1,1,1,1,30,0.396817978,0.359225422,0.892122316,15200,0.4,0.00013,0.017,3000,72000,72000,72000,30000,30000,30000,0.2,0.2,0.2,5.00E-06,5.00E-06,5.00E-06,31430000000,29587000000,29237000000,10340000000,9616400000,10011000000,0.3305,0.3555,0.3348,6.50E-05,8.10E-05,8.79E-05
1,1,1,0,1,1,0,0,1,1,0,1,1,0,1,0,0,0,0,0,1,1,0,0,0,30,0.755174393,0.358358438,1.716417423,15200,0.4,0.00013,0.017,3000,72000,72000,72000,30000,30000,30000,0.2,0.2,0.2,5.00E-06,5.00E-06,5.00E-06,31305000000,29646000000,28363000000,10542000000,8868400000,9189800000,0.3233,0.3632,0.3444,6.41E-05,7.80E-05,0.00010012
0,1,1,1,0,0,0,1,0,1,0,0,1,0,0,1,1,0,1,1,0,0,1,0,1,30,0.236521448,0.270845047,0.559196494,15200,0.4,0.00013,0.017,3000,72000,72000,72000,30000,30000,30000,0.2,0.2,0.2,5.00E-06,5.00E-06,5.00E-06,29779000000,27815000000,28536000000,9453200000,9185900000,9759200000,0.3489,0.3504,0.328,7.02E-05,9.06E-05,8.53E-05
1,1,1,0,0,1,1,1,1,0,0,1,1,0,0,0,1,0,0,0,1,0,1,1,1,30,0.324311055,0.162244226,0.724800459,15200,0.4,0.00013,0.017,3000,72000,72000,72000,30000,30000,30000,0.2,0.2,0.2,5.00E-06,5.00E-06,5.00E-06,31864000000,30114000000,28849000000,10727000000,9114900000,9436600000,0.3213,0.3619,0.3422,6.27E-05,7.68E-05,9.75E-05
1,0,0,1,0,1,0,1,1,0,1,0,0,0,1,1,0,0,1,0,0,0,0,0,0,30,0.838207272,0.10438172,2.020075095,15200,0.4,0.00013,0.017,3000,72000,72000,72000,30000,30000,30000,0.2,0.2,0.2,5.00E-06,5.00E-06,5.00E-06,30916000000,29641000000,28263000000,10400000000,7954300000,8339000000,0.3307,0.3521,0.34,6.50E-05,7.82E-05,0.00011308
1,1,0,1,0,1,0,1,1,0,0,0,0,0,0,0,1,0,1,0,1,1,0,0,0,30,0.321106717,0.134651805,0.644322845,15200,0.4,0.00013,0.017,3000,72000,72000,72000,30000,30000,30000,0.2,0.2,0.2,5.00E-06,5.00E-06,5.00E-06,34327000000,32518000000,30823000000,11654000000,9570500000,9856800000,0.3101,0.3537,0.3353,5.68E-05,7.00E-05,9.48E-05
0,0,0,1,1,1,0,1,0,1,1,0,1,1,0,1,1,0,1,1,1,1,1,0,0,45,0.613918216,0.281625696,1.613888423,15200,0.4,0.00013,0.017,3000,72000,72000,72000,30000,30000,30000,0.2,0.2,0.2,5.00E-06,5.00E-06,5.00E-06,33247000000,30539000000,29865000000,11489000000,9163600000,9683300000,0.3295,0.3573,0.3285,5.56E-05,7.76E-05,9.75E-05
1,0,1,0,0,1,1,1,0,0,0,1,1,0,0,0,0,0,0,1,1,0,1,0,1,45,0.273371563,0.247870218,0.708374536,15200,0.4,0.00013,0.017,3000,72000,72000,72000,30000,30000,30000,0.2,0.2,0.2,5.00E-06,5.00E-06,5.00E-06,32922000000,29623000000,30186000000,10983000000,9819100000,10486000000,0.3414,0.3559,0.3188,5.65E-05,8.38E-05,8.53E-05
0,1,1,0,1,0,1,1,0,0,1,1,1,0,1,1,1,0,0,0,0,0,0,1,0,45,0.572991654,0.307621768,1.288234695,15200,0.4,0.00013,0.017,3000,72000,72000,72000,30000,30000,30000,0.2,0.2,0.2,5.00E-06,5.00E-06,5.00E-06,36049000000,32820000000,32284000000,12381000000,10147000000,10771000000,0.3204,0.3496,0.3177,4.92E-05,7.23E-05,8.73E-05
0,0,1,0,1,1,0,1,1,0,1,0,1,0,0,1,1,1,0,1,0,0,0,1,0,45,0.293910449,0.325514215,0.78346998,15200,0.4,0.00013,0.017,3000,72000,72000,72000,30000,30000,30000,0.2,0.2,0.2,5.00E-06,5.00E-06,5.00E-06,32217000000,29441000000,30196000000,10828000000,9743200000,10519000000,0.3451,0.3485,0.3192,5.91E-05,8.49E-05,8.37E-05
1,1,0,1,0,1,1,0,0,1,1,1,1,1,1,1,1,0,0,1,1,0,1,1,1,45,0.257227306,0.169670665,0.662808807,15200,0.4,0.00013,0.017,3000,72000,72000,72000,30000,30000,30000,0.2,0.2,0.2,5.00E-06,5.00E-06,5.00E-06,33219000000,29909000000,29896000000,11208000000,9583600000,10123000000,0.3355,0.361,0.3231,5.53E-05,8.10E-05,9.10E-05
1,0,1,0,1,0,1,1,0,1,0,1,0,0,0,0,1,0,0,0,1,1,1,0,0,45,0.978711733,0.140850203,2.593459555,15200,0.4,0.00013,0.017,3000,72000,72000,72000,30000,30000,30000,0.2,0.2,0.2,5.00E-06,5.00E-06,5.00E-06,34426000000,32421000000,30871000000,12177000000,8613200000,9096000000,0.3219,0.3441,0.3264,5.37E-05,7.10E-05,0.00010772
0,1,1,1,0,0,1,1,1,1,1,1,0,0,0,0,1,0,0,1,1,1,1,0,0,45,0.563211126,0.324401716,1.438593634,15200,0.4,0.00013,0.017,3000,72000,72000,72000,30000,30000,30000,0.2,0.2,0.2,5.00E-06,5.00E-06,5.00E-06,33495000000,30233000000,30043000000,11395000000,9506500000,10033000000,0.3332,0.3602,0.3236,5.46E-05,7.96E-05,9.25E-05
0,0,0,1,0,0,1,0,1,1,1,0,0,0,1,0,1,1,1,1,1,0,1,0,1,45,0.300458695,0.140761073,0.784502147,15200,0.4,0.00013,0.017,3000,72000,72000,72000,30000,30000,30000,0.2,0.2,0.2,5.00E-06,5.00E-06,5.00E-06,33344000000,30645000000,29943000000,11506000000,9196300000,9717800000,0.3288,0.357,0.3286,5.53E-05,7.73E-05,9.72E-05
0,0,0,1,1,0,0,0,1,0,0,1,1,1,1,0,0,1,1,1,1,1,1,1,0,45,0.559891861,0.26623539,1.440304431,15200,0.4,0.00013,0.017,3000,72000,72000,72000,30000,30000,30000,0.2,0.2,0.2,5.00E-06,5.00E-06,5.00E-06,33631000000,30347000000,29981000000,11482000000,9335000000,9808300000,0.3317,0.3614,0.324,5.44E-05,7.87E-05,9.51E-05
0,0,0,0,1,1,0,0,1,0,1,0,0,1,0,1,0,0,1,0,0,0,1,1,1,45,0.715358122,0.256011434,1.848579581,15200,0.4,0.00013,0.017,3000,72000,72000,72000,30000,30000,30000,0.2,0.2,0.2,5.00E-06,5.00E-06,5.00E-06,34019000000,31151000000,30265000000,11751000000,9080100000,9548400000,0.3259,0.3571,0.3265,5.38E-05,7.56E-05,9.95E-05
0,1,1,0,1,0,1,1,1,1,1,0,1,1,1,0,1,1,0,1,1,1,0,0,0,45,0.942318739,0.333633256,2.305191439,15200,0.4,0.00013,0.017,3000,72000,72000,72000,30000,30000,30000,0.2,0.2,0.2,5.00E-06,5.00E-06,5.00E-06,34965000000,32174000000,31089000000,12161000000,9313700000,9810300000,0.3207,0.3529,0.3248,5.17E-05,7.25E-05,9.76E-05
1,1,1,1,1,1,0,1,0,1,1,0,1,0,1,1,0,0,0,0,0,0,1,1,1,45,0.716692814,0.191609406,1.595614197,15200,0.4,0.00013,0.017,3000,72000,72000,72000,30000,30000,30000,0.2,0.2,0.2,5.00E-06,5.00E-06,5.00E-06,37236000000,34370000000,33008000000,13060000000,9645400000,10199000000,0.3121,0.3432,0.317,4.72E-05,6.70E-05,9.47E-05
0,1,1,0,1,1,0,1,1,0,0,0,1,1,0,1,1,1,0,0,1,0,0,0,1,45,0.542990026,0.362318842,1.388876011,15200,0.4,0.00013,0.017,3000,72000,72000,72000,30000,30000,30000,0.2,0.2,0.2,5.00E-06,5.00E-06,5.00E-06,33232000000,30272000000,30044000000,11324000000,9559300000,10150000000,0.3327,0.3575,0.3257,5.54E-05,7.96E-05,9.15E-05
1,1,0,0,1,1,1,0,0,0,1,1,1,0,0,0,0,0,0,1,1,1,1,0,0,45,0.755069452,0.117859337,1.699336642,15200,0.4,0.00013,0.017,3000,72000,72000,72000,30000,30000,30000,0.2,0.2,0.2,5.00E-06,5.00E-06,5.00E-06,37593000000,35230000000,33396000000,13395000000,9347000000,9899600000,0.3092,0.336,0.3168,4.68E-05,6.43E-05,9.94E-05
0,1,0,0,1,0,0,0,0,0,0,0,0,1,0,0,1,0,0,1,0,1,0,0,0,45,0.516573987,0.299170216,1.381422116,15200,0.4,0.00013,0.017,3000,72000,72000,72000,30000,30000,30000,0.2,0.2,0.2,5.00E-06,5.00E-06,5.00E-06,32614000000,29336000000,29245000000,11040000000,9269800000,9762800000,0.3375,0.3644,0.3256,5.67E-05,8.23E-05,9.46E-05
0,0,1,1,0,0,0,1,0,0,1,1,0,1,0,1,0,0,0,0,1,1,1,0,0,45,0.655749863,0.340926112,1.685707923,15200,0.4,0.00013,0.017,3000,72000,72000,72000,30000,30000,30000,0.2,0.2,0.2,5.00E-06,5.00E-06,5.00E-06,33572000000,30340000000,29999000000,11430000000,9404500000,9904800000,0.3317,0.3608,0.3244,5.45E-05,7.90E-05,9.43E-05
1,1,1,1,0,0,0,1,1,1,0,1,1,1,0,0,1,1,1,0,0,1,1,1,0,45,0.681730514,0.396046774,1.661893524,15200,0.4,0.00013,0.017,3000,72000,72000,72000,30000,30000,30000,0.2,0.2,0.2,5.00E-06,5.00E-06,5.00E-06,34373000000,30711000000,30553000000,11615000000,9798200000,10266000000,0.3306,0.362,0.3201,5.24E-05,7.81E-05,9.04E-05
0,0,1,1,1,1,0,1,1,1,0,1,1,1,1,1,1,0,0,0,0,1,1,1,0,45,0.751218978,0.289165007,1.863405458,15200,0.4,0.00013,0.017,3000,72000,72000,72000,30000,30000,30000,0.2,0.2,0.2,5.00E-06,5.00E-06,5.00E-06,34739000000,31699000000,30907000000,11995000000,9366600000,9864900000,0.3243,0.3551,0.3231,5.21E-05,7.43E-05,9.62E-05
0,0,0,0,1,0,0,1,1,1,0,1,1,1,1,1,0,1,1,0,1,1,1,1,1,45,0.211222938,0.212326743,0.529665298,15200,0.4,0.00013,0.017,3000,72000,72000,72000,30000,30000,30000,0.2,0.2,0.2,5.00E-06,5.00E-06,5.00E-06,33712000000,30222000000,31047000000,11255000000,10058000000,10804000000,0.3421,0.351,0.3126,5.44E-05,8.25E-05,8.24E-05
0,1,1,0,1,0,0,1,0,0,1,1,1,0,0,1,1,0,0,1,0,1,0,1,0,45,0.563530968,0.362472671,1.519855109,15200,0.4,0.00013,0.017,3000,72000,72000,72000,30000,30000,30000,0.2,0.2,0.2,5.00E-06,5.00E-06,5.00E-06,32180000000,29230000000,29110000000,10937000000,9264000000,9824000000,0.3378,0.3619,0.3284,5.79E-05,8.27E-05,9.40E-05
1,0,1,1,0,1,1,0,0,0,1,0,0,1,0,1,1,1,1,1,0,1,1,1,1,45,0.490579605,0.272188416,1.093620852,15200,0.4,0.00013,0.017,3000,72000,72000,72000,30000,30000,30000,0.2,0.2,0.2,5.00E-06,5.00E-06,5.00E-06,36103000000,32824000000,32343000000,12430000000,10184000000,10792000000,0.321,0.3494,0.3169,4.89E-05,7.23E-05,8.69E-05
1,0,1,1,0,1,1,1,0,1,1,1,0,0,0,0,0,1,0,1,0,1,0,1,0,45,0.403131655,0.248757198,0.940530579,15200,0.4,0.00013,0.017,3000,72000,72000,72000,30000,30000,30000,0.2,0.2,0.2,5.00E-06,5.00E-06,5.00E-06,35027000000,32198000000,31552000000,12049000000,9962500000,10580000000,0.322,0.3505,0.3232,5.15E-05,7.35E-05,8.91E-05
0,1,1,0,0,1,0,1,1,0,0,1,0,0,1,0,1,1,0,0,0,1,0,0,0,45,0.207571232,0.217446885,0.533786633,15200,0.4,0.00013,0.017,3000,72000,72000,72000,30000,30000,30000,0.2,0.2,0.2,5.00E-06,5.00E-06,5.00E-06,33120000000,29900000000,30669000000,11029000000,9919700000,10669000000,0.3425,0.3508,0.3158,5.64E-05,8.37E-05,8.29E-05
1,1,0,0,1,1,0,0,0,1,0,1,1,0,0,0,1,0,1,0,1,1,0,0,1,45,0.314590014,0.311930635,0.830652744,15200,0.4,0.00013,0.017,3000,72000,72000,72000,30000,30000,30000,0.2,0.2,0.2,5.00E-06,5.00E-06,5.00E-06,32399000000,29088000000,29818000000,10773000000,9730500000,10430000000,0.3454,0.3569,0.3187,5.77E-05,8.57E-05,8.53E-05
0,1,1,1,1,0,0,0,1,0,1,0,1,1,0,1,1,1,0,1,1,1,0,1,0,45,0.870416294,0.248966851,2.177108118,15200,0.4,0.00013,0.017,3000,72000,72000,72000,30000,30000,30000,0.2,0.2,0.2,5.00E-06,5.00E-06,5.00E-06,34884000000,32368000000,31079000000,12199000000,9091900000,9581600000,0.32,0.3499,0.3258,5.21E-05,7.17E-05,0.00010065
1,0,0,0,1,0,0,1,0,1,1,1,0,1,0,1,1,1,1,0,1,1,1,1,0,45,0.575944414,0.172203736,1.297210105,15200,0.4,0.00013,0.017,3000,72000,72000,72000,30000,30000,30000,0.2,0.2,0.2,5.00E-06,5.00E-06,5.00E-06,36701000000,33868000000,32531000000,12859000000,9589400000,10128000000,0.3135,0.3459,0.3195,4.81E-05,6.81E-05,9.53E-05
1,0,0,1,0,1,1,1,0,0,1,0,1,1,0,1,1,1,1,1,1,1,0,0,1,45,0.512508073,0.316420595,1.306204408,15200,0.4,0.00013,0.017,3000,72000,72000,72000,30000,30000,30000,0.2,0.2,0.2,5.00E-06,5.00E-06,5.00E-06,33592000000,30382000000,30187000000,11400000000,9579000000,10127000000,0.3325,0.3591,0.3234,5.45E-05,7.92E-05,9.17E-05
1,0,1,1,1,1,1,0,0,0,1,0,0,1,1,1,1,1,1,1,0,1,0,1,0,45,0.332210347,0.126897566,0.877811169,15200,0.4,0.00013,0.017,3000,72000,72000,72000,30000,30000,30000,0.2,0.2,0.2,5.00E-06,5.00E-06,5.00E-06,33327000000,30604000000,29817000000,11541000000,8996600000,9477400000,0.3291,0.3578,0.3283,5.55E-05,7.70E-05,9.99E-05
1,0,1,0,0,1,1,0,1,1,0,0,0,0,1,0,0,0,1,0,1,1,0,0,1,45,0.674616119,0.303277252,1.717532619,15200,0.4,0.00013,0.017,3000,72000,72000,72000,30000,30000,30000,0.2,0.2,0.2,5.00E-06,5.00E-06,5.00E-06,33841000000,31084000000,30318000000,11687000000,9298500000,9826300000,0.3265,0.3559,0.3273,5.41E-05,7.60E-05,9.64E-05
1,1,1,1,1,0,1,1,0,1,1,0,0,1,0,1,0,0,0,1,0,0,1,1,0,45,0.480480211,0.191890594,1.204805546,15200,0.4,0.00013,0.017,3000,72000,72000,72000,30000,30000,30000,0.2,0.2,0.2,5.00E-06,5.00E-06,5.00E-06,34391000000,31569000000,30678000000,11894000000,9286200000,9797500000,0.3241,0.3547,0.3257,5.29E-05,7.45E-05,9.71E-05
0,1,0,0,0,0,0,0,0,1,0,1,0,1,1,0,1,0,1,1,1,1,1,1,1,45,0.854276594,0.243841856,2.175872006,15200,0.4,0.00013,0.017,3000,72000,72000,72000,30000,30000,30000,0.2,0.2,0.2,5.00E-06,5.00E-06,5.00E-06,34665000000,31926000000,30848000000,12042000000,9053800000,9525300000,0.3229,0.3525,0.3245,5.26E-05,7.33E-05,0.00010043
0,0,1,1,1,1,1,1,1,1,1,0,1,1,0,1,1,1,1,1,0,0,0,1,0,45,0.623260458,0.384085591,1.546458558,15200,0.4,0.00013,0.017,3000,72000,72000,72000,30000,30000,30000,0.2,0.2,0.2,5.00E-06,5.00E-06,5.00E-06,34115000000,30698000000,30623000000,11585000000,9757700000,10303000000,0.3323,0.3582,0.32,5.32E-05,7.84E-05,8.99E-05
0,1,1,1,0,1,1,0,0,0,0,0,1,0,0,1,1,0,1,1,0,1,0,1,0,45,0.950446908,0.140033573,2.199835925,15200,0.4,0.00013,0.017,3000,72000,72000,72000,30000,30000,30000,0.2,0.2,0.2,5.00E-06,5.00E-06,5.00E-06,37168000000,34972000000,33111000000,13213000000,9217300000,9763300000,0.3105,0.3356,0.3184,4.78E-05,6.49E-05,0.00010104
0,1,0,1,0,0,0,0,0,0,0,0,1,1,0,1,1,0,0,1,0,0,0,1,0,45,0.218709746,0.167793928,0.534049148,15200,0.4,0.00013,0.017,3000,72000,72000,72000,30000,30000,30000,0.2,0.2,0.2,5.00E-06,5.00E-06,5.00E-06,34180000000,30891000000,30989000000,11539000000,9996500000,10630000000,0.3326,0.3543,0.3187,5.34E-05,7.85E-05,8.64E-05
0,1,0,0,1,1,0,1,0,0,0,0,1,0,0,0,1,1,1,0,1,1,0,1,1,45,0.93670557,0.203036422,2.462852186,15200,0.4,0.00013,0.017,3000,72000,72000,72000,30000,30000,30000,0.2,0.2,0.2,5.00E-06,5.00E-06,5.00E-06,34320000000,32019000000,30692000000,12055000000,8778700000,9252200000,0.3228,0.3486,0.3268,5.37E-05,7.25E-05,0.00010449
0,1,1,0,1,1,0,0,0,1,1,0,1,0,1,0,1,1,1,1,0,0,0,0,1,45,0.25650111,0.281742328,0.610024752,15200,0.4,0.00013,0.017,3000,72000,72000,72000,30000,30000,30000,0.2,0.2,0.2,5.00E-06,5.00E-06,5.00E-06,34836000000,31485000000,32452000000,11603000000,10475000000,11340000000,0.3372,0.3419,0.3079,5.30E-05,7.98E-05,7.71E-05
1,1,1,1,1,0,1,0,0,0,1,0,0,1,0,1,1,1,1,1,1,0,1,0,1,45,0.439293811,0.344495091,0.980814601,15200,0.4,0.00013,0.017,3000,72000,72000,72000,30000,30000,30000,0.2,0.2,0.2,5.00E-06,5.00E-06,5.00E-06,35910000000,32680000000,32799000000,12217000000,10473000000,11240000000,0.3263,0.3435,0.3123,4.98E-05,7.41E-05,8.14E-05
0,0,1,1,0,0,1,0,1,1,1,1,1,0,1,1,0,0,0,0,1,0,1,1,0,45,0.282044766,0.285843254,0.716619894,15200,0.4,0.00013,0.017,3000,72000,72000,72000,30000,30000,30000,0.2,0.2,0.2,5.00E-06,5.00E-06,5.00E-06,33299000000,30125000000,30879000000,11149000000,10001000000,10779000000,0.3414,0.3495,0.3155,5.60E-05,8.29E-05,8.21E-05
1,0,0,1,1,0,1,0,0,0,1,0,1,1,1,1,1,1,1,0,0,0,1,1,1,45,0.612045444,0.174700063,1.483542763,15200,0.4,0.00013,0.017,3000,72000,72000,72000,30000,30000,30000,0.2,0.2,0.2,5.00E-06,5.00E-06,5.00E-06,35517000000,32865000000,31628000000,12440000000,9263700000,9771600000,0.3188,0.348,0.3225,5.08E-05,7.05E-05,9.87E-05
0,1,0,1,1,0,1,1,1,0,1,1,0,1,1,1,0,0,0,1,0,0,0,1,1,45,0.439645855,0.257554744,1.11834134,15200,0.4,0.00013,0.017,3000,72000,72000,72000,30000,30000,30000,0.2,0.2,0.2,5.00E-06,5.00E-06,5.00E-06,33627000000,30307000000,30093000000,11388000000,9557300000,10084000000,0.3324,0.3609,0.3235,5.42E-05,7.93E-05,9.22E-05
0,0,0,1,1,0,0,1,0,0,1,0,0,1,1,1,0,0,0,1,0,1,1,0,0,45,0.810911899,0.100037106,2.171718226,15200,0.4,0.00013,0.017,3000,72000,72000,72000,30000,30000,30000,0.2,0.2,0.2,5.00E-06,5.00E-06,5.00E-06,34151000000,32352000000,30839000000,12148000000,8525300000,9036200000,0.3236,0.3412,0.3264,5.46E-05,7.12E-05,0.00010837
0,0,1,0,0,0,1,1,0,0,1,1,0,1,0,1,1,0,1,1,0,0,0,1,0,45,0.788832002,0.171290569,1.912563418,15200,0.4,0.00013,0.017,3000,72000,72000,72000,30000,30000,30000,0.2,0.2,0.2,5.00E-06,5.00E-06,5.00E-06,35732000000,33232000000,31714000000,12566000000,9099000000,9569300000,0.3164,0.3466,0.3231,5.05E-05,6.91E-05,0.00010156
1,1,0,1,1,1,1,1,0,1,0,1,1,0,1,0,1,1,0,1,0,0,0,1,0,45,0.757761282,0.274601678,1.994920023,15200,0.4,0.00013,0.017,3000,72000,72000,72000,30000,30000,30000,0.2,0.2,0.2,5.00E-06,5.00E-06,5.00E-06,33728000000,30937000000,30084000000,11656000000,9035100000,9504100000,0.3271,0.3572,0.3272,5.46E-05,7.62E-05,9.98E-05
0,1,0,1,0,0,1,0,0,1,1,0,1,0,0,0,0,1,0,0,0,1,1,1,0,45,0.507825975,0.388664521,1.269820046,15200,0.4,0.00013,0.017,3000,72000,72000,72000,30000,30000,30000,0.2,0.2,0.2,5.00E-06,5.00E-06,5.00E-06,33786000000,30730000000,30675000000,11422000000,9886600000,10514000000,0.3315,0.3547,0.3224,5.45E-05,7.90E-05,8.74E-05
0,0,1,1,1,0,0,0,1,0,1,0,0,1,0,1,1,0,0,0,0,0,0,0,1,45,0.532037856,0.344728524,1.233969108,15200,0.4,0.00013,0.017,3000,72000,72000,72000,30000,30000,30000,0.2,0.2,0.2,5.00E-06,5.00E-06,5.00E-06,35284000000,31802000000,31741000000,11982000000,10181000000,10807000000,0.3276,0.3528,0.3163,5.05E-05,7.58E-05,8.56E-05
0,0,1,1,0,1,0,0,0,1,1,0,0,0,1,0,0,1,1,0,1,0,0,0,1,45,0.9566924,0.248902603,2.432314219,15200,0.4,0.00013,0.017,3000,72000,72000,72000,30000,30000,30000,0.2,0.2,0.2,5.00E-06,5.00E-06,5.00E-06,34687000000,32195000000,30968000000,12126000000,8983800000,9473300000,0.3218,0.3494,0.3252,5.27E-05,7.23E-05,0.00010164
1,1,1,0,1,0,0,1,1,1,0,1,0,1,0,0,0,0,0,1,0,0,0,1,0,45,0.932121631,0.372505316,2.461753278,15200,0.4,0.00013,0.017,3000,72000,72000,72000,30000,30000,30000,0.2,0.2,0.2,5.00E-06,5.00E-06,5.00E-06,33241000000,30607000000,29791000000,11525000000,9006800000,9502300000,0.3288,0.3571,0.3292,5.56E-05,7.70E-05,9.99E-05
1,1,0,0,1,0,1,0,0,0,0,1,1,1,0,1,0,1,0,0,1,1,0,0,1,45,0.426482414,0.170245902,1.001983597,15200,0.4,0.00013,0.017,3000,72000,72000,72000,30000,30000,30000,0.2,0.2,0.2,5.00E-06,5.00E-06,5.00E-06,35606000000,32511000000,31596000000,12265000000,9628100000,10152000000,0.3197,0.3528,0.3216,5.01E-05,7.22E-05,9.39E-05
0,1,0,0,1,0,1,1,0,1,0,0,1,1,0,0,0,1,0,1,1,0,1,1,0,45,0.980602751,0.192373754,2.491887237,15200,0.4,0.00013,0.017,3000,72000,72000,72000,30000,30000,30000,0.2,0.2,0.2,5.00E-06,5.00E-06,5.00E-06,34949000000,32818000000,31248000000,12326000000,8841200000,9337000000,0.3188,0.3444,0.3261,5.23E-05,7.03E-05,0.00010456
1,1,0,1,1,1,1,0,0,0,1,0,0,0,1,1,1,0,0,1,0,1,0,1,1,45,0.808289535,0.235335598,1.88678779,15200,0.4,0.00013,0.017,3000,72000,72000,72000,30000,30000,30000,0.2,0.2,0.2,5.00E-06,5.00E-06,5.00E-06,36183000000,33312000000,32039000000,12615000000,9436300000,9944100000,0.316,0.3485,0.3209,4.91E-05,6.96E-05,9.69E-05
0,1,1,1,0,1,1,0,0,0,1,1,0,1,1,0,1,1,1,1,1,1,0,0,1,45,0.340416479,0.322889473,0.820785478,15200,0.4,0.00013,0.017,3000,72000,72000,72000,30000,30000,30000,0.2,0.2,0.2,5.00E-06,5.00E-06,5.00E-06,34438000000,30963000000,31613000000,11520000000,10252000000,11031000000,0.3368,0.3494,0.3124,5.30E-05,8.01E-05,8.13E-05
0,1,0,0,0,1,1,0,1,0,1,1,0,1,0,0,0,0,1,1,1,1,0,1,0,45,0.75048417,0.168706318,1.786681443,15200,0.4,0.00013,0.017,3000,72000,72000,72000,30000,30000,30000,0.2,0.2,0.2,5.00E-06,5.00E-06,5.00E-06,36078000000,33589000000,32058000000,12688000000,9198600000,9705200000,0.315,0.3444,0.3221,4.97E-05,6.85E-05,0.00010029
1,1,1,1,0,1,1,0,0,0,0,0,0,0,1,0,1,1,1,0,0,0,1,0,0,45,0.57184479,0.279683378,1.398905224,15200,0.4,0.00013,0.017,3000,72000,72000,72000,30000,30000,30000,0.2,0.2,0.2,5.00E-06,5.00E-06,5.00E-06,34535000000,31368000000,30788000000,11868000000,9591600000,10102000000,0.3261,0.3571,0.323,5.23E-05,7.54E-05,9.34E-05
1,1,1,1,1,0,0,0,1,0,0,1,0,1,1,1,0,1,0,0,1,1,0,0,0,45,0.945624877,0.392158762,2.400885593,15200,0.4,0.00013,0.017,3000,72000,72000,72000,30000,30000,30000,0.2,0.2,0.2,5.00E-06,5.00E-06,5.00E-06,34099000000,31226000000,30486000000,11765000000,9272800000,9788100000,0.3265,0.3556,0.3253,5.36E-05,7.57E-05,9.68E-05
1,0,1,1,0,0,1,1,0,0,0,0,0,1,0,1,1,1,0,0,0,1,0,1,0,45,0.660803026,0.110879052,1.709116762,15200,0.4,0.00013,0.017,3000,72000,72000,72000,30000,30000,30000,0.2,0.2,0.2,5.00E-06,5.00E-06,5.00E-06,34713000000,32679000000,31071000000,12274000000,8711800000,9190100000,0.32,0.3439,0.3266,5.29E-05,7.04E-05,0.00010651
1,0,1,1,1,1,0,1,0,1,1,1,0,0,1,1,1,0,1,0,1,1,0,0,0,45,0.982820506,0.39749117,2.210781926,15200,0.4,0.00013,0.017,3000,72000,72000,72000,30000,30000,30000,0.2,0.2,0.2,5.00E-06,5.00E-06,5.00E-06,36464000000,33442000000,32390000000,12642000000,9855300000,10420000000,0.3154,0.3485,0.3196,4.84E-05,6.97E-05,9.19E-05
0,0,0,0,0,1,0,0,1,1,0,0,1,1,0,0,1,0,1,0,0,0,1,0,0,45,0.383732977,0.115372648,0.932111373,15200,0.4,0.00013,0.017,3000,72000,72000,72000,30000,30000,30000,0.2,0.2,0.2,5.00E-06,5.00E-06,5.00E-06,35394000000,32574000000,31394000000,12332000000,9267400000,9745400000,0.3194,0.3514,0.3229,5.09E-05,7.12E-05,9.85E-05
1,1,1,1,1,0,0,0,0,0,0,0,1,1,1,1,0,0,1,0,0,0,1,0,0,45,0.279728684,0.397697124,0.62230853,15200,0.4,0.00013,0.017,3000,72000,72000,72000,30000,30000,30000,0.2,0.2,0.2,5.00E-06,5.00E-06,5.00E-06,37322000000,33587000000,35469000000,12310000000,11010000000,12277000000,0.3371,0.3229,0.2905,4.76E-05,7.74E-05,6.88E-05
0,1,1,0,1,0,1,1,0,1,1,1,0,1,0,1,0,0,0,1,1,1,0,0,0,45,0.70716944,0.285864664,1.903806447,15200,0.4,0.00013,0.017,3000,72000,72000,72000,30000,30000,30000,0.2,0.2,0.2,5.00E-06,5.00E-06,5.00E-06,32880000000,30083000000,29400000000,11337000000,8913500000,9400700000,0.3314,0.3604,0.3294,5.64E-05,7.89E-05,0.00010038
0,1,0,1,1,0,1,1,0,0,0,1,1,1,0,1,1,1,0,0,1,0,1,1,1,45,0.71379695,0.271362457,1.899953848,15200,0.4,0.00013,0.017,3000,72000,72000,72000,30000,30000,30000,0.2,0.2,0.2,5.00E-06,5.00E-06,5.00E-06,33158000000,30404000000,29640000000,11454000000,8936300000,9415100000,0.3298,0.3589,0.3288,5.59E-05,7.77E-05,0.00010046
1,0,0,1,1,0,0,0,1,1,1,1,1,1,0,1,0,0,1,1,0,0,1,0,1,45,0.578834064,0.338218354,1.561764881,15200,0.4,0.00013,0.017,3000,72000,72000,72000,30000,30000,30000,0.2,0.2,0.2,5.00E-06,5.00E-06,5.00E-06,32283000000,29347000000,29119000000,11030000000,9182000000,9712400000,0.337,0.362,0.3285,5.75E-05,8.19E-05,9.57E-05
0,0,1,1,1,1,0,0,0,1,0,0,0,1,0,1,0,0,0,1,0,1,1,0,0,45,0.223000793,0.171617417,0.558351061,15200,0.4,0.00013,0.017,3000,72000,72000,72000,30000,30000,30000,0.2,0.2,0.2,5.00E-06,5.00E-06,5.00E-06,33754000000,30533000000,30737000000,11425000000,9918100000,10590000000,0.335,0.3542,0.3194,5.44E-05,7.99E-05,8.63E-05
0,1,0,0,0,0,0,0,0,0,1,0,0,0,0,0,1,1,0,1,0,0,1,0,1,45,0.240193994,0.128508535,0.62115134,15200,0.4,0.00013,0.017,3000,72000,72000,72000,30000,30000,30000,0.2,0.2,0.2,5.00E-06,5.00E-06,5.00E-06,33438000000,30246000000,29894000000,11375000000,9382700000,9878200000,0.3318,0.3612,0.3252,5.48E-05,7.92E-05,9.44E-05
0,1,1,0,1,0,0,0,1,1,0,1,0,1,1,1,0,1,0,0,0,0,0,0,1,45,0.916623366,0.187197134,2.227940461,15200,0.4,0.00013,0.017,3000,72000,72000,72000,30000,30000,30000,0.2,0.2,0.2,5.00E-06,5.00E-06,5.00E-06,35710000000,33446000000,31815000000,12621000000,9049900000,9541800000,0.3157,0.3436,0.3238,5.07E-05,6.85E-05,0.00010238
0,0,1,0,0,1,0,0,1,1,0,0,0,1,1,1,1,1,0,0,0,1,1,1,0,45,0.257032968,0.198509804,0.639193578,15200,0.4,0.00013,0.017,3000,72000,72000,72000,30000,30000,30000,0.2,0.2,0.2,5.00E-06,5.00E-06,5.00E-06,33744000000,30461000000,30695000000,11411000000,9937900000,10595000000,0.3355,0.355,0.3192,5.42E-05,8.01E-05,8.61E-05
0,1,1,1,0,0,0,0,1,1,0,0,0,1,1,1,0,1,1,0,0,0,1,1,1,45,0.490277445,0.11568933,1.264950264,15200,0.4,0.00013,0.017,3000,72000,72000,72000,30000,30000,30000,0.2,0.2,0.2,5.00E-06,5.00E-06,5.00E-06,34520000000,31993000000,30749000000,12056000000,8864900000,9331800000,0.3226,0.3507,0.3257,5.31E-05,7.27E-05,0.00010322
0,0,0,0,0,1,1,1,1,1,0,1,1,0,1,0,0,0,1,1,1,0,0,0,0,45,0.716738002,0.113458969,1.936686862,15200,0.4,0.00013,0.017,3000,72000,72000,72000,30000,30000,30000,0.2,0.2,0.2,5.00E-06,5.00E-06,5.00E-06,33872000000,31879000000,30559000000,11973000000,8554800000,9048700000,0.3257,0.3444,0.3264,5.51E-05,7.27E-05,0.00010729
1,1,0,1,1,0,1,1,0,1,1,0,0,0,0,1,0,1,1,1,0,1,1,1,1,45,0.837849485,0.289450227,1.882975615,15200,0.4,0.00013,0.017,3000,72000,72000,72000,30000,30000,30000,0.2,0.2,0.2,5.00E-06,5.00E-06,5.00E-06,36631000000,33712000000,32522000000,12795000000,9737000000,10300000000,0.3143,0.3468,0.3195,4.81E-05,6.88E-05,9.33E-05
0,1,1,0,0,0,1,0,1,0,1,1,1,0,1,1,1,1,1,0,1,0,1,0,1,45,0.693388803,0.290591903,1.626891309,15200,0.4,0.00013,0.017,3000,72000,72000,72000,30000,30000,30000,0.2,0.2,0.2,5.00E-06,5.00E-06,5.00E-06,35492000000,32655000000,31629000000,12295000000,9637100000,10187000000,0.3186,0.3508,0.3233,5.05E-05,7.16E-05,9.39E-05
1,1,1,1,1,1,1,0,0,0,1,0,1,1,1,0,0,0,0,0,1,0,0,0,1,45,0.292248973,0.284416269,0.686837683,15200,0.4,0.00013,0.017,3000,72000,72000,72000,30000,30000,30000,0.2,0.2,0.2,5.00E-06,5.00E-06,5.00E-06,34982000000,31377000000,32225000000,11706000000,10380000000,11247000000,0.3374,0.3457,0.3082,5.15E-05,7.94E-05,7.94E-05
1,1,0,1,1,0,1,0,1,0,1,0,1,0,1,0,1,0,0,0,1,1,0,1,1,45,0.247954196,0.394402765,0.622992149,15200,0.4,0.00013,0.017,3000,72000,72000,72000,30000,30000,30000,0.2,0.2,0.2,5.00E-06,5.00E-06,5.00E-06,34360000000,31181000000,33242000000,11305000000,10437000000,11529000000,0.3498,0.3281,0.2972,5.52E-05,8.36E-05,7.17E-05
1,1,1,0,1,1,0,1,0,0,1,0,0,0,1,1,1,0,1,1,0,0,0,0,0,45,0.71864675,0.110844536,1.728673658,15200,0.4,0.00013,0.017,3000,72000,72000,72000,30000,30000,30000,0.2,0.2,0.2,5.00E-06,5.00E-06,5.00E-06,36412000000,34249000000,32525000000,12933000000,9085200000,9605600000,0.3139,0.3379,0.3202,4.94E-05,6.66E-05,0.00010227
1,1,1,0,0,1,1,1,1,1,0,1,1,1,0,0,1,0,1,1,0,0,0,1,1,45,0.507659956,0.251878225,1.196201198,15200,0.4,0.00013,0.017,3000,72000,72000,72000,30000,30000,30000,0.2,0.2,0.2,5.00E-06,5.00E-06,5.00E-06,35300000000,31977000000,31493000000,12071000000,9847900000,10408000000,0.324,0.3543,0.3195,5.07E-05,7.44E-05,9.02E-05
0,1,1,1,1,1,0,0,1,1,1,0,1,1,1,1,1,0,0,0,1,0,1,0,1,45,0.52573168,0.347646044,1.162291069,15200,0.4,0.00013,0.017,3000,72000,72000,72000,30000,30000,30000,0.2,0.2,0.2,5.00E-06,5.00E-06,5.00E-06,36133000000,32909000000,32597000000,12350000000,10383000000,11071000000,0.3215,0.3471,0.3158,4.92E-05,7.26E-05,8.41E-05
1,0,0,1,1,1,1,0,1,1,0,0,0,1,1,1,0,1,1,0,1,0,1,1,0,45,0.491190617,0.327465017,1.090936865,15200,0.4,0.00013,0.017,3000,72000,72000,72000,30000,30000,30000,0.2,0.2,0.2,5.00E-06,5.00E-06,5.00E-06,36067000000,32686000000,32522000000,12268000000,10421000000,11097000000,0.3229,0.3484,0.3149,4.93E-05,7.36E-05,8.34E-05
0,1,0,0,0,1,1,1,1,0,1,1,1,0,1,1,0,0,0,1,1,1,0,1,1,45,0.683686248,0.324507455,1.591222234,15200,0.4,0.00013,0.017,3000,72000,72000,72000,30000,30000,30000,0.2,0.2,0.2,5.00E-06,5.00E-06,5.00E-06,35570000000,32244000000,31668000000,12196000000,9862900000,10408000000,0.3226,0.3537,0.3191,5.01E-05,7.34E-05,9.06E-05
1,0,0,1,0,0,1,0,0,1,0,0,0,1,0,1,1,1,0,0,1,1,1,1,0,45,0.284250308,0.206897268,0.650504961,15200,0.4,0.00013,0.017,3000,72000,72000,72000,30000,30000,30000,0.2,0.2,0.2,5.00E-06,5.00E-06,5.00E-06,35409000000,32369000000,32213000000,12116000000,10290000000,11007000000,0.3251,0.3464,0.3172,5.09E-05,7.44E-05,8.40E-05
1,0,1,1,0,1,0,0,1,0,1,0,0,0,0,1,0,1,0,1,1,1,1,0,1,45,0.684639849,0.219123947,1.826819952,15200,0.4,0.00013,0.017,3000,72000,72000,72000,30000,30000,30000,0.2,0.2,0.2,5.00E-06,5.00E-06,5.00E-06,33404000000,30663000000,29790000000,11555000000,8842700000,9306800000,0.3285,0.3578,0.3281,5.54E-05,7.69E-05,0.000102
0,1,1,0,1,0,1,1,1,0,0,1,0,1,0,1,1,0,0,0,0,0,0,0,1,45,0.740621649,0.2633161,1.903977435,15200,0.4,0.00013,0.017,3000,72000,72000,72000,30000,30000,30000,0.2,0.2,0.2,5.00E-06,5.00E-06,5.00E-06,34038000000,31139000000,30267000000,11736000000,9098200000,9564100000,0.3259,0.3575,0.3264,5.38E-05,7.57E-05,9.92E-05
1,0,1,0,0,1,1,0,1,1,0,0,1,1,1,0,0,0,1,0,1,0,1,1,1,45,0.54198014,0.308760909,1.381450463,15200,0.4,0.00013,0.017,3000,72000,72000,72000,30000,30000,30000,0.2,0.2,0.2,5.00E-06,5.00E-06,5.00E-06,33539000000,30502000000,30145000000,11443000000,9511200000,10063000000,0.3308,0.3584,0.3254,5.46E-05,7.85E-05,9.28E-05
1,1,0,0,0,0,0,0,1,1,0,0,1,1,1,0,0,1,1,0,1,1,0,1,1,45,0.92223761,0.241490919,2.311403721,15200,0.4,0.00013,0.017,3000,72000,72000,72000,30000,30000,30000,0.2,0.2,0.2,5.00E-06,5.00E-06,5.00E-06,35100000000,32460000000,31244000000,12251000000,9089400000,9568900000,0.3205,0.3496,0.3236,5.18E-05,7.16E-05,0.00010045
0,1,1,1,1,0,0,0,0,0,1,1,1,0,1,1,1,1,0,1,1,0,0,1,0,45,0.479384969,0.33089622,1.248660529,15200,0.4,0.00013,0.017,3000,72000,72000,72000,30000,30000,30000,0.2,0.2,0.2,5.00E-06,5.00E-06,5.00E-06,32940000000,29890000000,29883000000,11190000000,9550600000,10146000000,0.3362,0.3581,0.3243,5.62E-05,8.11E-05,9.07E-05
0,1,0,0,0,1,1,0,0,1,0,0,0,1,1,1,0,0,0,0,0,1,0,0,0,45,0.532229582,0.171936068,1.206108771,15200,0.4,0.00013,0.017,3000,72000,72000,72000,30000,30000,30000,0.2,0.2,0.2,5.00E-06,5.00E-06,5.00E-06,36582000000,33454000000,32400000000,12726000000,9681600000,10216000000,0.3162,0.3486,0.318,4.82E-05,6.96E-05,9.35E-05
1,1,0,1,0,1,1,0,0,0,1,1,0,0,1,1,1,1,0,1,0,1,0,0,1,45,0.237750293,0.294427052,0.564111998,15200,0.4,0.00013,0.017,3000,72000,72000,72000,30000,30000,30000,0.2,0.2,0.2,5.00E-06,5.00E-06,5.00E-06,34866000000,31463000000,32724000000,11551000000,10562000000,11417000000,0.3403,0.3391,0.3045,5.30E-05,8.05E-05,7.53E-05
1,0,0,0,0,1,1,1,1,0,1,1,1,0,0,0,0,0,1,1,0,1,0,1,0,45,0.708904303,0.207819043,1.850002598,15200,0.4,0.00013,0.017,3000,72000,72000,72000,30000,30000,30000,0.2,0.2,0.2,5.00E-06,5.00E-06,5.00E-06,34045000000,31449000000,30378000000,11861000000,8912900000,9381500000,0.325,0.3535,0.3269,5.40E-05,7.44E-05,0.00010199
1,0,0,1,0,0,0,1,1,0,1,1,1,0,1,0,1,0,1,0,0,0,0,0,0,45,0.881498136,0.117265428,2.353550951,15200,0.4,0.00013,0.017,3000,72000,72000,72000,30000,30000,30000,0.2,0.2,0.2,5.00E-06,5.00E-06,5.00E-06,34163000000,32330000000,30786000000,12140000000,8536600000,9033400000,0.3232,0.3422,0.327,5.44E-05,7.12E-05,0.00010852
0,0,0,1,0,0,0,0,0,1,1,1,1,1,1,1,0,0,0,1,0,1,1,0,1,45,0.834681367,0.365078429,1.934173624,15200,0.4,0.00013,0.017,3000,72000,72000,72000,30000,30000,30000,0.2,0.2,0.2,5.00E-06,5.00E-06,5.00E-06,35764000000,32699000000,31919000000,12356000000,9800800000,10380000000,0.3201,0.3503,0.3199,4.99E-05,7.20E-05,9.14E-05
1,1,0,0,1,1,1,1,0,1,0,0,1,0,1,1,0,0,0,1,0,0,0,1,0,45,0.393179118,0.18429472,1.015031367,15200,0.4,0.00013,0.017,3000,72000,72000,72000,30000,30000,30000,0.2,0.2,0.2,5.00E-06,5.00E-06,5.00E-06,33598000000,30521000000,30026000000,11497000000,9299800000,9798300000,0.3303,0.3596,0.3254,5.46E-05,7.80E-05,9.58E-05
1,0,1,1,0,0,0,1,1,1,0,1,1,1,1,1,1,0,1,0,0,0,0,1,1,45,0.715469118,0.391757096,1.739630951,15200,0.4,0.00013,0.017,3000,72000,72000,72000,30000,30000,30000,0.2,0.2,0.2,5.00E-06,5.00E-06,5.00E-06,34417000000,31353000000,30783000000,11836000000,9672000000,10200000000,0.3259,0.3564,0.324,5.26E-05,7.56E-05,9.24E-05
1,1,1,0,0,0,1,1,1,0,1,0,0,1,1,0,0,0,1,0,0,0,0,1,0,45,0.598687229,0.285166677,1.522877195,15200,0.4,0.00013,0.017,3000,72000,72000,72000,30000,30000,30000,0.2,0.2,0.2,5.00E-06,5.00E-06,5.00E-06,33905000000,30768000000,30260000000,11597000000,9397300000,9896100000,0.3291,0.3591,0.3245,5.39E-05,7.73E-05,9.49E-05
0,1,0,1,1,1,0,1,0,0,1,0,0,1,0,0,1,0,1,0,0,0,1,1,1,45,0.384192133,0.192175754,0.950914725,15200,0.4,0.00013,0.017,3000,72000,72000,72000,30000,30000,30000,0.2,0.2,0.2,5.00E-06,5.00E-06,5.00E-06,34316000000,31683000000,30807000000,11857000000,9513600000,10084000000,0.3228,0.3531,0.3273,5.32E-05,7.44E-05,9.42E-05
0,1,1,1,0,0,1,0,1,0,0,0,1,1,1,1,1,1,0,1,0,1,0,1,0,45,0.273196354,0.21726178,0.606124275,15200,0.4,0.00013,0.017,3000,72000,72000,72000,30000,30000,30000,0.2,0.2,0.2,5.00E-06,5.00E-06,5.00E-06,35947000000,32876000000,32856000000,12233000000,10553000000,11329000000,0.3238,0.343,0.3142,5.01E-05,7.35E-05,8.09E-05
1,1,1,1,0,0,1,0,1,1,0,1,0,0,0,1,1,0,1,1,0,1,1,0,0,45,0.419853542,0.294482568,1.007682227,15200,0.4,0.00013,0.017,3000,72000,72000,72000,30000,30000,30000,0.2,0.2,0.2,5.00E-06,5.00E-06,5.00E-06,34572000000,31423000000,31322000000,11768000000,10016000000,10667000000,0.329,0.352,0.3194,5.26E-05,7.68E-05,8.66E-05
0,1,0,0,1,1,1,1,1,1,1,1,1,0,1,1,0,0,1,1,0,1,0,1,0,45,0.421163831,0.129790482,0.980364435,15200,0.4,0.00013,0.017,3000,72000,72000,72000,30000,30000,30000,0.2,0.2,0.2,5.00E-06,5.00E-06,5.00E-06,36145000000,33309000000,32093000000,12604000000,9496900000,10018000000,0.3163,0.3478,0.3207,4.93E-05,6.97E-05,9.60E-05
0,0,1,0,0,1,1,1,0,1,0,1,0,0,1,1,0,1,1,1,0,1,0,0,0,45,0.457710461,0.208253436,1.012581008,15200,0.4,0.00013,0.017,3000,72000,72000,72000,30000,30000,30000,0.2,0.2,0.2,5.00E-06,5.00E-06,5.00E-06,36485000000,33486000000,32582000000,12665000000,10040000000,10658000000,0.3162,0.347,0.3187,4.83E-05,6.98E-05,8.95E-05
1,0,0,1,1,1,1,0,0,1,0,0,0,1,0,0,0,0,1,1,0,1,1,0,0,45,0.848259618,0.307113118,2.288105117,15200,0.4,0.00013,0.017,3000,72000,72000,72000,30000,30000,30000,0.2,0.2,0.2,5.00E-06,5.00E-06,5.00E-06,32884000000,30263000000,29534000000,11406000000,8853400000,9342100000,0.3315,0.3575,0.3289,5.67E-05,7.80E-05,0.00010117
1,1,0,0,0,1,0,1,0,1,1,1,0,1,1,1,1,0,1,0,0,0,0,1,1,45,0.853598408,0.255958485,2.004974299,15200,0.4,0.00013,0.017,3000,72000,72000,72000,30000,30000,30000,0.2,0.2,0.2,5.00E-06,5.00E-06,5.00E-06,35977000000,33304000000,32005000000,12578000000,9415000000,9944000000,0.3162,0.3468,0.322,4.97E-05,6.96E-05,9.70E-05
0,0,0,0,1,0,0,1,1,1,1,0,1,0,0,1,1,0,1,1,1,1,1,0,0,45,0.271105914,0.181684023,0.610752712,15200,0.4,0.00013,0.017,3000,72000,72000,72000,30000,30000,30000,0.2,0.2,0.2,5.00E-06,5.00E-06,5.00E-06,35720000000,32585000000,32338000000,12263000000,10300000000,10999000000,0.3235,0.3471,0.3167,5.01E-05,7.35E-05,8.45E-05
1,0,0,1,1,0,1,1,0,0,1,0,0,1,0,1,1,1,1,1,1,1,1,1,1,45,0.84210258,0.25787745,2.140253802,15200,0.4,0.00013,0.017,3000,72000,72000,72000,30000,30000,30000,0.2,0.2,0.2,5.00E-06,5.00E-06,5.00E-06,34525000000,31700000000,30715000000,11957000000,9087100000,9557300000,0.3239,0.3541,0.3246,5.29E-05,7.40E-05,9.96E-05
0,0,0,1,1,1,0,0,0,1,1,1,1,0,1,1,0,1,0,0,0,1,0,0,0,45,0.683257935,0.213599819,1.658686209,15200,0.4,0.00013,0.017,3000,72000,72000,72000,30000,30000,30000,0.2,0.2,0.2,5.00E-06,5.00E-06,5.00E-06,35331000000,32498000000,31384000000,12287000000,9315700000,9809500000,0.3198,0.3513,0.323,5.11E-05,7.17E-05,9.77E-05
1,1,0,0,1,0,1,0,1,1,0,0,1,1,0,1,1,0,1,0,0,1,0,0,0,60,0.545326804,0.169023912,1.41716684,15200,0.4,0.00013,0.017,3000,72000,72000,72000,30000,30000,30000,0.2,0.2,0.2,5.00E-06,5.00E-06,5.00E-06,42940000000,39313000000,36859000000,15434000000,10992000000,11529000000,0.2855,0.3357,0.3054,3.59E-05,5.46E-05,8.65E-05
1,1,0,0,0,1,0,0,0,0,1,1,1,1,1,1,1,0,0,1,0,0,0,0,1,60,0.30204061,0.382550134,0.746443284,15200,0.4,0.00013,0.017,3000,72000,72000,72000,30000,30000,30000,0.2,0.2,0.2,5.00E-06,5.00E-06,5.00E-06,43893000000,38885000000,39979000000,14930000000,12747000000,13991000000,0.3084,0.3172,0.2768,3.40E-05,6.20E-05,6.25E-05
1,0,1,0,0,0,1,0,0,1,0,1,0,0,1,0,1,1,1,0,1,1,1,0,1,60,0.634886975,0.336423117,1.702054741,15200,0.4,0.00013,0.017,3000,72000,72000,72000,30000,30000,30000,0.2,0.2,0.2,5.00E-06,5.00E-06,5.00E-06,41475000000,37304000000,35888000000,14508000000,11212000000,11872000000,0.2961,0.3427,0.3055,3.80E-05,6.06E-05,8.22E-05
0,1,1,0,0,1,1,1,1,1,0,1,0,0,1,1,1,0,0,0,1,1,0,1,0,60,0.261789317,0.256985362,0.622724917,15200,0.4,0.00013,0.017,3000,72000,72000,72000,30000,30000,30000,0.2,0.2,0.2,5.00E-06,5.00E-06,5.00E-06,44522000000,40103000000,39841000000,15472000000,12865000000,13789000000,0.2944,0.3207,0.2857,3.35E-05,5.66E-05,6.60E-05
1,1,1,0,0,0,1,0,1,1,0,1,1,0,0,0,0,0,0,0,0,1,1,1,1,60,0.254955715,0.39949027,0.649171356,15200,0.4,0.00013,0.017,3000,72000,72000,72000,30000,30000,30000,0.2,0.2,0.2,5.00E-06,5.00E-06,5.00E-06,43752000000,39162000000,40519000000,14807000000,12578000000,14078000000,0.3098,0.3089,0.2754,3.47E-05,6.28E-05,6.11E-05
0,1,1,1,0,0,0,0,1,0,0,1,1,0,1,0,0,0,0,0,1,0,0,0,0,60,0.525641963,0.178796614,1.382825559,15200,0.4,0.00013,0.017,3000,72000,72000,72000,30000,30000,30000,0.2,0.2,0.2,5.00E-06,5.00E-06,5.00E-06,42854000000,38890000000,36860000000,15291000000,11117000000,11677000000,0.289,0.337,0.3026,3.60E-05,5.60E-05,8.45E-05
1,0,1,1,0,1,0,0,1,1,1,0,1,0,0,1,1,0,0,1,0,1,0,1,1,60,0.478991918,0.152539366,1.164223912,15200,0.4,0.00013,0.017,3000,72000,72000,72000,30000,30000,30000,0.2,0.2,0.2,5.00E-06,5.00E-06,5.00E-06,44291000000,40954000000,38032000000,16087000000,11405000000,11907000000,0.2777,0.3301,0.3036,3.41E-05,5.05E-05,8.39E-05
1,1,1,1,0,1,1,0,0,1,0,0,0,1,1,1,1,1,1,0,1,1,0,0,0,60,0.661442204,0.170456208,1.780967217,15200,0.4,0.00013,0.017,3000,72000,72000,72000,30000,30000,30000,0.2,0.2,0.2,5.00E-06,5.00E-06,5.00E-06,42310000000,38681000000,36438000000,15215000000,10675000000,11215000000,0.2902,0.3357,0.3049,3.71E-05,5.64E-05,8.86E-05
1,0,1,1,1,1,1,0,1,1,0,1,1,0,1,0,1,1,0,0,0,1,0,1,0,60,0.318260294,0.216287721,0.793922459,15200,0.4,0.00013,0.017,3000,72000,72000,72000,30000,30000,30000,0.2,0.2,0.2,5.00E-06,5.00E-06,5.00E-06,43199000000,38938000000,37647000000,15182000000,12080000000,12752000000,0.2908,0.3353,0.2985,3.54E-05,5.70E-05,7.52E-05
1,0,0,0,0,1,0,1,1,1,0,0,1,1,0,1,1,0,0,0,1,0,0,1,1,60,0.634372084,0.252408413,1.775632164,15200,0.4,0.00013,0.017,3000,72000,72000,72000,30000,30000,30000,0.2,0.2,0.2,5.00E-06,5.00E-06,5.00E-06,40597000000,36248000000,34920000000,14187000000,10626000000,11234000000,0.3016,0.3473,0.3064,3.93E-05,6.32E-05,8.73E-05
1,0,0,0,1,1,1,0,1,0,0,0,1,0,1,1,1,1,0,0,1,0,0,1,0,60,0.732151988,0.109914881,2.057005444,15200,0.4,0.00013,0.017,3000,72000,72000,72000,30000,30000,30000,0.2,0.2,0.2,5.00E-06,5.00E-06,5.00E-06,41002000000,38377000000,35618000000,14868000000,9894000000,10490000000,0.2916,0.3301,0.3119,3.96E-05,5.71E-05,9.66E-05
0,0,1,1,0,0,1,0,1,0,1,1,0,0,1,0,0,1,0,1,1,0,1,0,0,60,0.684022301,0.293323573,1.746460069,15200,0.4,0.00013,0.017,3000,72000,72000,72000,30000,30000,30000,0.2,0.2,0.2,5.00E-06,5.00E-06,5.00E-06,42969000000,39298000000,37027000000,15372000000,11377000000,11986000000,0.285,0.3363,0.3056,3.59E-05,5.48E-05,8.28E-05
1,0,1,1,0,1,1,0,0,0,0,1,1,1,0,0,1,0,0,0,1,0,0,1,1,60,0.791561206,0.170878384,1.902194773,15200,0.4,0.00013,0.017,3000,72000,72000,72000,30000,30000,30000,0.2,0.2,0.2,5.00E-06,5.00E-06,5.00E-06,45410000000,42307000000,38930000000,16676000000,11336000000,11834000000,0.2727,0.3238,0.3006,3.26E-05,4.76E-05,8.48E-05
1,0,1,0,0,0,1,0,0,0,0,1,1,1,0,0,0,0,1,1,0,1,1,1,1,60,0.870930749,0.260183824,2.455533957,15200,0.4,0.00013,0.017,3000,72000,72000,72000,30000,30000,30000,0.2,0.2,0.2,5.00E-06,5.00E-06,5.00E-06,40522000000,36787000000,35042000000,14291000000,10280000000,10937000000,0.2989,0.3413,0.309,3.98E-05,6.19E-05,9.05E-05
0,1,1,1,1,1,0,1,1,0,1,1,0,0,0,1,0,1,0,1,1,0,0,0,0,60,0.706820196,0.223577643,1.910652029,15200,0.4,0.00013,0.017,3000,72000,72000,72000,30000,30000,30000,0.2,0.2,0.2,5.00E-06,5.00E-06,5.00E-06,41811000000,38272000000,36030000000,14955000000,10687000000,11263000000,0.2904,0.3379,0.3081,3.79E-05,5.73E-05,8.85E-05
1,0,0,1,0,0,1,0,0,1,0,1,0,0,1,0,0,1,0,0,1,1,1,0,1,60,0.404175148,0.259443507,1.000958838,15200,0.4,0.00013,0.017,3000,72000,72000,72000,30000,30000,30000,0.2,0.2,0.2,5.00E-06,5.00E-06,5.00E-06,43208000000,39340000000,37665000000,15299000000,11988000000,12682000000,0.2872,0.3336,0.3018,3.55E-05,5.58E-05,7.63E-05
0,0,0,0,1,0,1,0,0,1,0,1,0,0,0,1,1,1,1,1,0,0,1,1,1,60,0.618469239,0.327311666,1.673812302,15200,0.4,0.00013,0.017,3000,72000,72000,72000,30000,30000,30000,0.2,0.2,0.2,5.00E-06,5.00E-06,5.00E-06,41576000000,36730000000,35822000000,14462000000,11336000000,11984000000,0.3012,0.3465,0.3006,3.73E-05,6.24E-05,8.06E-05
1,0,1,1,0,1,1,1,0,0,1,1,1,1,0,1,1,0,0,1,1,1,1,1,1,60,0.52999217,0.36456941,1.255452656,15200,0.4,0.00013,0.017,3000,72000,72000,72000,30000,30000,30000,0.2,0.2,0.2,5.00E-06,5.00E-06,5.00E-06,44733000000,40170000000,39224000000,15670000000,12548000000,13259000000,0.2902,0.3271,0.2894,3.25E-05,5.50E-05,7.10E-05
1,1,1,0,0,1,1,0,1,0,1,0,1,1,0,0,0,0,1,0,1,0,0,0,0,60,0.234509808,0.2389273,0.605358705,15200,0.4,0.00013,0.017,3000,72000,72000,72000,30000,30000,30000,0.2,0.2,0.2,5.00E-06,5.00E-06,5.00E-06,42072000000,37366000000,37611000000,14391000000,12190000000,13180000000,0.3068,0.3314,0.2908,3.69E-05,6.38E-05,6.91E-05
0,1,0,0,0,0,0,1,1,0,1,0,1,1,1,0,0,0,0,1,0,1,1,1,0,60,0.765800921,0.383885031,1.96249092,15200,0.4,0.00013,0.017,3000,72000,72000,72000,30000,30000,30000,0.2,0.2,0.2,5.00E-06,5.00E-06,5.00E-06,42980000000,38595000000,36962000000,15180000000,11631000000,12226000000,0.2902,0.3404,0.3011,3.55E-05,5.69E-05,8.00E-05
0,0,1,1,0,0,1,1,0,1,0,1,1,0,0,0,1,0,1,1,0,0,0,0,1,60,0.747576849,0.377000647,1.831722043,15200,0.4,0.00013,0.017,3000,72000,72000,72000,30000,30000,30000,0.2,0.2,0.2,5.00E-06,5.00E-06,5.00E-06,43786000000,39679000000,37872000000,15541000000,11903000000,12504000000,0.2861,0.3341,0.2994,3.43E-05,5.46E-05,7.79E-05
1,1,0,0,1,0,1,1,0,1,0,0,1,0,0,0,1,0,0,0,0,0,1,0,0,60,0.272811882,0.177915871,0.730158576,15200,0.4,0.00013,0.017,3000,72000,72000,72000,30000,30000,30000,0.2,0.2,0.2,5.00E-06,5.00E-06,5.00E-06,41500000000,36884000000,36108000000,14378000000,11486000000,12191000000,0.3016,0.3427,0.3001,3.77E-05,6.25E-05,7.85E-05
0,1,1,1,1,0,1,0,1,1,0,1,1,0,0,1,1,1,1,1,0,1,1,0,1,60,0.939926431,0.232505133,2.463397597,15200,0.4,0.00013,0.017,3000,72000,72000,72000,30000,30000,30000,0.2,0.2,0.2,5.00E-06,5.00E-06,5.00E-06,43257000000,39794000000,37204000000,15648000000,10852000000,11410000000,0.2848,0.3317,0.3039,3.55E-05,5.36E-05,8.75E-05
0,1,1,0,1,1,0,0,1,1,0,1,0,1,1,1,0,1,1,0,1,0,1,1,1,60,0.447202113,0.370086877,1.102530953,15200,0.4,0.00013,0.017,3000,72000,72000,72000,30000,30000,30000,0.2,0.2,0.2,5.00E-06,5.00E-06,5.00E-06,42987000000,39229000000,38051000000,15095000000,12108000000,12932000000,0.2919,0.3277,0.2987,3.59E-05,5.72E-05,7.35E-05
1,0,1,0,1,1,1,1,1,1,1,1,0,1,0,1,0,0,0,0,1,1,0,0,0,60,0.726034469,0.33425244,1.931419077,15200,0.4,0.00013,0.017,3000,72000,72000,72000,30000,30000,30000,0.2,0.2,0.2,5.00E-06,5.00E-06,5.00E-06,42083000000,37548000000,36201000000,14750000000,11265000000,11831000000,0.2962,0.3435,0.3016,3.67E-05,5.98E-05,8.21E-05
1,1,1,1,1,1,1,0,0,0,1,0,1,1,1,0,1,1,0,1,1,1,0,1,1,60,0.299771184,0.151592651,0.835434099,15200,0.4,0.00013,0.017,3000,72000,72000,72000,30000,30000,30000,0.2,0.2,0.2,5.00E-06,5.00E-06,5.00E-06,40246000000,35660000000,34808000000,13911000000,10840000000,11484000000,0.3061,0.3486,0.3046,3.97E-05,6.53E-05,8.40E-05
1,1,0,1,1,0,1,1,0,0,0,0,0,0,0,1,1,0,1,1,0,1,1,0,1,60,0.929814165,0.201832092,2.52980883,15200,0.4,0.00013,0.017,3000,72000,72000,72000,30000,30000,30000,0.2,0.2,0.2,5.00E-06,5.00E-06,5.00E-06,42269000000,39091000000,36533000000,15263000000,10480000000,11048000000,0.2883,0.3315,0.3066,3.74E-05,5.55E-05,9.06E-05
0,1,1,1,0,1,0,0,0,0,1,0,0,1,0,1,0,1,0,0,1,1,0,0,0,60,0.368911588,0.108488907,0.900885586,15200,0.4,0.00013,0.017,3000,72000,72000,72000,30000,30000,30000,0.2,0.2,0.2,5.00E-06,5.00E-06,5.00E-06,44588000000,41130000000,38241000000,16217000000,11424000000,11950000000,0.2774,0.3296,0.302,3.35E-05,5.03E-05,8.36E-05
1,0,0,1,1,1,1,0,1,0,1,0,0,0,1,0,0,0,0,1,0,0,1,1,1,60,0.361629638,0.161225113,0.952062088,15200,0.4,0.00013,0.017,3000,72000,72000,72000,30000,30000,30000,0.2,0.2,0.2,5.00E-06,5.00E-06,5.00E-06,42422000000,37854000000,36424000000,14866000000,11373000000,11939000000,0.2941,0.3432,0.3013,3.62E-05,5.90E-05,8.15E-05
1,1,0,1,1,1,1,1,1,1,0,1,1,1,1,0,0,1,1,0,1,0,1,1,1,60,0.230195574,0.187690692,0.614850732,15200,0.4,0.00013,0.017,3000,72000,72000,72000,30000,30000,30000,0.2,0.2,0.2,5.00E-06,5.00E-06,5.00E-06,41545000000,36163000000,36548000000,14055000000,11799000000,12627000000,0.3124,0.3411,0.2899,3.71E-05,6.63E-05,7.28E-05
0,0,0,1,1,0,0,1,1,0,0,1,0,1,1,1,0,1,1,1,0,1,1,0,1,60,0.438172761,0.314587692,1.186748435,15200,0.4,0.00013,0.017,3000,72000,72000,72000,30000,30000,30000,0.2,0.2,0.2,5.00E-06,5.00E-06,5.00E-06,40693000000,36230000000,35687000000,13986000000,11323000000,12123000000,0.3059,0.3419,0.3017,3.89E-05,6.49E-05,7.85E-05
0,0,0,1,1,1,1,1,1,1,1,0,1,1,0,1,0,1,0,0,0,0,0,1,1,60,0.752418457,0.34037268,1.787782497,15200,0.4,0.00013,0.017,3000,72000,72000,72000,30000,30000,30000,0.2,0.2,0.2,5.00E-06,5.00E-06,5.00E-06,44998000000,40654000000,38711000000,16032000000,12150000000,12703000000,0.2821,0.3323,0.2955,3.23E-05,5.22E-05,7.65E-05
1,0,0,1,1,1,0,1,0,0,0,1,1,1,1,0,1,1,1,1,1,0,1,0,1,60,0.895934694,0.268291261,2.43477752,15200,0.4,0.00013,0.017,3000,72000,72000,72000,30000,30000,30000,0.2,0.2,0.2,5.00E-06,5.00E-06,5.00E-06,41873000000,38162000000,36032000000,14933000000,10662000000,11225000000,0.2915,0.3385,0.3069,3.76E-05,5.78E-05,8.84E-05
0,0,1,1,1,1,0,1,0,1,0,1,1,0,0,1,0,1,0,0,0,1,1,0,1,60,0.348690066,0.394334414,0.950660037,15200,0.4,0.00013,0.017,3000,72000,72000,72000,30000,30000,30000,0.2,0.2,0.2,5.00E-06,5.00E-06,5.00E-06,40720000000,36149000000,36804000000,13776000000,11759000000,12886000000,0.3145,0.3314,0.2919,3.95E-05,6.82E-05,6.98E-05
1,1,0,0,1,0,0,0,1,0,0,1,1,0,1,1,1,0,0,1,0,0,1,0,0,60,0.899595745,0.357468913,2.172633816,15200,0.4,0.00013,0.017,3000,72000,72000,72000,30000,30000,30000,0.2,0.2,0.2,5.00E-06,5.00E-06,5.00E-06,44403000000,40615000000,38141000000,15869000000,11681000000,12218000000,0.2796,0.332,0.3012,3.37E-05,5.20E-05,8.08E-05
0,0,0,0,0,0,0,1,0,0,1,0,0,0,1,1,1,0,0,0,0,1,0,1,1,60,0.825257691,0.347871831,2.116308487,15200,0.4,0.00013,0.017,3000,72000,72000,72000,30000,30000,30000,0.2,0.2,0.2,5.00E-06,5.00E-06,5.00E-06,43198000000,38927000000,37184000000,15294000000,11493000000,12072000000,0.2894,0.3379,0.3002,3.53E-05,5.62E-05,8.09E-05
0,1,0,1,0,1,1,0,1,1,0,1,0,1,0,0,0,0,1,1,0,1,1,1,0,60,0.827426626,0.275077486,2.140582927,15200,0.4,0.00013,0.017,3000,72000,72000,72000,30000,30000,30000,0.2,0.2,0.2,5.00E-06,5.00E-06,5.00E-06,43090000000,39267000000,36958000000,15382000000,11144000000,11698000000,0.2856,0.3368,0.3044,3.56E-05,5.49E-05,8.49E-05
1,0,0,1,0,1,1,1,1,1,0,0,0,0,1,1,0,1,0,1,1,1,1,1,0,60,0.614220189,0.299671728,1.688273013,15200,0.4,0.00013,0.017,3000,72000,72000,72000,30000,30000,30000,0.2,0.2,0.2,5.00E-06,5.00E-06,5.00E-06,41071000000,36831000000,35529000000,14357000000,11023000000,11707000000,0.2986,0.3442,0.3057,3.87E-05,6.20E-05,8.34E-05
0,0,0,0,1,0,1,0,0,0,0,1,0,0,1,0,1,0,0,0,0,0,1,1,1,60,0.433861657,0.30385581,1.035908157,15200,0.4,0.00013,0.017,3000,72000,72000,72000,30000,30000,30000,0.2,0.2,0.2,5.00E-06,5.00E-06,5.00E-06,44492000000,39902000000,38788000000,15613000000,12650000000,13307000000,0.2882,0.3319,0.2927,3.32E-05,5.51E-05,7.11E-05
1,0,1,0,1,1,0,0,1,1,0,0,0,0,1,0,1,1,1,0,1,1,1,1,1,60,0.445632252,0.200023717,1.223573816,15200,0.4,0.00013,0.017,3000,72000,72000,72000,30000,30000,30000,0.2,0.2,0.2,5.00E-06,5.00E-06,5.00E-06,41143000000,36634000000,35470000000,14329000000,10958000000,11570000000,0.3007,0.3458,0.3035,3.84E-05,6.24E-05,8.39E-05
1,1,1,1,0,0,1,0,0,0,0,1,1,0,0,0,0,1,0,0,1,0,1,0,1,60,0.394874244,0.293399301,1.022878982,15200,0.4,0.00013,0.017,3000,72000,72000,72000,30000,30000,30000,0.2,0.2,0.2,5.00E-06,5.00E-06,5.00E-06,42284000000,37608000000,37151000000,14641000000,11964000000,12759000000,0.3012,0.3368,0.2951,3.64E-05,6.15E-05,7.36E-05
1,0,1,1,0,0,1,0,1,1,1,1,0,0,1,1,0,0,0,1,1,1,0,1,1,60,0.40157137,0.276317341,0.988592502,15200,0.4,0.00013,0.017,3000,72000,72000,72000,30000,30000,30000,0.2,0.2,0.2,5.00E-06,5.00E-06,5.00E-06,43325000000,39111000000,37933000000,15177000000,12141000000,12837000000,0.2917,0.3324,0.297,3.51E-05,5.69E-05,7.43E-05
1,0,1,0,0,0,0,0,1,0,1,0,0,0,1,0,0,1,1,0,0,0,1,1,1,60,0.949885347,0.33172435,2.66290075,15200,0.4,0.00013,0.017,3000,72000,72000,72000,30000,30000,30000,0.2,0.2,0.2,5.00E-06,5.00E-06,5.00E-06,40575000000,36502000000,34966000000,14178000000,10488000000,11115000000,0.2995,0.345,0.3081,3.96E-05,6.27E-05,8.85E-05
1,1,1,1,0,0,1,1,1,0,0,0,0,1,1,0,0,1,1,0,0,0,0,0,1,60,0.896558309,0.313282538,2.554991905,15200,0.4,0.00013,0.017,3000,72000,72000,72000,30000,30000,30000,0.2,0.2,0.2,5.00E-06,5.00E-06,5.00E-06,39770000000,35414000000,34412000000,13684000000,10245000000,10973000000,0.3072,0.3467,0.3066,4.07E-05,6.69E-05,8.86E-05
1,0,0,0,1,1,1,0,1,0,0,0,0,1,0,0,0,1,0,0,0,0,1,0,1,60,0.867831705,0.148841259,2.102570684,15200,0.4,0.00013,0.017,3000,72000,72000,72000,30000,30000,30000,0.2,0.2,0.2,5.00E-06,5.00E-06,5.00E-06,45544000000,42717000000,39164000000,16838000000,11217000000,11736000000,0.2719,0.3201,0.3002,3.25E-05,4.68E-05,8.57E-05
0,0,0,1,1,1,0,1,1,1,1,1,1,1,0,1,1,0,0,1,0,0,1,0,0,60,0.961479244,0.32734703,2.542827538,15200,0.4,0.00013,0.017,3000,72000,72000,72000,30000,30000,30000,0.2,0.2,0.2,5.00E-06,5.00E-06,5.00E-06,42689000000,38623000000,36672000000,15126000000,11064000000,11604000000,0.29,0.3384,0.3028,3.63E-05,5.69E-05,8.48E-05
0,1,1,1,1,0,1,0,0,0,1,1,0,1,1,0,0,0,0,0,0,1,1,0,1,60,0.706685195,0.213585193,1.811540705,15200,0.4,0.00013,0.017,3000,72000,72000,72000,30000,30000,30000,0.2,0.2,0.2,5.00E-06,5.00E-06,5.00E-06,43615000000,39861000000,37449000000,15680000000,11204000000,11738000000,0.284,0.3337,0.3022,3.49E-05,5.35E-05,8.45E-05
1,0,1,1,1,1,0,0,1,0,0,1,1,0,1,1,0,0,0,0,1,0,1,0,0,60,0.304729287,0.199224883,0.737641053,15200,0.4,0.00013,0.017,3000,72000,72000,72000,30000,30000,30000,0.2,0.2,0.2,5.00E-06,5.00E-06,5.00E-06,43778000000,39913000000,38250000000,15567000000,12227000000,12906000000,0.2857,0.3307,0.2994,3.47E-05,5.45E-05,7.46E-05
0,1,0,0,0,0,0,1,0,0,1,0,1,1,0,1,0,1,0,1,1,0,0,0,0,60,0.96271881,0.323221559,2.575294127,15200,0.4,0.00013,0.017,3000,72000,72000,72000,30000,30000,30000,0.2,0.2,0.2,5.00E-06,5.00E-06,5.00E-06,42311000000,38461000000,36398000000,15078000000,10923000000,11505000000,0.2902,0.3385,0.3051,3.69E-05,5.70E-05,8.61E-05
1,1,1,1,0,0,0,0,1,0,0,1,0,1,1,1,0,1,1,0,0,0,0,1,0,60,0.221274315,0.342593142,0.629234657,15200,0.4,0.00013,0.017,3000,72000,72000,72000,30000,30000,30000,0.2,0.2,0.2,5.00E-06,5.00E-06,5.00E-06,39564000000,34880000000,36971000000,12968000000,11334000000,12967000000,0.3311,0.3217,0.2829,4.18E-05,7.61E-05,6.57E-05
0,0,0,1,0,1,0,0,0,0,1,0,1,1,1,1,0,1,0,1,0,1,1,1,1,60,0.311658093,0.346634491,0.746743986,15200,0.4,0.00013,0.017,3000,72000,72000,72000,30000,30000,30000,0.2,0.2,0.2,5.00E-06,5.00E-06,5.00E-06,44289000000,39921000000,39965000000,15407000000,12923000000,13946000000,0.2974,0.3183,0.2842,3.38E-05,5.75E-05,6.46E-05
1,1,0,1,1,1,0,0,1,1,1,1,0,0,1,0,1,0,0,1,0,1,0,1,0,60,0.828974799,0.19652025,2.034076358,15200,0.4,0.00013,0.017,3000,72000,72000,72000,30000,30000,30000,0.2,0.2,0.2,5.00E-06,5.00E-06,5.00E-06,44903000000,41612000000,38532000000,16431000000,11310000000,11848000000,0.2761,0.3265,0.301,3.31E-05,4.91E-05,8.45E-05
1,0,0,0,0,1,0,0,1,1,0,0,0,0,1,0,1,0,1,0,0,1,1,0,0,60,0.793486856,0.295198658,2.129102033,15200,0.4,0.00013,0.017,3000,72000,72000,72000,30000,30000,30000,0.2,0.2,0.2,5.00E-06,5.00E-06,5.00E-06,41807000000,37609000000,35917000000,14759000000,10932000000,11473000000,0.2946,0.3428,0.3046,3.75E-05,5.92E-05,8.55E-05
1,0,1,0,0,0,1,1,0,1,0,0,0,0,0,1,1,0,1,0,0,1,0,1,0,60,0.469438523,0.31093495,1.191298022,15200,0.4,0.00013,0.017,3000,72000,72000,72000,30000,30000,30000,0.2,0.2,0.2,5.00E-06,5.00E-06,5.00E-06,42511000000,38662000000,37210000000,15030000000,11797000000,12506000000,0.2918,0.3342,0.3022,3.66E-05,5.75E-05,7.72E-05
0,0,1,1,1,0,1,1,0,1,0,1,1,0,1,1,0,1,0,0,0,1,1,0,0,60,0.781756096,0.242279842,2.049847136,15200,0.4,0.00013,0.017,3000,72000,72000,72000,30000,30000,30000,0.2,0.2,0.2,5.00E-06,5.00E-06,5.00E-06,42837000000,39263000000,36797000000,15396000000,10949000000,11523000000,0.2856,0.3355,0.306,3.61E-05,5.48E-05,8.67E-05
0,0,1,1,0,1,0,0,1,0,1,0,0,1,0,1,1,1,0,1,0,1,1,0,1,60,0.325813764,0.394912034,0.776071689,15200,0.4,0.00013,0.017,3000,72000,72000,72000,30000,30000,30000,0.2,0.2,0.2,5.00E-06,5.00E-06,5.00E-06,44654000000,40544000000,40821000000,15599000000,13187000000,14218000000,0.2971,0.3119,0.2805,3.41E-05,5.64E-05,6.17E-05
0,1,0,0,1,0,1,1,1,0,1,0,1,0,0,0,1,1,0,0,1,0,1,0,1,60,0.774694753,0.251459269,1.930491377,15200,0.4,0.00013,0.017,3000,72000,72000,72000,30000,30000,30000,0.2,0.2,0.2,5.00E-06,5.00E-06,5.00E-06,43734000000,40155000000,37500000000,15736000000,11307000000,11807000000,0.281,0.3338,0.3043,3.48E-05,5.25E-05,8.44E-05
0,1,0,1,0,1,0,1,0,0,0,1,0,0,0,1,1,0,1,0,0,1,1,1,0,60,0.519704353,0.375997055,1.486837712,15200,0.4,0.00013,0.017,3000,72000,72000,72000,30000,30000,30000,0.2,0.2,0.2,5.00E-06,5.00E-06,5.00E-06,38301000000,33717000000,33784000000,12750000000,10576000000,11605000000,0.3187,0.3486,0.3063,4.28E-05,7.41E-05,8.09E-05
1,1,0,1,0,1,0,0,0,1,1,1,0,1,0,1,1,1,0,0,0,1,1,1,1,60,0.418696305,0.134398087,1.171418685,15200,0.4,0.00013,0.017,3000,72000,72000,72000,30000,30000,30000,0.2,0.2,0.2,5.00E-06,5.00E-06,5.00E-06,40596000000,36802000000,34976000000,14351000000,10363000000,10957000000,0.2978,0.3433,0.3098,3.95E-05,6.13E-05,9.04E-05
1,1,1,1,1,1,1,0,0,0,1,0,0,1,0,1,0,1,1,1,1,1,0,0,1,60,0.637065186,0.129554722,1.639580837,15200,0.4,0.00013,0.017,3000,72000,72000,72000,30000,30000,30000,0.2,0.2,0.2,5.00E-06,5.00E-06,5.00E-06,43914000000,40711000000,37822000000,16042000000,10907000000,11436000000,0.2813,0.3272,0.3024,3.47E-05,5.14E-05,8.75E-05
0,1,0,0,0,0,1,0,0,1,0,0,0,1,1,0,1,1,1,0,0,0,1,0,0,60,0.210791271,0.206169093,0.514355344,15200,0.4,0.00013,0.017,3000,72000,72000,72000,30000,30000,30000,0.2,0.2,0.2,5.00E-06,5.00E-06,5.00E-06,43613000000,39324000000,39176000000,15076000000,12540000000,13551000000,0.2991,0.3212,0.2879,3.45E-05,5.87E-05,6.78E-05
1,1,1,0,0,1,1,1,1,1,1,0,0,1,1,1,0,0,1,0,0,0,1,0,1,60,0.561592695,0.395838607,1.365121129,15200,0.4,0.00013,0.017,3000,72000,72000,72000,30000,30000,30000,0.2,0.2,0.2,5.00E-06,5.00E-06,5.00E-06,43886000000,39432000000,38488000000,15377000000,12337000000,13038000000,0.2926,0.3302,0.2926,3.40E-05,5.64E-05,7.26E-05
1,1,1,1,0,1,0,0,1,0,1,0,0,1,0,1,0,0,0,1,0,1,1,0,1,60,0.65749653,0.212361635,1.875818175,15200,0.4,0.00013,0.017,3000,72000,72000,72000,30000,30000,30000,0.2,0.2,0.2,5.00E-06,5.00E-06,5.00E-06,39632000000,35635000000,34338000000,13745000000,10091000000,10843000000,0.3053,0.3447,0.3096,4.08E-05,6.60E-05,9.06E-05
1,1,0,1,0,1,1,1,1,0,1,1,0,0,0,0,0,1,0,1,0,0,1,0,0,60,0.788854785,0.278754362,1.943710818,15200,0.4,0.00013,0.017,3000,72000,72000,72000,30000,30000,30000,0.2,0.2,0.2,5.00E-06,5.00E-06,5.00E-06,44126000000,40434000000,37892000000,15958000000,11520000000,12062000000,0.2808,0.3327,0.302,3.41E-05,5.18E-05,8.24E-05
0,0,1,0,0,0,1,1,0,0,1,1,0,0,1,1,1,0,0,1,1,0,1,0,0,60,0.92186818,0.391184569,2.339740895,15200,0.4,0.00013,0.017,3000,72000,72000,72000,30000,30000,30000,0.2,0.2,0.2,5.00E-06,5.00E-06,5.00E-06,43359000000,38911000000,37222000000,15328000000,11562000000,12100000000,0.2898,0.339,0.2992,3.47E-05,5.61E-05,8.07E-05
0,1,1,0,0,0,1,0,0,1,0,1,0,1,0,0,0,1,1,1,0,0,0,1,0,60,0.899625632,0.183997957,2.410013234,15200,0.4,0.00013,0.017,3000,72000,72000,72000,30000,30000,30000,0.2,0.2,0.2,5.00E-06,5.00E-06,5.00E-06,42641000000,39471000000,36732000000,15448000000,10560000000,11084000000,0.2857,0.3315,0.3067,3.67E-05,5.43E-05,9.05E-05
1,1,1,1,0,0,1,1,1,0,1,0,1,0,0,1,1,1,0,0,1,1,1,0,0,60,0.478211835,0.240808543,1.264024273,15200,0.4,0.00013,0.017,3000,72000,72000,72000,30000,30000,30000,0.2,0.2,0.2,5.00E-06,5.00E-06,5.00E-06,42275000000,37302000000,36362000000,14680000000,11539000000,12121000000,0.2989,0.345,0.2983,3.60E-05,6.09E-05,7.92E-05
1,0,1,1,1,1,0,1,0,1,1,1,1,0,0,1,1,1,1,0,1,0,1,0,0,60,0.979390944,0.379095426,2.721895991,15200,0.4,0.00013,0.017,3000,72000,72000,72000,30000,30000,30000,0.2,0.2,0.2,5.00E-06,5.00E-06,5.00E-06,41049000000,36827000000,35347000000,14402000000,10725000000,11379000000,0.2985,0.3445,0.3064,3.85E-05,6.18E-05,8.63E-05
0,0,1,0,1,1,0,0,0,0,0,0,0,1,0,0,1,0,0,0,1,0,0,1,0,60,0.786910871,0.172915225,1.905752565,15200,0.4,0.00013,0.017,3000,72000,72000,72000,30000,30000,30000,0.2,0.2,0.2,5.00E-06,5.00E-06,5.00E-06,44921000000,41859000000,38601000000,16489000000,11246000000,11714000000,0.275,0.3247,0.3014,3.34E-05,4.85E-05,8.55E-05
1,0,0,1,0,0,1,1,0,1,1,0,1,1,0,1,0,1,1,0,1,1,0,0,0,60,0.554368296,0.170443905,1.585974386,15200,0.4,0.00013,0.017,3000,72000,72000,72000,30000,30000,30000,0.2,0.2,0.2,5.00E-06,5.00E-06,5.00E-06,39219000000,35471000000,34096000000,13552000000,9919600000,10673000000,0.3059,0.3433,0.312,4.16E-05,6.67E-05,9.21E-05
0,0,1,1,1,0,1,1,0,1,1,1,0,0,0,0,0,0,0,1,0,0,0,1,1,60,0.261480863,0.350595328,0.690617364,15200,0.4,0.00013,0.017,3000,72000,72000,72000,30000,30000,30000,0.2,0.2,0.2,5.00E-06,5.00E-06,5.00E-06,41609000000,37072000000,38087000000,13994000000,11977000000,13396000000,0.3151,0.3215,0.2863,3.73E-05,6.70E-05,6.64E-05
0,1,0,1,1,0,0,0,0,0,1,1,0,1,0,1,1,0,0,0,0,0,0,1,1,60,0.841551807,0.260732122,2.021028427,15200,0.4,0.00013,0.017,3000,72000,72000,72000,30000,30000,30000,0.2,0.2,0.2,5.00E-06,5.00E-06,5.00E-06,45062000000,41440000000,38674000000,16382000000,11663000000,12189000000,0.2769,0.3287,0.2993,3.27E-05,4.96E-05,8.15E-05
1,1,0,1,1,0,1,1,1,1,1,0,1,0,0,0,0,1,1,0,0,0,0,1,0,60,0.356712271,0.281570739,0.957579328,15200,0.4,0.00013,0.017,3000,72000,72000,72000,30000,30000,30000,0.2,0.2,0.2,5.00E-06,5.00E-06,5.00E-06,41335000000,36612000000,36280000000,14198000000,11700000000,12525000000,0.3047,0.3411,0.298,3.81E-05,6.44E-05,7.50E-05
1,0,0,0,1,1,1,1,0,1,1,1,1,0,1,0,0,1,1,0,0,0,1,0,0,60,0.528299187,0.358309109,1.31022291,15200,0.4,0.00013,0.017,3000,72000,72000,72000,30000,30000,30000,0.2,0.2,0.2,5.00E-06,5.00E-06,5.00E-06,43690000000,38830000000,37997000000,15211000000,12312000000,12982000000,0.2939,0.3362,0.2928,3.42E-05,5.77E-05,7.30E-05
1,1,1,0,0,0,0,1,0,0,0,0,1,1,1,0,1,0,1,1,1,0,0,1,1,60,0.832995624,0.290452033,2.224046346,15200,0.4,0.00013,0.017,3000,72000,72000,72000,30000,30000,30000,0.2,0.2,0.2,5.00E-06,5.00E-06,5.00E-06,42383000000,38375000000,36376000000,15072000000,10978000000,11557000000,0.2905,0.3397,0.3047,3.65E-05,5.73E-05,8.57E-05
0,1,1,1,1,0,0,1,1,0,0,1,0,0,0,0,0,0,1,1,0,0,1,0,1,60,0.287491139,0.237934328,0.685891616,15200,0.4,0.00013,0.017,3000,72000,72000,72000,30000,30000,30000,0.2,0.2,0.2,5.00E-06,5.00E-06,5.00E-06,44332000000,40001000000,39273000000,15464000000,12660000000,13495000000,0.2917,0.3246,0.2901,3.35E-05,5.61E-05,6.90E-05
0,0,1,0,1,0,0,1,1,0,1,0,1,1,0,1,0,1,1,0,0,0,1,1,0,60,0.259100073,0.271989008,0.683632189,15200,0.4,0.00013,0.017,3000,72000,72000,72000,30000,30000,30000,0.2,0.2,0.2,5.00E-06,5.00E-06,5.00E-06,41510000000,36673000000,37130000000,14117000000,12077000000,13076000000,0.3108,0.3339,0.2909,3.77E-05,6.57E-05,6.94E-05
0,1,1,0,1,0,1,0,0,1,0,0,1,0,0,0,1,0,0,1,1,0,0,1,1,60,0.376865944,0.394871801,1.028281849,15200,0.4,0.00013,0.017,3000,72000,72000,72000,30000,30000,30000,0.2,0.2,0.2,5.00E-06,5.00E-06,5.00E-06,40522000000,36202000000,36334000000,13811000000,11585000000,12627000000,0.3106,0.3343,0.2974,3.98E-05,6.70E-05,7.28E-05
0,0,1,0,1,0,0,0,1,1,0,1,1,1,0,1,1,0,0,0,1,0,1,0,0,60,0.554255967,0.381606633,1.42822654,15200,0.4,0.00013,0.017,3000,72000,72000,72000,30000,30000,30000,0.2,0.2,0.2,5.00E-06,5.00E-06,5.00E-06,41930000000,37589000000,36549000000,14623000000,11684000000,12432000000,0.2975,0.3394,0.3016,3.68E-05,6.06E-05,7.77E-05
0,1,1,1,1,1,0,1,1,0,0,0,0,0,0,0,0,1,1,1,1,0,1,1,1,60,0.266578935,0.283841562,0.747705986,15200,0.4,0.00013,0.017,3000,72000,72000,72000,30000,30000,30000,0.2,0.2,0.2,5.00E-06,5.00E-06,5.00E-06,39581000000,34513000000,35649000000,13154000000,11259000000,12449000000,0.3252,0.3377,0.2907,4.05E-05,7.34E-05,7.21E-05
0,1,1,0,1,1,0,1,1,1,0,0,1,1,0,1,1,1,0,1,1,0,0,0,1,60,0.74607324,0.329412479,1.775034214,15200,0.4,0.00013,0.017,3000,72000,72000,72000,30000,30000,30000,0.2,0.2,0.2,5.00E-06,5.00E-06,5.00E-06,44869000000,40885000000,38571000000,16016000000,12035000000,12578000000,0.2789,0.3319,0.2988,3.30E-05,5.15E-05,7.80E-05
0,0,1,1,0,1,0,1,0,0,1,1,0,1,1,0,1,0,1,1,0,0,1,0,1,60,0.708883769,0.263999527,1.873272378,15200,0.4,0.00013,0.017,3000,72000,72000,72000,30000,30000,30000,0.2,0.2,0.2,5.00E-06,5.00E-06,5.00E-06,42258000000,38549000000,36329000000,15074000000,10982000000,11557000000,0.2884,0.339,0.3072,3.70E-05,5.65E-05,8.61E-05
0,0,1,1,0,0,1,0,0,0,1,1,1,0,1,1,1,0,1,1,0,1,0,1,1,60,0.85119132,0.29442811,2.25374069,15200,0.4,0.00013,0.017,3000,72000,72000,72000,30000,30000,30000,0.2,0.2,0.2,5.00E-06,5.00E-06,5.00E-06,42462000000,38453000000,36497000000,15090000000,10993000000,11532000000,0.2908,0.3389,0.3036,3.65E-05,5.71E-05,8.54E-05
1,0,1,0,0,1,0,0,1,0,0,1,0,1,0,0,1,0,0,1,0,0,1,1,0,60,0.271493657,0.346379683,0.770504278,15200,0.4,0.00013,0.017,3000,72000,72000,72000,30000,30000,30000,0.2,0.2,0.2,5.00E-06,5.00E-06,5.00E-06,39336000000,35008000000,36033000000,13148000000,11336000000,12627000000,0.3217,0.3306,0.2935,4.25E-05,7.26E-05,7.01E-05
1,1,0,0,1,0,1,0,1,0,0,0,0,0,1,1,1,1,0,1,1,1,0,1,1,60,0.571771306,0.196418569,1.549858571,15200,0.4,0.00013,0.017,3000,72000,72000,72000,30000,30000,30000,0.2,0.2,0.2,5.00E-06,5.00E-06,5.00E-06,41902000000,37955000000,36099000000,14822000000,10850000000,11445000000,0.293,0.3398,0.3053,3.75E-05,5.86E-05,8.61E-05
1,0,0,0,1,1,1,1,1,1,1,1,0,1,1,0,0,0,1,0,1,1,0,1,0,60,0.784566758,0.207763249,2.041009259,15200,0.4,0.00013,0.017,3000,72000,72000,72000,30000,30000,30000,0.2,0.2,0.2,5.00E-06,5.00E-06,5.00E-06,43320000000,39700000000,37267000000,15628000000,10984000000,11520000000,0.2855,0.3327,0.3026,3.54E-05,5.39E-05,8.62E-05
0,0,1,0,0,0,0,1,0,1,0,0,1,0,0,0,0,0,0,1,0,0,1,0,1,60,0.747216205,0.118723862,1.824620362,15200,0.4,0.00013,0.017,3000,72000,72000,72000,30000,30000,30000,0.2,0.2,0.2,5.00E-06,5.00E-06,5.00E-06,45407000000,42617000000,39101000000,16808000000,11131000000,11685000000,0.273,0.3195,0.3002,3.26E-05,4.70E-05,8.62E-05
1,1,1,0,1,1,1,0,0,1,0,1,0,0,1,0,1,1,0,1,0,0,0,0,1,60,0.841570359,0.273678449,2.333264004,15200,0.4,0.00013,0.017,3000,72000,72000,72000,30000,30000,30000,0.2,0.2,0.2,5.00E-06,5.00E-06,5.00E-06,41417000000,37496000000,35736000000,14662000000,10620000000,11276000000,0.2957,0.3401,0.3061,3.82E-05,6.00E-05,8.76E-05
0,0,0,1,0,1,1,1,1,1,1,0,1,0,0,0,0,1,1,0,1,1,0,1,0,60,0.868226112,0.150535404,2.101510538,15200,0.4,0.00013,0.017,3000,72000,72000,72000,30000,30000,30000,0.2,0.2,0.2,5.00E-06,5.00E-06,5.00E-06,45651000000,42907000000,39297000000,16875000000,11255000000,11788000000,0.271,0.319,0.3002,3.25E-05,4.65E-05,8.54E-05
1,1,0,0,0,0,1,0,0,1,1,0,1,1,1,1,1,1,1,0,1,0,1,1,1,60,0.629050686,0.354053632,1.578737242,15200,0.4,0.00013,0.017,3000,72000,72000,72000,30000,30000,30000,0.2,0.2,0.2,5.00E-06,5.00E-06,5.00E-06,43189000000,38909000000,37423000000,15194000000,11861000000,12493000000,0.2901,0.3367,0.2996,3.52E-05,5.67E-05,7.75E-05
1,1,0,1,0,1,1,0,0,1,0,0,0,1,0,0,1,1,0,1,1,1,1,1,0,60,0.831310541,0.210141129,2.33827394,15200,0.4,0.00013,0.017,3000,72000,72000,72000,30000,30000,30000,0.2,0.2,0.2,5.00E-06,5.00E-06,5.00E-06,40736000000,37246000000,35223000000,14469000000,10206000000,10811000000,0.2964,0.3389,0.3097,3.97E-05,6.05E-05,9.19E-05
1,0,1,1,0,0,0,0,0,0,0,1,0,0,1,0,1,0,1,1,0,0,0,0,1,60,0.69510287,0.22563126,1.739508242,15200,0.4,0.00013,0.017,3000,72000,72000,72000,30000,30000,30000,0.2,0.2,0.2,5.00E-06,5.00E-06,5.00E-06,43957000000,40264000000,37725000000,15857000000,11336000000,11884000000,0.2816,0.3327,0.3023,3.43E-05,5.25E-05,8.36E-05
0,1,0,1,0,0,1,0,1,1,1,1,0,1,1,0,0,1,0,0,0,1,1,1,1,60,0.527785406,0.128766082,1.411789144,15200,0.4,0.00013,0.017,3000,72000,72000,72000,30000,30000,30000,0.2,0.2,0.2,5.00E-06,5.00E-06,5.00E-06,42612000000,39309000000,36681000000,15382000000,10660000000,11208000000,0.2862,0.333,0.3067,3.66E-05,5.47E-05,8.95E-05
0,0,0,1,0,0,1,1,0,1,0,1,0,0,0,1,0,0,0,1,1,1,1,0,1,60,0.927211969,0.114007444,2.381233233,15200,0.4,0.00013,0.017,3000,72000,72000,72000,30000,30000,30000,0.2,0.2,0.2,5.00E-06,5.00E-06,5.00E-06,44159000000,41743000000,38143000000,16353000000,10643000000,11159000000,0.2765,0.3201,0.3046,3.49E-05,4.89E-05,9.10E-05
1,1,0,0,1,1,1,1,1,0,0,1,1,1,0,1,0,1,0,1,1,0,0,0,0,60,0.515498941,0.188214106,1.335036427,15200,0.4,0.00013,0.017,3000,72000,72000,72000,30000,30000,30000,0.2,0.2,0.2,5.00E-06,5.00E-06,5.00E-06,43030000000,38904000000,36973000000,15246000000,11284000000,11842000000,0.2886,0.338,0.3019,3.57E-05,5.62E-05,8.30E-05
1,0,0,1,0,1,0,1,1,1,0,1,0,0,0,0,0,0,1,0,1,0,0,1,1,60,0.352117284,0.264020854,0.871347609,15200,0.4,0.00013,0.017,3000,72000,72000,72000,30000,30000,30000,0.2,0.2,0.2,5.00E-06,5.00E-06,5.00E-06,43254000000,38841000000,37974000000,15101000000,12319000000,13073000000,0.294,0.333,0.2953,3.51E-05,5.79E-05,7.23E-05
0,1,0,1,1,0,1,0,0,0,0,0,1,0,1,0,0,1,1,1,0,1,1,0,0,60,0.338578074,0.285341929,0.804125059,15200,0.4,0.00013,0.017,3000,72000,72000,72000,30000,30000,30000,0.2,0.2,0.2,5.00E-06,5.00E-06,5.00E-06,44418000000,40292000000,39325000000,15603000000,12734000000,13556000000,0.2886,0.3245,0.2921,3.37E-05,5.51E-05,6.89E-05
1,1,1,1,1,1,0,0,1,1,0,0,0,1,1,1,1,1,1,1,1,0,1,0,0,60,0.992647403,0.295652296,2.452839034,15200,0.4,0.00013,0.017,3000,72000,72000,72000,30000,30000,30000,0.2,0.2,0.2,5.00E-06,5.00E-06,5.00E-06,44682000000,40765000000,38385000000,16124000000,11526000000,12042000000,0.2814,0.3304,0.2974,3.33E-05,5.15E-05,8.17E-05
0,0,0,0,1,0,1,0,1,1,0,0,0,1,0,1,0,0,1,1,0,1,1,0,0,60,0.50732319,0.244441549,1.334068418,15200,0.4,0.00013,0.017,3000,72000,72000,72000,30000,30000,30000,0.2,0.2,0.2,5.00E-06,5.00E-06,5.00E-06,42264000000,37949000000,36337000000,14852000000,11334000000,11937000000,0.2927,0.3424,0.3036,3.66E-05,5.86E-05,8.22E-05
1,0,1,0,1,0,0,0,1,0,0,1,0,1,1,0,0,1,0,0,1,1,0,1,1,60,0.717037524,0.346222735,1.932917639,15200,0.4,0.00013,0.017,3000,72000,72000,72000,30000,30000,30000,0.2,0.2,0.2,5.00E-06,5.00E-06,5.00E-06,41273000000,37453000000,35747000000,14543000000,10980000000,11634000000,0.2946,0.3411,0.3079,3.86E-05,6.00E-05,8.46E-05
0,1,1,1,1,1,1,0,0,1,0,1,0,1,0,1,1,0,0,0,1,0,1,0,1,0,0.694794086,0.243784634,1.078468535,15200,0.4,0.00013,0.007,3000,230000,23000,23000,9000,9000,9000,0.26,0.26,0.26,1.50E-05,1.00E-05,1.00E-05,55797000000,55568000000,22178000000,6863100000,7162200000,7108800000,0.1471,0.4751,0.473,4.13E-05,4.05E-05,0.00012373
0,1,0,1,0,1,0,0,1,1,1,1,1,0,1,1,0,1,1,1,1,0,0,1,1,0,0.945378909,0.239090831,1.734642285,15200,0.4,0.00013,0.007,3000,230000,23000,23000,9000,9000,9000,0.26,0.26,0.26,1.50E-05,1.00E-05,1.00E-05,57585000000,57154000000,22730000000,6712000000,6704000000,6690200000,0.1305,0.4712,0.4716,4.36E-05,4.34E-05,0.00013823
1,1,0,0,0,0,0,0,1,0,0,0,0,0,0,1,0,0,0,1,0,0,0,0,1,0,0.97756658,0.268037135,1.643232966,15200,0.4,0.00013,0.007,3000,230000,23000,23000,9000,9000,9000,0.26,0.26,0.26,1.50E-05,1.00E-05,1.00E-05,59849000000,60954000000,22896000000,6801800000,6801100000,6810200000,0.1224,0.464,0.4697,4.16E-05,4.06E-05,0.00013265
0,0,1,0,0,1,0,0,0,0,0,0,0,1,1,0,1,0,0,1,1,1,0,1,1,0,0.449724464,0.291467747,0.693396251,15200,0.4,0.00013,0.007,3000,230000,23000,23000,9000,9000,9000,0.26,0.26,0.26,1.50E-05,1.00E-05,1.00E-05,44911000000,46224000000,20844000000,6891200000,7697800000,7665600000,0.1572,0.4998,0.4978,4.55E-05,4.25E-05,0.00010823
0,0,0,1,0,1,0,0,0,1,1,0,0,0,0,0,0,1,0,1,0,1,0,0,0,0,0.776853661,0.398043456,1.371654211,15200,0.4,0.00013,0.007,3000,230000,23000,23000,9000,9000,9000,0.26,0.26,0.26,1.50E-05,1.00E-05,1.00E-05,51147000000,50583000000,21617000000,6747300000,7154300000,7088500000,0.1611,0.4859,0.4811,4.44E-05,4.34E-05,0.00012607
1,1,1,1,0,0,0,1,1,0,1,0,1,0,0,0,0,1,1,0,0,1,1,1,0,0,0.761745715,0.138315775,1.209251461,15200,0.4,0.00013,0.007,3000,230000,23000,23000,9000,9000,9000,0.26,0.26,0.26,1.50E-05,1.00E-05,1.00E-05,64547000000,62651000000,23269000000,6868100000,6807300000,6767400000,0.1138,0.4638,0.4579,3.93E-05,3.98E-05,0.00013196
1,1,0,0,0,0,1,1,0,1,1,1,1,0,0,1,1,1,1,1,1,0,0,1,0,0,0.250299158,0.134253347,0.39390667,15200,0.4,0.00013,0.007,3000,230000,23000,23000,9000,9000,9000,0.26,0.26,0.26,1.50E-05,1.00E-05,1.00E-05,50703000000,51030000000,21509000000,6858200000,7434900000,7355000000,0.1501,0.488,0.4893,4.32E-05,4.17E-05,0.00011659
1,1,0,1,0,1,1,0,1,0,0,0,1,0,1,0,1,1,0,0,0,0,0,0,1,0,0.852092803,0.216268661,1.425178241,15200,0.4,0.00013,0.007,3000,230000,23000,23000,9000,9000,9000,0.26,0.26,0.26,1.50E-05,1.00E-05,1.00E-05,59183000000,57660000000,22707000000,6811300000,6884400000,6848400000,0.1374,0.4698,0.4651,4.13E-05,4.14E-05,0.00013187
0,1,0,1,0,0,0,0,1,1,1,1,1,0,1,1,1,1,1,0,1,1,1,1,1,0,0.717782614,0.233635507,1.151204241,15200,0.4,0.00013,0.007,3000,230000,23000,23000,9000,9000,9000,0.26,0.26,0.26,1.50E-05,1.00E-05,1.00E-05,57991000000,59378000000,22571000000,6843100000,6966700000,6984300000,0.1324,0.4656,0.4731,4.13E-05,4.01E-05,0.00012718
1,1,1,0,0,1,1,1,1,1,1,0,0,1,0,0,0,1,0,1,0,0,0,1,0,0,0.221732298,0.147289575,0.334074887,15200,0.4,0.00013,0.007,3000,230000,23000,23000,9000,9000,9000,0.26,0.26,0.26,1.50E-05,1.00E-05,1.00E-05,41605000000,47661000000,20780000000,6917800000,7736400000,7825100000,0.1516,0.4921,0.5131,4.72E-05,4.12E-05,0.00010441
0,1,0,0,1,1,0,1,0,1,1,1,1,1,1,1,1,1,0,0,1,0,1,1,1,0,0.50381039,0.389147957,0.854127716,15200,0.4,0.00013,0.007,3000,230000,23000,23000,9000,9000,9000,0.26,0.26,0.26,1.50E-05,1.00E-05,1.00E-05,41953000000,44930000000,20723000000,6809200000,7650400000,7587300000,0.1529,0.4986,0.5065,4.89E-05,4.49E-05,0.00010991
0,1,1,0,1,0,1,0,0,0,0,0,1,1,1,1,1,0,0,1,1,0,0,0,1,0,0.3445383,0.388083819,0.574627942,15200,0.4,0.00013,0.007,3000,230000,23000,23000,9000,9000,9000,0.26,0.26,0.26,1.50E-05,1.00E-05,1.00E-05,35599000000,35682000000,20306000000,6884500000,8355700000,8049100000,0.1448,0.5215,0.488,5.42E-05,4.98E-05,9.03E-05
0,1,1,0,1,0,0,0,1,0,1,0,0,1,1,1,1,1,0,0,0,1,0,1,1,0,0.673614465,0.171879156,1.140268921,15200,0.4,0.00013,0.007,3000,230000,23000,23000,9000,9000,9000,0.26,0.26,0.26,1.50E-05,1.00E-05,1.00E-05,57868000000,58569000000,22695000000,6799800000,6849600000,6851100000,0.1345,0.4657,0.4708,4.21E-05,4.11E-05,0.00013249
0,1,0,0,0,0,0,0,1,0,0,1,0,1,1,1,0,1,1,1,1,0,0,1,1,0,0.495925635,0.143125955,0.88042371,15200,0.4,0.00013,0.007,3000,230000,23000,23000,9000,9000,9000,0.26,0.26,0.26,1.50E-05,1.00E-05,1.00E-05,57677000000,57228000000,22635000000,6753500000,6803200000,6785400000,0.1343,0.4707,0.4706,4.27E-05,4.24E-05,0.00013452
0,0,1,1,1,1,0,1,1,1,0,0,0,1,1,0,0,1,1,0,0,1,0,0,1,0,0.633536053,0.196514876,1.262553461,15200,0.4,0.00013,0.007,3000,230000,23000,23000,9000,9000,9000,0.26,0.26,0.26,1.50E-05,1.00E-05,1.00E-05,49208000000,49427000000,21905000000,6437600000,6498900000,6476300000,0.1504,0.4829,0.4835,5.15E-05,5.08E-05,0.00014716
1,1,0,0,0,1,0,1,1,1,1,0,0,0,1,1,0,1,1,1,1,1,0,0,0,0,0.361426733,0.135587823,0.586908325,15200,0.4,0.00013,0.007,3000,230000,23000,23000,9000,9000,9000,0.26,0.26,0.26,1.50E-05,1.00E-05,1.00E-05,56485000000,57501000000,22334000000,6833600000,7047000000,7042600000,0.1319,0.4727,0.4772,4.21E-05,4.06E-05,0.00012582
1,1,0,1,1,1,1,1,1,0,0,0,0,0,1,0,0,1,0,0,0,0,1,1,1,0,0.798229852,0.169889813,1.219670629,15200,0.4,0.00013,0.007,3000,230000,23000,23000,9000,9000,9000,0.26,0.26,0.26,1.50E-05,1.00E-05,1.00E-05,61789000000,63440000000,23072000000,6889400000,6869400000,6898500000,0.1201,0.4569,0.4654,3.99E-05,3.88E-05,0.00012869
0,1,1,0,1,0,0,0,0,1,0,0,0,1,0,1,0,0,1,0,1,1,1,1,0,0,0.97363489,0.118330948,1.468646501,15200,0.4,0.00013,0.007,3000,230000,23000,23000,9000,9000,9000,0.26,0.26,0.26,1.50E-05,1.00E-05,1.00E-05,66064000000,64960000000,23508000000,6905500000,6779200000,6767600000,0.111,0.4576,0.4537,3.84E-05,3.88E-05,0.00013194
0,0,1,1,0,0,1,1,1,1,1,1,1,1,1,1,0,0,0,0,0,0,0,1,0,0,0.706933942,0.334158045,1.409589772,15200,0.4,0.00013,0.007,3000,230000,23000,23000,9000,9000,9000,0.26,0.26,0.26,1.50E-05,1.00E-05,1.00E-05,47085000000,48239000000,21511000000,6423300000,6577000000,6614400000,0.1519,0.4848,0.4923,5.27E-05,5.13E-05,0.00014351
1,1,1,1,1,0,1,1,0,0,0,0,1,0,1,0,0,1,0,1,0,0,0,0,1,0,0.851189699,0.169859199,1.419070063,15200,0.4,0.00013,0.007,3000,230000,23000,23000,9000,9000,9000,0.26,0.26,0.26,1.50E-05,1.00E-05,1.00E-05,62052000000,61116000000,23096000000,6823700000,6771500000,6748800000,0.115,0.4673,0.4647,4.08E-05,4.09E-05,0.00013374
0,0,0,1,0,1,0,1,1,1,1,1,1,0,0,0,0,1,0,1,0,1,1,0,0,0,0.442227812,0.232892155,0.814402737,15200,0.4,0.00013,0.007,3000,230000,23000,23000,9000,9000,9000,0.26,0.26,0.26,1.50E-05,1.00E-05,1.00E-05,48349000000,49569000000,21389000000,6692800000,7102900000,7094100000,0.1535,0.4861,0.4922,4.71E-05,4.49E-05,0.00012787
1,0,0,0,1,1,1,0,0,1,0,0,1,1,1,0,0,1,0,0,0,1,1,0,0,0,0.866409647,0.188412975,1.531998044,15200,0.4,0.00013,0.007,3000,230000,23000,23000,9000,9000,9000,0.26,0.26,0.26,1.50E-05,1.00E-05,1.00E-05,59695000000,60140000000,22998000000,6764000000,6703300000,6708600000,0.1225,0.4648,0.4694,4.23E-05,4.16E-05,0.00013702
0,1,0,1,0,0,1,1,1,1,0,1,0,0,1,0,0,1,0,1,0,1,1,0,0,0,0.280900368,0.234261726,0.491568496,15200,0.4,0.00013,0.007,3000,230000,23000,23000,9000,9000,9000,0.26,0.26,0.26,1.50E-05,1.00E-05,1.00E-05,46603000000,36711000000,20364000000,6780000000,7959400000,7411200000,0.1694,0.5319,0.4761,4.63E-05,5.21E-05,0.00010869
1,0,1,0,0,0,0,0,0,0,1,1,0,0,0,0,1,0,1,0,0,0,1,0,1,0,0.451140096,0.148429221,0.737942161,15200,0.4,0.00013,0.007,3000,230000,23000,23000,9000,9000,9000,0.26,0.26,0.26,1.50E-05,1.00E-05,1.00E-05,58298000000,56402000000,22447000000,6836300000,7029700000,6975500000,0.1444,0.4731,0.467,4.08E-05,4.11E-05,0.00012732
0,1,0,1,0,0,0,0,1,1,1,1,0,1,1,0,1,1,0,0,0,1,1,1,0,0,0.659260231,0.196057406,1.020611558,15200,0.4,0.00013,0.007,3000,230000,23000,23000,9000,9000,9000,0.26,0.26,0.26,1.50E-05,1.00E-05,1.00E-05,60784000000,59024000000,22682000000,6871900000,7022500000,6952100000,0.1291,0.4713,0.465,4.00E-05,4.00E-05,0.00012636
0,1,1,0,0,0,1,0,1,1,0,1,1,1,0,1,1,1,0,0,0,0,0,0,0,0,0.656965163,0.305218995,1.165598879,15200,0.4,0.00013,0.007,3000,230000,23000,23000,9000,9000,9000,0.26,0.26,0.26,1.50E-05,1.00E-05,1.00E-05,52214000000,54114000000,21921000000,6743100000,7027500000,7020500000,0.137,0.4787,0.488,4.49E-05,4.29E-05,0.00012834
0,1,0,0,0,0,0,0,1,0,0,0,1,0,1,0,0,0,1,1,0,1,1,0,1,0,0.806688259,0.192714206,1.503314324,15200,0.4,0.00013,0.007,3000,230000,23000,23000,9000,9000,9000,0.26,0.26,0.26,1.50E-05,1.00E-05,1.00E-05,57121000000,56126000000,22710000000,6682800000,6665400000,6637900000,0.1341,0.4736,0.4697,4.40E-05,4.43E-05,0.00014024
1,0,0,0,0,1,0,1,0,0,1,0,0,1,0,0,0,1,0,0,1,0,0,0,1,0,0.889480594,0.114369847,1.631258986,15200,0.4,0.00013,0.007,3000,230000,23000,23000,9000,9000,9000,0.26,0.26,0.26,1.50E-05,1.00E-05,1.00E-05,60550000000,59411000000,23208000000,6723900000,6576100000,6561300000,0.1192,0.4687,0.4654,4.25E-05,4.31E-05,0.00014225
1,0,0,0,1,1,0,1,1,1,0,0,0,1,0,1,0,0,0,1,1,1,1,0,0,0,0.588533895,0.364145739,1.00469359,15200,0.4,0.00013,0.007,3000,230000,23000,23000,9000,9000,9000,0.26,0.26,0.26,1.50E-05,1.00E-05,1.00E-05,45942000000,49889000000,21103000000,6784400000,7367900000,7383100000,0.1453,0.4906,0.5016,4.73E-05,4.26E-05,0.00011861
0,1,1,0,0,1,0,0,0,1,1,1,1,0,0,1,1,0,0,0,1,1,0,0,1,0,0.280222757,0.132061344,0.510940554,15200,0.4,0.00013,0.007,3000,230000,23000,23000,9000,9000,9000,0.26,0.26,0.26,1.50E-05,1.00E-05,1.00E-05,51709000000,53030000000,21857000000,6698400000,7000200000,6948600000,0.1392,0.4835,0.4867,4.59E-05,4.38E-05,0.00013093
1,0,0,1,0,1,0,0,1,1,0,0,0,1,0,1,1,1,1,0,0,1,0,1,1,0,0.641643692,0.270441716,1.072846768,15200,0.4,0.00013,0.007,3000,230000,23000,23000,9000,9000,9000,0.26,0.26,0.26,1.50E-05,1.00E-05,1.00E-05,54701000000,52049000000,21901000000,6807000000,7171600000,7047600000,0.1449,0.4896,0.4755,4.27E-05,4.30E-05,0.00012479
0,1,0,1,0,0,0,0,0,0,1,0,0,1,0,0,0,1,1,1,1,1,1,0,0,0,0.423396723,0.339433728,0.725189406,15200,0.4,0.00013,0.007,3000,230000,23000,23000,9000,9000,9000,0.26,0.26,0.26,1.50E-05,1.00E-05,1.00E-05,41049000000,44582000000,20613000000,6798700000,7706900000,7643700000,0.158,0.4992,0.5074,4.94E-05,4.46E-05,0.00010972
1,0,1,0,0,1,1,0,0,1,1,1,0,1,0,0,0,1,0,1,1,1,1,1,1,0,0.244547004,0.256843481,0.470956371,15200,0.4,0.00013,0.007,3000,230000,23000,23000,9000,9000,9000,0.26,0.26,0.26,1.50E-05,1.00E-05,1.00E-05,34450000000,37052000000,19902000000,6646500000,7725500000,7660100000,0.1684,0.4993,0.5094,5.84E-05,5.33E-05,0.000106
0,1,0,0,0,1,1,0,1,1,1,0,0,0,0,0,0,0,0,1,0,1,0,0,0,0,0.796029121,0.145347922,1.506840231,15200,0.4,0.00013,0.007,3000,230000,23000,23000,9000,9000,9000,0.26,0.26,0.26,1.50E-05,1.00E-05,1.00E-05,57999000000,57579000000,22948000000,6663100000,6552100000,6551500000,0.1238,0.4716,0.4713,4.43E-05,4.44E-05,0.00014341
0,1,1,0,1,0,1,0,1,1,0,0,1,1,0,1,0,0,0,1,0,0,0,1,1,0,0.311134883,0.371645554,0.507775489,15200,0.4,0.00013,0.007,3000,230000,23000,23000,9000,9000,9000,0.26,0.26,0.26,1.50E-05,1.00E-05,1.00E-05,34811000000,32357000000,20640000000,6934500000,8726700000,8150900000,0.1596,0.5152,0.4648,5.43E-05,5.28E-05,8.31E-05
0,1,0,0,0,0,1,1,1,1,0,0,1,0,1,0,0,0,0,1,0,0,0,0,1,0,0.409010124,0.344358949,0.77365461,15200,0.4,0.00013,0.007,3000,230000,23000,23000,9000,9000,9000,0.26,0.26,0.26,1.50E-05,1.00E-05,1.00E-05,47160000000,40165000000,20623000000,6631400000,7416800000,7097100000,0.1558,0.522,0.4845,4.88E-05,5.25E-05,0.00012094
0,1,0,1,1,1,0,0,1,1,1,1,1,0,1,0,1,0,0,0,1,0,1,0,0,0,0.658156321,0.321317494,1.02107073,15200,0.4,0.00013,0.007,3000,230000,23000,23000,9000,9000,9000,0.26,0.26,0.26,1.50E-05,1.00E-05,1.00E-05,48681000000,50273000000,21328000000,6877500000,7431900000,7420400000,0.1756,0.4827,0.4865,4.30E-05,4.05E-05,0.00011602
0,0,0,0,1,0,0,1,0,1,1,1,1,1,0,0,1,1,1,1,0,0,1,1,1,0,0.517177895,0.2898763,0.864697409,15200,0.4,0.00013,0.007,3000,230000,23000,23000,9000,9000,9000,0.26,0.26,0.26,1.50E-05,1.00E-05,1.00E-05,51858000000,49007000000,21472000000,6803100000,7343700000,7187100000,0.1589,0.4951,0.4795,4.33E-05,4.34E-05,0.00012044
1,0,1,1,1,1,1,0,1,0,0,0,1,1,1,0,1,1,1,0,0,0,0,1,0,0,0.348289389,0.396395845,0.672055291,15200,0.4,0.00013,0.007,3000,230000,23000,23000,9000,9000,9000,0.26,0.26,0.26,1.50E-05,1.00E-05,1.00E-05,37012000000,35489000000,19995000000,6634900000,7780700000,7590600000,0.1644,0.5226,0.4896,5.70E-05,5.48E-05,0.00010679
1,0,1,1,0,1,0,0,0,1,0,1,0,0,1,0,1,1,1,0,1,1,0,1,0,0,0.622364918,0.257765935,1.206813773,15200,0.4,0.00013,0.007,3000,230000,23000,23000,9000,9000,9000,0.26,0.26,0.26,1.50E-05,1.00E-05,1.00E-05,51169000000,48177000000,21697000000,6587400000,6856100000,6759800000,0.1622,0.4905,0.4759,4.70E-05,4.83E-05,0.00013772
1,1,0,1,1,1,1,1,0,0,1,0,1,0,1,1,0,1,1,0,1,1,1,1,0,0,0.644497925,0.169259361,1.210134114,15200,0.4,0.00013,0.007,3000,230000,23000,23000,9000,9000,9000,0.26,0.26,0.26,1.50E-05,1.00E-05,1.00E-05,57301000000,55022000000,22621000000,6673100000,6690900000,6639700000,0.1343,0.4781,0.4697,4.40E-05,4.50E-05,0.00013988
1,0,0,1,1,1,0,0,1,0,0,0,0,1,1,1,0,0,1,0,0,1,1,1,1,0,0.989777178,0.129883678,1.962533902,15200,0.4,0.00013,0.007,3000,230000,23000,23000,9000,9000,9000,0.26,0.26,0.26,1.50E-05,1.00E-05,1.00E-05,53620000000,53551000000,22660000000,6513200000,6389600000,6380900000,0.1331,0.4779,0.4767,4.85E-05,4.86E-05,0.00015044
1,0,1,1,1,0,1,0,0,1,1,1,1,1,1,0,0,1,0,0,0,0,0,1,0,0,0.327253341,0.282528013,0.574777274,15200,0.4,0.00013,0.007,3000,230000,23000,23000,9000,9000,9000,0.26,0.26,0.26,1.50E-05,1.00E-05,1.00E-05,37617000000,45146000000,20472000000,6784000000,7513500000,7787000000,0.1434,0.4844,0.5195,5.32E-05,4.52E-05,0.00010777
0,0,0,1,1,0,1,0,0,0,0,0,0,1,0,1,1,1,1,0,0,1,1,1,1,0,0.799519436,0.137563824,1.205180418,15200,0.4,0.00013,0.007,3000,230000,23000,23000,9000,9000,9000,0.26,0.26,0.26,1.50E-05,1.00E-05,1.00E-05,64111000000,64677000000,23299000000,6903000000,6829500000,6835700000,0.1124,0.457,0.4601,3.91E-05,3.86E-05,0.00012979
1,0,0,1,0,0,0,0,1,1,0,1,1,1,0,1,0,1,1,0,1,0,1,0,1,0,0.347347492,0.168412258,0.626930763,15200,0.4,0.00013,0.007,3000,230000,23000,23000,9000,9000,9000,0.26,0.26,0.26,1.50E-05,1.00E-05,1.00E-05,51463000000,47838000000,21491000000,6715500000,7185300000,7005900000,0.1703,0.4947,0.4738,4.45E-05,4.53E-05,0.000128
1,0,1,0,1,1,1,1,1,0,1,0,0,0,1,0,1,0,0,1,0,1,1,1,0,0,0.983667783,0.15099996,1.938252032,15200,0.4,0.00013,0.007,3000,230000,23000,23000,9000,9000,9000,0.26,0.26,0.26,1.50E-05,1.00E-05,1.00E-05,53825000000,53916000000,22642000000,6539800000,6430400000,6434200000,0.1344,0.4757,0.4772,4.81E-05,4.78E-05,0.00014871
1,1,1,1,0,1,1,0,0,0,1,1,0,1,0,1,0,0,1,0,1,0,0,1,1,0,0.957580926,0.160610284,1.583442707,15200,0.4,0.00013,0.007,3000,230000,23000,23000,9000,9000,9000,0.26,0.26,0.26,1.50E-05,1.00E-05,1.00E-05,63543000000,61560000000,23246000000,6831500000,6752900000,6707400000,0.1147,0.4667,0.4596,4.01E-05,4.08E-05,0.00013472
1,1,0,1,0,0,0,1,1,0,1,0,1,1,1,1,1,0,0,1,0,0,0,0,0,0,0.673652386,0.159580352,1.182164939,15200,0.4,0.00013,0.007,3000,230000,23000,23000,9000,9000,9000,0.26,0.26,0.26,1.50E-05,1.00E-05,1.00E-05,58591000000,59921000000,22876000000,6772000000,6731900000,6767700000,0.1233,0.4643,0.4728,4.25E-05,4.15E-05,0.00013546
0,1,1,1,1,1,1,1,0,0,0,1,0,1,1,1,0,0,0,0,0,1,1,0,1,0,0.318102159,0.122957198,0.478233493,15200,0.4,0.00013,0.007,3000,230000,23000,23000,9000,9000,9000,0.26,0.26,0.26,1.50E-05,1.00E-05,1.00E-05,52791000000,54355000000,21870000000,6895100000,7282600000,7270500000,0.1592,0.4734,0.4786,4.17E-05,3.97E-05,0.00011932
1,0,1,1,0,1,1,1,0,0,0,0,1,1,1,1,0,1,1,0,1,0,1,1,1,0,0.575113599,0.288202605,1.1038074,15200,0.4,0.00013,0.007,3000,230000,23000,23000,9000,9000,9000,0.26,0.26,0.26,1.50E-05,1.00E-05,1.00E-05,51289000000,47170000000,21518000000,6609900000,6997600000,6804800000,0.1546,0.5003,0.4779,4.69E-05,4.85E-05,0.00013385
1,0,0,0,0,1,1,0,0,0,1,0,1,0,0,1,0,1,1,0,1,0,1,1,0,0,0.437645255,0.236082941,0.828444309,15200,0.4,0.00013,0.007,3000,230000,23000,23000,9000,9000,9000,0.26,0.26,0.26,1.50E-05,1.00E-05,1.00E-05,54356000000,44457000000,21431000000,6633400000,7158700000,6782200000,0.157,0.5161,0.4635,4.51E-05,5.02E-05,0.00013114
0,0,0,1,0,0,1,0,0,1,0,1,0,0,0,1,1,1,0,0,1,1,1,0,0,0,0.781829763,0.342537734,1.172890305,15200,0.4,0.00013,0.007,3000,230000,23000,23000,9000,9000,9000,0.26,0.26,0.26,1.50E-05,1.00E-05,1.00E-05,56038000000,53328000000,21939000000,6884500000,7331100000,7200000000,0.1489,0.486,0.4723,4.07E-05,4.08E-05,0.00011903
0,1,0,0,0,0,0,0,0,1,0,1,0,1,1,0,1,0,0,0,0,0,0,1,0,0,0.529259736,0.269625487,0.959941277,15200,0.4,0.00013,0.007,3000,230000,23000,23000,9000,9000,9000,0.26,0.26,0.26,1.50E-05,1.00E-05,1.00E-05,52823000000,49705000000,21696000000,6702700000,7090000000,6950400000,0.1442,0.4975,0.4785,4.52E-05,4.57E-05,0.00012867
0,1,0,0,0,1,1,1,1,1,0,1,0,1,1,0,0,0,1,0,1,1,1,0,0,0,0.94202527,0.179278173,1.791810512,15200,0.4,0.00013,0.007,3000,230000,23000,23000,9000,9000,9000,0.26,0.26,0.26,1.50E-05,1.00E-05,1.00E-05,56666000000,57314000000,22852000000,6652200000,6547700000,6568900000,0.1252,0.4705,0.4749,4.51E-05,4.46E-05,0.00014344
1,0,0,1,1,1,1,1,0,0,1,1,1,1,1,0,0,1,0,0,0,0,1,0,0,0,0.371700992,0.291521614,0.577526082,15200,0.4,0.00013,0.007,3000,230000,23000,23000,9000,9000,9000,0.26,0.26,0.26,1.50E-05,1.00E-05,1.00E-05,40677000000,49345000000,20881000000,6880500000,7632400000,7817900000,0.1287,0.4876,0.5133,4.95E-05,4.14E-05,0.00010532
1,0,0,0,0,1,0,1,1,0,1,0,1,1,0,1,1,0,0,1,0,0,0,0,0,0,0.297207843,0.164731215,0.566646962,15200,0.4,0.00013,0.007,3000,230000,23000,23000,9000,9000,9000,0.26,0.26,0.26,1.50E-05,1.00E-05,1.00E-05,49813000000,48035000000,21439000000,6621800000,7016600000,6909100000,0.1493,0.495,0.4873,4.76E-05,4.78E-05,0.00013155
0,1,1,1,1,1,1,0,0,0,0,1,1,0,1,0,1,0,0,0,1,1,1,1,0,0,0.459609549,0.291823143,0.888762936,15200,0.4,0.00013,0.007,3000,230000,23000,23000,9000,9000,9000,0.26,0.26,0.26,1.50E-05,1.00E-05,1.00E-05,44670000000,45204000000,20883000000,6588800000,7074200000,7047500000,0.1627,0.4972,0.4944,5.09E-05,4.86E-05,0.00012908
1,1,0,1,1,0,1,0,0,0,0,0,1,0,1,0,1,1,1,1,1,0,1,1,1,0,0.47829376,0.163681671,0.813481562,15200,0.4,0.00013,0.007,3000,230000,23000,23000,9000,9000,9000,0.26,0.26,0.26,1.50E-05,1.00E-05,1.00E-05,56711000000,56334000000,22398000000,6790600000,6939500000,6923000000,0.1414,0.4728,0.4717,4.23E-05,4.17E-05,0.00012992
1,1,1,1,0,0,1,1,1,0,0,1,0,0,0,0,0,1,1,0,0,0,1,1,0,0,0.767675087,0.336399327,1.419653302,15200,0.4,0.00013,0.007,3000,230000,23000,23000,9000,9000,9000,0.26,0.26,0.26,1.50E-05,1.00E-05,1.00E-05,55323000000,52958000000,22131000000,6685800000,6902500000,6806600000,0.1361,0.4869,0.4762,4.45E-05,4.49E-05,0.00013353
1,1,1,1,1,1,1,1,0,1,1,1,0,1,0,1,1,1,0,1,1,1,1,0,1,0,0.602760299,0.206954351,1.119324284,15200,0.4,0.00013,0.007,3000,230000,23000,23000,9000,9000,9000,0.26,0.26,0.26,1.50E-05,1.00E-05,1.00E-05,57462000000,55591000000,22551000000,6692500000,6753900000,6702200000,0.1382,0.4765,0.4686,4.34E-05,4.40E-05,0.0001369
1,1,1,0,1,1,0,1,1,1,1,1,1,0,1,0,0,0,1,1,1,1,1,0,0,0,0.555719304,0.187879079,1.065352278,15200,0.4,0.00013,0.007,3000,230000,23000,23000,9000,9000,9000,0.26,0.26,0.26,1.50E-05,1.00E-05,1.00E-05,52477000000,54064000000,22229000000,6620100000,6684500000,6704400000,0.1396,0.4739,0.4833,4.69E-05,4.54E-05,0.00013971
0,1,0,0,1,1,1,1,0,1,1,0,1,0,1,1,1,1,1,1,0,0,1,1,0,0,0.751345872,0.355588214,1.21613903,15200,0.4,0.00013,0.007,3000,230000,23000,23000,9000,9000,9000,0.26,0.26,0.26,1.50E-05,1.00E-05,1.00E-05,52877000000,52900000000,21789000000,6836300000,7254500000,7208300000,0.1456,0.4831,0.484,4.28E-05,4.18E-05,0.00012094
1,0,0,0,0,0,1,1,1,1,1,0,1,0,0,0,0,1,1,0,1,0,0,0,1,0,0.911667261,0.262327862,1.573769634,15200,0.4,0.00013,0.007,3000,230000,23000,23000,9000,9000,9000,0.26,0.26,0.26,1.50E-05,1.00E-05,1.00E-05,56342000000,58154000000,22559000000,6782900000,6850200000,6875100000,0.1349,0.4652,0.4761,4.30E-05,4.13E-05,0.00013226
1,1,1,0,0,1,0,1,1,1,0,0,0,0,0,0,0,0,1,0,0,0,0,1,1,0,0.417687433,0.334984217,0.723730258,15200,0.4,0.00013,0.007,3000,230000,23000,23000,9000,9000,9000,0.26,0.26,0.26,1.50E-05,1.00E-05,1.00E-05,40877000000,48852000000,20769000000,6770000000,7421000000,7598000000,0.1371,0.4871,0.5162,5.09E-05,4.31E-05,0.00011331
0,0,0,1,1,1,1,0,0,0,0,0,0,0,0,1,0,0,1,1,1,1,1,1,1,0,0.500006505,0.329389209,0.847051627,15200,0.4,0.00013,0.007,3000,230000,23000,23000,9000,9000,9000,0.26,0.26,0.26,1.50E-05,1.00E-05,1.00E-05,44324000000,55546000000,21342000000,6783900000,7198900000,7459100000,0.1251,0.4676,0.5162,4.88E-05,4.09E-05,0.00011845
1,1,1,0,1,0,1,0,0,0,0,1,0,1,0,0,1,0,1,1,0,0,1,0,0,0,0.424248604,0.168181378,0.696265637,15200,0.4,0.00013,0.007,3000,230000,23000,23000,9000,9000,9000,0.26,0.26,0.26,1.50E-05,1.00E-05,1.00E-05,55609000000,52958000000,22006000000,6829200000,7154600000,7081600000,0.1428,0.4849,0.4748,4.20E-05,4.25E-05,0.00012412
0,0,1,0,1,1,0,1,1,0,1,1,1,0,0,0,1,0,0,1,1,0,1,1,1,0,0.472524577,0.21045313,0.74802181,15200,0.4,0.00013,0.007,3000,230000,23000,23000,9000,9000,9000,0.26,0.26,0.26,1.50E-05,1.00E-05,1.00E-05,52378000000,49718000000,21565000000,6855900000,7379800000,7250000000,0.1714,0.4887,0.4741,4.19E-05,4.21E-05,0.00011956
1,0,1,0,1,0,1,0,0,1,0,0,1,0,0,1,1,0,0,0,0,0,1,1,1,0,0.675729498,0.166068261,1.095928995,15200,0.4,0.00013,0.007,3000,230000,23000,23000,9000,9000,9000,0.26,0.26,0.26,1.50E-05,1.00E-05,1.00E-05,59099000000,59789000000,22780000000,6844900000,6901500000,6896700000,0.1336,0.4629,0.4678,4.10E-05,4.01E-05,0.00013006
0,0,0,1,0,1,0,0,0,1,1,1,0,0,1,1,0,1,0,1,1,0,0,0,0,0,0.36604723,0.329370516,0.661936132,15200,0.4,0.00013,0.007,3000,230000,23000,23000,9000,9000,9000,0.26,0.26,0.26,1.50E-05,1.00E-05,1.00E-05,43459000000,40002000000,20421000000,6718700000,7707100000,7365300000,0.1667,0.5194,0.489,4.91E-05,4.91E-05,0.00011308
0,1,1,1,0,1,0,1,0,1,1,0,1,1,0,0,0,1,1,1,0,1,1,1,0,0,0.47956519,0.199589574,0.895614929,15200,0.4,0.00013,0.007,3000,230000,23000,23000,9000,9000,9000,0.26,0.26,0.26,1.50E-05,1.00E-05,1.00E-05,54251000000,50838000000,21991000000,6666900000,6928900000,6801600000,0.1549,0.4883,0.4708,4.45E-05,4.56E-05,0.00013463
1,0,1,0,0,0,1,1,1,0,1,0,0,0,0,1,1,0,0,0,0,1,0,0,0,0,0.622401495,0.198594732,0.983588612,15200,0.4,0.00013,0.007,3000,230000,23000,23000,9000,9000,9000,0.26,0.26,0.26,1.50E-05,1.00E-05,1.00E-05,58769000000,58272000000,22552000000,6857000000,7021700000,6980000000,0.1389,0.4698,0.4669,4.06E-05,4.00E-05,0.00012653
1,1,1,0,1,0,1,1,0,1,0,1,1,0,0,0,0,0,0,0,1,1,0,1,1,0,0.649028506,0.250943946,1.275838973,15200,0.4,0.00013,0.007,3000,230000,23000,23000,9000,9000,9000,0.26,0.26,0.26,1.50E-05,1.00E-05,1.00E-05,51058000000,50881000000,21965000000,6532700000,6632500000,6623100000,0.1427,0.4839,0.4843,4.90E-05,4.86E-05,0.00014197
1,1,0,1,0,0,1,0,1,0,0,1,0,0,1,0,1,0,1,0,0,1,0,0,0,0,0.356521081,0.153261425,0.60162533,15200,0.4,0.00013,0.007,3000,230000,23000,23000,9000,9000,9000,0.26,0.26,0.26,1.50E-05,1.00E-05,1.00E-05,57421000000,47819000000,21780000000,6788600000,7283200000,6921600000,0.1498,0.5091,0.4581,4.18E-05,4.58E-05,0.00012505
1,1,1,1,1,0,1,0,0,0,0,0,1,0,0,0,1,0,1,0,1,1,0,0,0,0,0.397379641,0.388449932,0.724234447,15200,0.4,0.00013,0.007,3000,230000,23000,23000,9000,9000,9000,0.26,0.26,0.26,1.50E-05,1.00E-05,1.00E-05,37600000000,42918000000,20470000000,6728400000,7582600000,7664300000,0.1474,0.4933,0.5099,5.43E-05,4.75E-05,0.00010869
1,1,1,0,0,0,0,0,0,1,0,0,0,1,1,1,1,1,1,0,1,0,0,1,1,0,0.794825306,0.355135557,1.356672701,15200,0.4,0.00013,0.007,3000,230000,23000,23000,9000,9000,9000,0.26,0.26,0.26,1.50E-05,1.00E-05,1.00E-05,50010000000,55202000000,21792000000,6785000000,7088400000,7173100000,0.1432,0.4699,0.4937,4.53E-05,4.10E-05,0.00012538
0,1,0,0,1,0,0,1,0,0,1,1,1,0,0,1,1,0,0,0,1,0,1,0,0,0,0.255238685,0.397177732,0.434993369,15200,0.4,0.00013,0.007,3000,230000,23000,23000,9000,9000,9000,0.26,0.26,0.26,1.50E-05,1.00E-05,1.00E-05,37240000000,28518000000,22006000000,6892500000,8857600000,7919200000,0.1781,0.4891,0.4179,5.41E-05,6.20E-05,7.93E-05
1,0,1,1,1,0,1,1,0,1,0,0,0,1,1,1,1,1,1,1,0,1,0,1,1,0,0.737924093,0.140848933,1.217151933,15200,0.4,0.00013,0.007,3000,230000,23000,23000,9000,9000,9000,0.26,0.26,0.26,1.50E-05,1.00E-05,1.00E-05,61396000000,61786000000,23120000000,6832000000,6766300000,6770500000,0.1209,0.4614,0.4644,4.07E-05,4.03E-05,0.00013367
1,0,1,1,1,1,0,1,1,0,0,0,1,1,1,1,1,0,0,1,1,0,1,1,0,0,0.841946347,0.345926308,1.470596612,15200,0.4,0.00013,0.007,3000,230000,23000,23000,9000,9000,9000,0.26,0.26,0.26,1.50E-05,1.00E-05,1.00E-05,54276000000,52473000000,21981000000,6765400000,7082800000,6965000000,0.1498,0.4843,0.4744,4.33E-05,4.32E-05,0.00012843
0,0,1,0,1,0,1,0,1,1,0,1,0,1,1,1,0,0,0,0,1,1,0,0,1,0,0.85138717,0.346614601,1.5305951,15200,0.4,0.00013,0.007,3000,230000,23000,23000,9000,9000,9000,0.26,0.26,0.26,1.50E-05,1.00E-05,1.00E-05,53968000000,50489000000,21890000000,6726800000,7040000000,6917600000,0.159,0.4878,0.4707,4.37E-05,4.47E-05,0.00013055
1,0,0,0,1,1,1,0,0,0,1,0,0,0,1,1,1,1,0,0,1,1,1,0,0,0,0.471475041,0.32935156,0.884978754,15200,0.4,0.00013,0.007,3000,230000,23000,23000,9000,9000,9000,0.26,0.26,0.26,1.50E-05,1.00E-05,1.00E-05,48832000000,46497000000,21174000000,6645400000,7268000000,7055700000,0.1492,0.5098,0.4853,4.79E-05,4.70E-05,0.00012666
0,0,1,1,1,1,0,0,0,1,0,0,1,1,1,1,0,1,1,1,1,1,0,0,1,0,0.286179683,0.165609606,0.567835786,15200,0.4,0.00013,0.007,3000,230000,23000,23000,9000,9000,9000,0.26,0.26,0.26,1.50E-05,1.00E-05,1.00E-05,43761000000,46564000000,21008000000,6481700000,6848800000,6830400000,0.1566,0.4893,0.4986,5.39E-05,4.99E-05,0.00013668
0,1,0,1,1,1,0,1,0,1,1,0,1,0,1,0,0,1,0,0,1,0,0,1,1,0,0.283640381,0.192250849,0.563278308,15200,0.4,0.00013,0.007,3000,230000,23000,23000,9000,9000,9000,0.26,0.26,0.26,1.50E-05,1.00E-05,1.00E-05,42941000000,38997000000,20302000000,6473900000,7114600000,6892700000,0.1871,0.5111,0.4849,5.30E-05,5.53E-05,0.00013109
1,0,0,1,1,0,1,0,1,1,0,0,1,1,0,1,0,0,0,0,0,0,1,1,1,0,0.631679645,0.138127844,1.198498953,15200,0.4,0.00013,0.007,3000,230000,23000,23000,9000,9000,9000,0.26,0.26,0.26,1.50E-05,1.00E-05,1.00E-05,56211000000,56249000000,22730000000,6650900000,6592000000,6595700000,0.1313,0.4714,0.4744,4.51E-05,4.48E-05,0.00014253
1,0,1,0,0,1,0,1,1,1,1,1,1,1,1,1,1,1,0,1,0,1,1,1,1,0,0.404276814,0.186593705,0.663656315,15200,0.4,0.00013,0.007,3000,230000,23000,23000,9000,9000,9000,0.26,0.26,0.26,1.50E-05,1.00E-05,1.00E-05,55619000000,54951000000,22100000000,6823500000,7137100000,7087100000,0.1403,0.4803,0.4771,4.21E-05,4.15E-05,0.00012345
1,1,0,1,0,0,1,0,1,0,1,0,1,1,1,1,1,1,1,0,0,1,1,0,0,0,0.998156012,0.202234763,1.872995849,15200,0.4,0.00013,0.007,3000,230000,23000,23000,9000,9000,9000,0.26,0.26,0.26,1.50E-05,1.00E-05,1.00E-05,57871000000,56618000000,22844000000,6678600000,6611700000,6593700000,0.13,0.4726,0.4694,4.39E-05,4.44E-05,0.00014181
1,1,0,1,0,1,1,1,0,0,1,0,0,1,1,1,1,1,1,0,0,1,0,0,0,0,0.267237016,0.146085615,0.450972715,15200,0.4,0.00013,0.007,3000,230000,23000,23000,9000,9000,9000,0.26,0.26,0.26,1.50E-05,1.00E-05,1.00E-05,48211000000,49871000000,21298000000,6796000000,7340100000,7286600000,0.1488,0.4907,0.4929,4.58E-05,4.30E-05,0.00011994
0,1,1,0,1,0,1,0,0,0,0,0,0,1,0,1,1,0,1,1,1,1,1,1,0,0,0.766097812,0.102271206,1.337432727,15200,0.4,0.00013,0.007,3000,230000,23000,23000,9000,9000,9000,0.26,0.26,0.26,1.50E-05,1.00E-05,1.00E-05,62156000000,61653000000,23317000000,6789900000,6643300000,6643500000,0.1159,0.4632,0.4631,4.12E-05,4.13E-05,0.00013861
0,1,1,1,1,1,0,0,1,1,1,0,0,1,0,0,0,1,0,0,1,1,1,0,1,0,0.452808826,0.362840322,0.826441313,15200,0.4,0.00013,0.007,3000,230000,23000,23000,9000,9000,9000,0.26,0.26,0.26,1.50E-05,1.00E-05,1.00E-05,43182000000,42146000000,20453000000,6707100000,7510000000,7411500000,0.164,0.5085,0.5008,4.92E-05,4.80E-05,0.00011626
1,0,0,1,0,1,0,0,0,0,0,1,1,1,1,1,0,0,1,1,1,0,1,1,0,0,0.488829944,0.118210764,0.775250587,15200,0.4,0.00013,0.007,3000,230000,23000,23000,9000,9000,9000,0.26,0.26,0.26,1.50E-05,1.00E-05,1.00E-05,61239000000,59690000000,22855000000,6859800000,6920300000,6875600000,0.1261,0.4685,0.4635,4.02E-05,4.04E-05,0.00012921
1,1,0,0,1,1,1,1,1,0,1,1,1,0,1,0,1,1,1,0,0,1,1,0,0,0,0.88812146,0.315895886,1.469180882,15200,0.4,0.00013,0.007,3000,230000,23000,23000,9000,9000,9000,0.26,0.26,0.26,1.50E-05,1.00E-05,1.00E-05,56797000000,58085000000,22447000000,6814800000,6980300000,6966400000,0.1366,0.4696,0.4737,4.20E-05,4.05E-05,0.00012827
1,1,0,1,1,1,1,0,0,0,0,1,0,0,0,1,0,1,1,1,1,0,0,1,1,0,0.516432409,0.310664446,0.799950766,15200,0.4,0.00013,0.007,3000,230000,23000,23000,9000,9000,9000,0.26,0.26,0.26,1.50E-05,1.00E-05,1.00E-05,50760000000,49711000000,21367000000,6864400000,7477600000,7380400000,0.1519,0.4956,0.4861,4.29E-05,4.17E-05,0.00011453
1,1,1,1,0,1,1,0,0,1,1,0,1,0,0,1,0,0,0,1,1,0,0,0,1,0,0.5109162,0.319900863,0.81277868,15200,0.4,0.00013,0.007,3000,230000,23000,23000,9000,9000,9000,0.26,0.26,0.26,1.50E-05,1.00E-05,1.00E-05,49027000000,47202000000,21166000000,6853900000,7624700000,7420800000,0.1547,0.5072,0.4842,4.41E-05,4.28E-05,0.00011346
1,1,1,0,0,0,0,1,1,0,0,0,1,1,1,1,1,0,1,1,0,0,1,1,1,0,0.829818461,0.254009997,1.246887488,15200,0.4,0.00013,0.007,3000,230000,23000,23000,9000,9000,9000,0.26,0.26,0.26,1.50E-05,1.00E-05,1.00E-05,58019000000,60896000000,22599000000,6893100000,7046900000,7073600000,0.1333,0.4599,0.4731,4.05E-05,3.86E-05,0.00012439
0,0,1,1,0,0,1,1,1,1,0,1,1,1,0,1,0,1,1,1,1,1,0,1,0,0,0.202213072,0.101980435,0.304297043,15200,0.4,0.00013,0.007,3000,230000,23000,23000,9000,9000,9000,0.26,0.26,0.26,1.50E-05,1.00E-05,1.00E-05,52402000000,51046000000,21584000000,6884600000,7467900000,7344800000,0.1536,0.4938,0.4794,4.21E-05,4.10E-05,0.00011575
0,1,0,0,0,0,1,1,1,1,1,0,1,0,0,0,1,0,0,1,0,1,1,1,1,0,0.738028909,0.167655181,1.140934959,15200,0.4,0.00013,0.007,3000,230000,23000,23000,9000,9000,9000,0.26,0.26,0.26,1.50E-05,1.00E-05,1.00E-05,60175000000,60551000000,22842000000,6876100000,6915100000,6920600000,0.1269,0.4632,0.4671,4.04E-05,3.98E-05,0.00012836
0,1,1,1,1,1,1,0,1,0,1,0,0,0,0,0,1,0,0,0,1,0,0,0,0,0,0.505156415,0.259886403,0.839962451,15200,0.4,0.00013,0.007,3000,230000,23000,23000,9000,9000,9000,0.26,0.26,0.26,1.50E-05,1.00E-05,1.00E-05,49385000000,51103000000,21463000000,6816800000,7264500000,7262900000,0.1586,0.4847,0.4874,4.43E-05,4.19E-05,0.00012035
1,0,0,0,1,1,0,0,0,1,0,1,0,0,0,1,0,0,1,0,0,0,0,0,1,0,0.956020682,0.318610697,1.855798979,15200,0.4,0.00013,0.007,3000,230000,23000,23000,9000,9000,9000,0.26,0.26,0.26,1.50E-05,1.00E-05,1.00E-05,53829000000,52324000000,22263000000,6588000000,6661200000,6614500000,0.1463,0.4807,0.4744,4.64E-05,4.68E-05,0.00014179
0,1,1,0,0,0,0,0,0,0,0,1,1,0,0,0,1,0,1,1,0,1,1,1,0,0,0.307527983,0.351570003,0.598378298,15200,0.4,0.00013,0.007,3000,230000,23000,23000,9000,9000,9000,0.26,0.26,0.26,1.50E-05,1.00E-05,1.00E-05,40613000000,39337000000,20531000000,6580700000,7598000000,7298300000,0.1529,0.5132,0.4909,5.50E-05,5.34E-05,0.00011551
1,1,0,1,0,0,0,0,1,1,0,1,1,1,0,0,0,1,0,0,1,0,0,1,1,0,0.951146433,0.250996559,1.67675325,15200,0.4,0.00013,0.007,3000,230000,23000,23000,9000,9000,9000,0.26,0.26,0.26,1.50E-05,1.00E-05,1.00E-05,57676000000,58268000000,22708000000,6762100000,6787000000,6790700000,0.1301,0.4676,0.4728,4.28E-05,4.20E-05,0.00013479
0,0,0,0,1,0,1,1,0,1,1,0,1,1,0,0,0,1,0,1,1,0,0,1,0,0,0.850474256,0.182372048,1.657408979,15200,0.4,0.00013,0.007,3000,230000,23000,23000,9000,9000,9000,0.26,0.26,0.26,1.50E-05,1.00E-05,1.00E-05,53851000000,52784000000,22468000000,6576600000,6545700000,6527100000,0.1447,0.4769,0.473,4.68E-05,4.74E-05,0.00014531
1,1,1,1,0,0,1,1,0,1,0,1,1,1,1,1,0,1,0,0,0,0,0,1,1,15,0.228807533,0.248416984,0.428231969,15200,0.4,0.00013,0.007,3000,230000,23000,23000,9000,9000,9000,0.26,0.26,0.26,1.50E-05,1.00E-05,1.00E-05,32183000000,29464000000,19638000000,7316100000,7695700000,7952200000,0.2159,0.4513,0.4747,5.66E-05,6.46E-05,9.67E-05
0,0,1,0,0,1,0,0,1,1,1,0,1,0,1,1,0,0,1,1,1,0,0,0,1,15,0.428532957,0.107107076,0.967522156,15200,0.4,0.00013,0.007,3000,230000,23000,23000,9000,9000,9000,0.26,0.26,0.26,1.50E-05,1.00E-05,1.00E-05,47950000000,36314000000,21357000000,7095300000,6369500000,6387600000,0.2264,0.47,0.4375,4.93E-05,6.69E-05,0.00014363
1,0,1,1,0,0,1,1,1,0,0,1,1,0,0,1,1,1,0,0,1,1,0,0,0,15,0.203010303,0.232424224,0.390213372,15200,0.4,0.00013,0.007,3000,230000,23000,23000,9000,9000,9000,0.26,0.26,0.26,1.50E-05,1.00E-05,1.00E-05,41166000000,29149000000,20005000000,7235100000,7737300000,7411000000,0.2332,0.4866,0.4498,4.87E-05,6.75E-05,0.00010524
1,0,0,0,1,0,1,0,0,0,0,0,1,1,0,1,1,1,1,1,0,0,1,0,1,15,0.689601669,0.376146093,1.505444277,15200,0.4,0.00013,0.007,3000,230000,23000,23000,9000,9000,9000,0.26,0.26,0.26,1.50E-05,1.00E-05,1.00E-05,42439000000,34068000000,20466000000,7060500000,6645000000,6725700000,0.2349,0.4682,0.4535,5.18E-05,6.84E-05,0.00013401
1,0,1,1,0,0,0,1,0,0,1,0,1,0,0,0,1,1,1,0,0,0,0,0,1,15,0.600240354,0.304986012,1.209536895,15200,0.4,0.00013,0.007,3000,230000,23000,23000,9000,9000,9000,0.26,0.26,0.26,1.50E-05,1.00E-05,1.00E-05,44747000000,34553000000,20624000000,7238800000,6854700000,6882700000,0.2331,0.4658,0.4513,4.84E-05,6.42E-05,0.00012761
1,1,0,0,0,1,0,0,0,1,1,1,1,1,1,1,0,1,0,0,1,1,1,1,1,15,0.812128538,0.250797496,1.768058523,15200,0.4,0.00013,0.007,3000,230000,23000,23000,9000,9000,9000,0.26,0.26,0.26,1.50E-05,1.00E-05,1.00E-05,46505000000,36829000000,21256000000,7125200000,6402900000,6479200000,0.2217,0.4646,0.4443,5.00E-05,6.57E-05,0.0001409
1,1,1,0,1,1,0,1,1,0,1,1,1,1,1,1,0,0,0,0,0,1,0,0,1,15,0.637659836,0.328528097,1.375659128,15200,0.4,0.00013,0.007,3000,230000,23000,23000,9000,9000,9000,0.26,0.26,0.26,1.50E-05,1.00E-05,1.00E-05,42432000000,34239000000,20516000000,7075300000,6619700000,6704000000,0.2345,0.4676,0.451,5.23E-05,6.76E-05,0.00013404
1,1,1,0,0,0,0,0,0,1,0,1,1,0,1,0,1,1,1,0,0,0,1,1,0,15,0.480331753,0.20592288,1.041758977,15200,0.4,0.00013,0.007,3000,230000,23000,23000,9000,9000,9000,0.26,0.26,0.26,1.50E-05,1.00E-05,1.00E-05,44900000000,35254000000,20850000000,7094200000,6554900000,6587600000,0.2293,0.4692,0.4469,5.08E-05,6.70E-05,0.00013747
1,0,0,1,0,0,0,1,0,0,1,1,1,1,1,1,0,0,1,1,1,0,1,0,1,15,0.385384906,0.116760971,0.747437959,15200,0.4,0.00013,0.007,3000,230000,23000,23000,9000,9000,9000,0.26,0.26,0.26,1.50E-05,1.00E-05,1.00E-05,52388000000,38164000000,21619000000,7384300000,6677400000,6707300000,0.2225,0.4591,0.4355,4.38E-05,6.00E-05,0.00013227
0,1,1,1,1,0,0,0,0,1,1,0,1,1,1,1,1,1,1,1,1,0,0,1,0,15,0.503840386,0.301292436,0.92826512,15200,0.4,0.00013,0.007,3000,230000,23000,23000,9000,9000,9000,0.26,0.26,0.26,1.50E-05,1.00E-05,1.00E-05,44601000000,36012000000,20688000000,7417200000,7067500000,7249800000,0.2191,0.4547,0.4642,4.65E-05,5.94E-05,0.000118
1,0,1,0,0,0,1,1,1,1,0,0,1,0,1,1,0,1,1,1,0,0,1,0,0,15,0.33532753,0.356542925,0.594307104,15200,0.4,0.00013,0.007,3000,230000,23000,23000,9000,9000,9000,0.26,0.26,0.26,1.50E-05,1.00E-05,1.00E-05,40591000000,28455000000,20190000000,7329800000,7916000000,7722600000,0.2189,0.4789,0.4488,4.79E-05,6.75E-05,9.64E-05
1,1,1,1,1,0,1,0,0,1,0,1,1,1,0,0,1,0,0,1,0,0,0,1,0,15,0.391808248,0.189601877,0.706061828,15200,0.4,0.00013,0.007,3000,230000,23000,23000,9000,9000,9000,0.26,0.26,0.26,1.50E-05,1.00E-05,1.00E-05,46087000000,36742000000,20888000000,7459800000,6999400000,7167200000,0.2187,0.4502,0.4605,4.52E-05,5.91E-05,0.00011936
1,0,1,1,0,0,0,1,1,1,0,0,1,0,0,1,1,0,1,0,1,1,1,0,0,15,0.745416899,0.253213332,1.628529544,15200,0.4,0.00013,0.007,3000,230000,23000,23000,9000,9000,9000,0.26,0.26,0.26,1.50E-05,1.00E-05,1.00E-05,46475000000,35739000000,21100000000,7103500000,6482800000,6489600000,0.2319,0.4693,0.4394,4.99E-05,6.64E-05,0.00014024
0,0,1,0,1,0,0,1,0,1,0,0,1,1,0,0,1,0,1,1,0,0,0,0,1,15,0.66938299,0.142372408,1.426065144,15200,0.4,0.00013,0.007,3000,230000,23000,23000,9000,9000,9000,0.26,0.26,0.26,1.50E-05,1.00E-05,1.00E-05,50119000000,37459000000,21611000000,7165900000,6403500000,6395100000,0.2209,0.4712,0.4316,4.74E-05,6.49E-05,0.00014328
0,0,1,1,1,0,0,0,0,1,1,1,0,1,0,0,1,0,0,1,1,1,1,0,1,15,0.889358394,0.294011778,1.826672602,15200,0.4,0.00013,0.007,3000,230000,23000,23000,9000,9000,9000,0.26,0.26,0.26,1.50E-05,1.00E-05,1.00E-05,48059000000,36765000000,21266000000,7226300000,6574000000,6601400000,0.2252,0.4653,0.4408,4.81E-05,6.35E-05,0.00013661
0,0,0,0,0,0,0,0,1,1,1,1,1,0,0,0,1,0,0,1,0,1,0,0,0,15,0.806826705,0.142456306,1.597904617,15200,0.4,0.00013,0.007,3000,230000,23000,23000,9000,9000,9000,0.26,0.26,0.26,1.50E-05,1.00E-05,1.00E-05,56172000000,40092000000,22170000000,7400500000,6501400000,6530800000,0.2101,0.4594,0.4295,4.27E-05,5.93E-05,0.0001383
0,0,1,0,1,0,0,0,1,1,0,1,1,1,0,1,1,0,0,1,0,0,1,1,1,15,0.860873495,0.300557042,1.616060087,15200,0.4,0.00013,0.007,3000,230000,23000,23000,9000,9000,9000,0.26,0.26,0.26,1.50E-05,1.00E-05,1.00E-05,54121000000,38452000000,21627000000,7430500000,6782800000,6789800000,0.2185,0.4613,0.4372,4.22E-05,5.91E-05,0.00012975
1,1,1,0,1,1,1,1,1,0,0,0,0,1,0,0,1,0,0,0,1,0,0,1,0,15,0.978762805,0.183415401,1.993485622,15200,0.4,0.00013,0.007,3000,230000,23000,23000,9000,9000,9000,0.26,0.26,0.26,1.50E-05,1.00E-05,1.00E-05,51922000000,38848000000,21867000000,7306600000,6461400000,6488700000,0.2166,0.4611,0.4331,4.57E-05,6.14E-05,0.00013995
0,0,1,1,1,0,0,1,1,1,1,0,0,0,1,0,0,1,0,1,0,1,0,0,0,15,0.48091901,0.386863031,0.899192696,15200,0.4,0.00013,0.007,3000,230000,23000,23000,9000,9000,9000,0.26,0.26,0.26,1.50E-05,1.00E-05,1.00E-05,40960000000,32905000000,20133000000,7338000000,7357400000,7442100000,0.222,0.4668,0.4663,4.89E-05,6.27E-05,0.00011234
1,0,1,0,0,0,0,0,1,0,0,0,1,1,0,0,1,1,0,1,1,0,0,1,1,15,0.357183362,0.313611075,0.742293992,15200,0.4,0.00013,0.007,3000,230000,23000,23000,9000,9000,9000,0.26,0.26,0.26,1.50E-05,1.00E-05,1.00E-05,35623000000,29951000000,19374000000,7040100000,7166300000,7130100000,0.2469,0.4754,0.4612,5.64E-05,7.01E-05,0.00011831
1,0,1,1,0,1,1,0,1,0,1,0,0,1,0,0,0,1,0,1,1,1,1,1,1,15,0.278282988,0.311424154,0.571427998,15200,0.4,0.00013,0.007,3000,230000,23000,23000,9000,9000,9000,0.26,0.26,0.26,1.50E-05,1.00E-05,1.00E-05,36533000000,28104000000,19566000000,7053400000,7445100000,7279300000,0.2408,0.4788,0.4568,5.48E-05,7.32E-05,0.0001094
1,1,0,1,0,1,0,1,1,0,1,1,1,0,0,0,1,1,1,1,1,0,0,0,0,15,0.943625839,0.120363264,1.78496261,15200,0.4,0.00013,0.007,3000,230000,23000,23000,9000,9000,9000,0.26,0.26,0.26,1.50E-05,1.00E-05,1.00E-05,58650000000,41274000000,22421000000,7492200000,6541800000,6561000000,0.2058,0.4562,0.4253,4.10E-05,5.71E-05,0.00013709
1,1,0,1,0,0,1,0,1,0,0,0,1,0,0,0,0,1,1,1,0,0,0,0,0,15,0.499475503,0.177394322,1.059974074,15200,0.4,0.00013,0.007,3000,230000,23000,23000,9000,9000,9000,0.26,0.26,0.26,1.50E-05,1.00E-05,1.00E-05,46047000000,36216000000,21091000000,7136500000,6499800000,6552700000,0.2276,0.466,0.4433,5.00E-05,6.56E-05,0.00013835
1,0,1,1,0,0,1,1,1,0,1,0,1,1,1,0,1,0,1,1,1,0,1,1,1,15,0.501665455,0.20148978,0.93403272,15200,0.4,0.00013,0.007,3000,230000,23000,23000,9000,9000,9000,0.26,0.26,0.26,1.50E-05,1.00E-05,1.00E-05,53438000000,37086000000,21403000000,7422600000,6875300000,6845400000,0.2309,0.4642,0.4332,4.21E-05,6.00E-05,0.00012657
0,1,1,1,1,0,1,1,1,0,1,1,1,1,0,1,1,1,1,1,1,0,0,1,0,15,0.391002342,0.130838507,0.770251702,15200,0.4,0.00013,0.007,3000,230000,23000,23000,9000,9000,9000,0.26,0.26,0.26,1.50E-05,1.00E-05,1.00E-05,52303000000,37982000000,21579000000,7350500000,6649900000,6679000000,0.219,0.4622,0.4362,4.42E-05,6.10E-05,0.00013287
1,0,1,1,0,1,0,0,0,0,1,1,1,1,1,0,0,0,1,0,1,1,0,1,1,15,0.76119018,0.195623828,1.554766466,15200,0.4,0.00013,0.007,3000,230000,23000,23000,9000,9000,9000,0.26,0.26,0.26,1.50E-05,1.00E-05,1.00E-05,49792000000,38056000000,21572000000,7267400000,6497700000,6544200000,0.2166,0.4624,0.44,4.70E-05,6.24E-05,0.00013826
0,1,1,0,0,1,0,0,1,0,1,0,0,0,1,1,1,0,1,0,0,0,1,0,0,15,0.368247027,0.254389924,0.674278489,15200,0.4,0.00013,0.007,3000,230000,23000,23000,9000,9000,9000,0.26,0.26,0.26,1.50E-05,1.00E-05,1.00E-05,44382000000,33185000000,20334000000,7391000000,7356800000,7322300000,0.2445,0.4668,0.4567,4.49E-05,6.08E-05,0.0001145
0,1,0,1,1,0,1,1,0,0,1,1,0,1,0,1,1,1,1,0,0,0,1,0,1,15,0.638190803,0.397217114,1.244055005,15200,0.4,0.00013,0.007,3000,230000,23000,23000,9000,9000,9000,0.26,0.26,0.26,1.50E-05,1.00E-05,1.00E-05,43344000000,32545000000,20214000000,7274200000,7162900000,7147600000,0.2446,0.4713,0.453,4.75E-05,6.40E-05,0.00012007
0,1,0,0,1,0,1,0,1,1,0,1,0,1,0,0,1,0,0,1,1,0,1,1,1,15,0.822619433,0.399368132,1.674739997,15200,0.4,0.00013,0.007,3000,230000,23000,23000,9000,9000,9000,0.26,0.26,0.26,1.50E-05,1.00E-05,1.00E-05,45550000000,33828000000,20627000000,7197100000,6841600000,6786500000,0.2387,0.4733,0.4413,4.84E-05,6.57E-05,0.00012944
1,1,1,1,1,1,1,0,0,0,0,1,0,1,0,0,1,0,0,0,0,1,0,1,1,15,0.9288523,0.201808574,1.824164578,15200,0.4,0.00013,0.007,3000,230000,23000,23000,9000,9000,9000,0.26,0.26,0.26,1.50E-05,1.00E-05,1.00E-05,55312000000,39359000000,21989000000,7388400000,6554500000,6568400000,0.2115,0.4621,0.4301,4.30E-05,6.00E-05,0.00013627
0,0,0,0,0,1,0,0,0,1,0,1,0,1,1,0,0,0,0,0,1,1,1,0,1,15,0.749255873,0.140782196,1.47098011,15200,0.4,0.00013,0.007,3000,230000,23000,23000,9000,9000,9000,0.26,0.26,0.26,1.50E-05,1.00E-05,1.00E-05,54924000000,39777000000,22047000000,7401800000,6517600000,6569700000,0.2104,0.4587,0.4325,4.30E-05,5.98E-05,0.00013684
0,1,0,0,0,0,0,1,1,0,1,0,1,0,1,1,1,0,0,0,1,0,1,0,1,15,0.428326834,0.26870373,0.77787221,15200,0.4,0.00013,0.007,3000,230000,23000,23000,9000,9000,9000,0.26,0.26,0.26,1.50E-05,1.00E-05,1.00E-05,42783000000,33502000000,20268000000,7410900000,7356900000,7391300000,0.237,0.4617,0.4628,4.62E-05,6.09E-05,0.0001135
1,1,1,0,1,1,0,0,0,1,0,0,1,0,0,1,1,0,0,1,0,0,0,0,1,15,0.979143491,0.307811028,2.038643674,15200,0.4,0.00013,0.007,3000,230000,23000,23000,9000,9000,9000,0.26,0.26,0.26,1.50E-05,1.00E-05,1.00E-05,46891000000,37128000000,21263000000,7169800000,6475500000,6521300000,0.2201,0.4654,0.4427,4.94E-05,6.47E-05,0.00013884
1,1,1,0,1,0,1,0,1,1,0,0,1,0,1,0,1,1,1,1,1,1,1,1,1,15,0.346787194,0.281480551,0.680470515,15200,0.4,0.00013,0.007,3000,230000,23000,23000,9000,9000,9000,0.26,0.26,0.26,1.50E-05,1.00E-05,1.00E-05,45530000000,33513000000,20547000000,7260700000,7096700000,7074800000,0.2333,0.4712,0.4528,4.67E-05,6.45E-05,0.00011981
1,0,1,1,1,0,1,1,1,1,0,0,0,1,0,1,1,1,1,0,0,0,0,0,0,15,0.251313832,0.212227945,0.492941335,15200,0.4,0.00013,0.007,3000,230000,23000,23000,9000,9000,9000,0.26,0.26,0.26,1.50E-05,1.00E-05,1.00E-05,36213000000,33375000000,19892000000,7263600000,7039500000,7446200000,0.2112,0.4437,0.4865,5.44E-05,6.46E-05,0.0001131
0,1,0,0,0,0,0,1,0,1,1,1,1,0,0,0,1,0,1,1,1,1,0,0,0,15,0.240895309,0.205901391,0.446579193,15200,0.4,0.00013,0.007,3000,230000,23000,23000,9000,9000,9000,0.26,0.26,0.26,1.50E-05,1.00E-05,1.00E-05,40403000000,31274000000,19957000000,7325800000,7480700000,7478500000,0.2246,0.4719,0.4652,4.90E-05,6.41E-05,0.00010825
0,0,0,1,1,1,1,1,1,1,0,0,1,1,0,1,1,0,0,1,0,1,0,1,0,15,0.449568757,0.37328738,0.891441434,15200,0.4,0.00013,0.007,3000,230000,23000,23000,9000,9000,9000,0.26,0.26,0.26,1.50E-05,1.00E-05,1.00E-05,37874000000,32300000000,19868000000,7238000000,7209500000,7374400000,0.2247,0.4572,0.4771,5.25E-05,6.57E-05,0.00011451
0,1,0,0,1,0,0,1,1,1,1,0,1,0,1,0,0,1,1,0,0,1,1,0,1,15,0.701828578,0.256671015,1.279433203,15200,0.4,0.00013,0.007,3000,230000,23000,23000,9000,9000,9000,0.26,0.26,0.26,1.50E-05,1.00E-05,1.00E-05,53948000000,37427000000,21461000000,7456100000,6923000000,6867300000,0.2246,0.4655,0.4318,4.16E-05,5.90E-05,0.00012609
1,1,1,0,0,1,0,0,0,0,1,1,0,0,1,1,0,0,1,0,0,0,1,1,1,15,0.779952682,0.268071761,1.438617234,15200,0.4,0.00013,0.007,3000,230000,23000,23000,9000,9000,9000,0.26,0.26,0.26,1.50E-05,1.00E-05,1.00E-05,52144000000,39203000000,21625000000,7472100000,6771500000,6854600000,0.2167,0.4517,0.4426,4.33E-05,5.74E-05,0.00012813
0,1,0,0,0,0,0,0,0,0,0,1,0,1,0,1,0,0,1,1,1,0,1,0,1,15,0.719150242,0.369582361,1.614458201,15200,0.4,0.00013,0.007,3000,230000,23000,23000,9000,9000,9000,0.26,0.26,0.26,1.50E-05,1.00E-05,1.00E-05,42746000000,33450000000,20469000000,7031700000,6627800000,6640400000,0.2432,0.4707,0.4461,5.21E-05,6.92E-05,0.00013544
1,1,1,0,1,0,1,1,0,0,0,1,0,0,0,0,1,0,1,1,1,0,1,0,1,15,0.29663794,0.115678728,0.604340784,15200,0.4,0.00013,0.007,3000,230000,23000,23000,9000,9000,9000,0.26,0.26,0.26,1.50E-05,1.00E-05,1.00E-05,49750000000,36130000000,21207000000,7236000000,6670700000,6639800000,0.2281,0.4709,0.437,4.65E-05,6.39E-05,0.00013433
0,1,0,1,1,1,1,0,0,0,1,0,1,1,0,0,0,1,1,1,1,0,1,0,1,15,0.670866683,0.146059689,1.393034848,15200,0.4,0.00013,0.007,3000,230000,23000,23000,9000,9000,9000,0.26,0.26,0.26,1.50E-05,1.00E-05,1.00E-05,48415000000,37550000000,21515000000,7191500000,6440400000,6456300000,0.2229,0.466,0.4347,4.82E-05,6.41E-05,0.00014157
1,0,0,1,1,0,0,0,1,1,1,1,1,0,1,1,0,1,1,0,1,1,0,0,0,15,0.478028695,0.334398808,0.948206035,15200,0.4,0.00013,0.007,3000,230000,23000,23000,9000,9000,9000,0.26,0.26,0.26,1.50E-05,1.00E-05,1.00E-05,41440000000,33426000000,20194000000,7258900000,7077700000,7164500000,0.2332,0.4623,0.4651,5.01E-05,6.37E-05,0.00012039
1,0,1,1,1,0,1,0,1,0,0,0,0,1,1,0,0,0,1,0,0,0,0,1,0,15,0.589478435,0.131015551,1.303947389,15200,0.4,0.00013,0.007,3000,230000,23000,23000,9000,9000,9000,0.26,0.26,0.26,1.50E-05,1.00E-05,1.00E-05,48686000000,36765000000,21464000000,7123200000,6371000000,6377200000,0.2236,0.4704,0.4352,4.87E-05,6.63E-05,0.00014355
1,0,0,0,1,0,1,1,1,1,1,0,1,1,0,0,0,0,0,1,0,1,0,0,0,15,0.856594359,0.373397496,1.726884406,15200,0.4,0.00013,0.007,3000,230000,23000,23000,9000,9000,9000,0.26,0.26,0.26,1.50E-05,1.00E-05,1.00E-05,46760000000,36218000000,21006000000,7273300000,6716700000,6801900000,0.2302,0.4585,0.4505,4.73E-05,6.29E-05,0.00013094
1,0,1,0,1,0,1,1,1,1,0,1,0,1,1,0,0,0,1,0,1,0,1,1,0,15,0.253482782,0.227988834,0.478872149,15200,0.4,0.00013,0.007,3000,230000,23000,23000,9000,9000,9000,0.26,0.26,0.26,1.50E-05,1.00E-05,1.00E-05,42442000000,28681000000,19729000000,7225600000,7700700000,7401200000,0.2372,0.4854,0.4598,4.74E-05,6.92E-05,0.0001071
1,1,1,0,1,1,0,1,1,0,0,0,1,0,1,0,0,1,0,0,1,1,1,0,0,15,0.544708735,0.262187665,1.106272089,15200,0.4,0.00013,0.007,3000,230000,23000,23000,9000,9000,9000,0.26,0.26,0.26,1.50E-05,1.00E-05,1.00E-05,49869000000,35028000000,20992000000,7220700000,6757900000,6690600000,0.2313,0.4764,0.4374,4.59E-05,6.52E-05,0.00013147
0,0,1,0,0,1,1,1,0,0,1,1,1,1,0,0,0,1,1,1,0,0,1,1,1,15,0.288655166,0.122070535,0.568277438,15200,0.4,0.00013,0.007,3000,230000,23000,23000,9000,9000,9000,0.26,0.26,0.26,1.50E-05,1.00E-05,1.00E-05,52063000000,37459000000,21414000000,7334100000,6722500000,6741700000,0.22,0.465,0.4392,4.46E-05,6.12E-05,0.00013101
0,1,1,1,0,0,1,1,1,1,0,0,0,0,0,1,1,1,0,0,1,1,0,0,0,15,0.389952733,0.224369364,0.812903637,15200,0.4,0.00013,0.007,3000,230000,23000,23000,9000,9000,9000,0.26,0.26,0.26,1.50E-05,1.00E-05,1.00E-05,42556000000,35292000000,20602000000,7115100000,6651900000,6770700000,0.2251,0.464,0.4557,5.21E-05,6.62E-05,0.00013252
1,0,1,1,0,1,0,0,0,0,0,1,0,1,1,0,0,0,0,0,1,0,0,0,1,15,0.762845115,0.369970694,1.721627925,15200,0.4,0.00013,0.007,3000,230000,23000,23000,9000,9000,9000,0.26,0.26,0.26,1.50E-05,1.00E-05,1.00E-05,43281000000,33949000000,20568000000,7034600000,6558800000,6617100000,0.235,0.4708,0.4496,5.18E-05,6.92E-05,0.0001366
1,1,0,0,1,1,0,1,0,1,1,1,1,0,1,0,0,1,0,0,1,0,0,0,1,15,0.760880932,0.18483755,1.403704718,15200,0.4,0.00013,0.007,3000,230000,23000,23000,9000,9000,9000,0.26,0.26,0.26,1.50E-05,1.00E-05,1.00E-05,58093000000,40347000000,22113000000,7495900000,6679100000,6680500000,0.2095,0.4589,0.4272,4.07E-05,5.74E-05,0.00013188
0,0,0,1,1,0,1,0,1,0,0,1,1,0,1,1,1,1,0,0,0,0,1,0,0,15,0.474027585,0.134112634,0.89559418,15200,0.4,0.00013,0.007,3000,230000,23000,23000,9000,9000,9000,0.26,0.26,0.26,1.50E-05,1.00E-05,1.00E-05,54714000000,39107000000,21824000000,7439300000,6695000000,6729900000,0.2162,0.4594,0.4317,4.23E-05,5.88E-05,0.00013168
1,0,1,1,1,0,1,1,0,1,1,1,0,0,1,0,1,1,0,0,1,1,1,1,0,15,0.497047746,0.147215855,0.897337655,15200,0.4,0.00013,0.007,3000,230000,23000,23000,9000,9000,9000,0.26,0.26,0.26,1.50E-05,1.00E-05,1.00E-05,55910000000,39494000000,21855000000,7512000000,6787700000,6811400000,0.2179,0.456,0.4308,4.12E-05,5.74E-05,0.00012785
0,1,0,0,1,1,0,1,0,1,1,0,0,1,0,0,1,0,0,0,1,0,0,1,0,15,0.805086001,0.164379217,1.750513048,15200,0.4,0.00013,0.007,3000,230000,23000,23000,9000,9000,9000,0.26,0.26,0.26,1.50E-05,1.00E-05,1.00E-05,48338000000,36941000000,21474000000,7144800000,6389200000,6405900000,0.2272,0.4673,0.4355,4.88E-05,6.54E-05,0.0001433
1,1,1,0,0,0,0,0,1,0,1,0,1,0,1,0,1,0,0,0,1,0,0,0,0,15,0.994219522,0.195930172,1.770292659,15200,0.4,0.00013,0.007,3000,230000,23000,23000,9000,9000,9000,0.26,0.26,0.26,1.50E-05,1.00E-05,1.00E-05,58181000000,41620000000,22287000000,7570400000,6677300000,6720000000,0.2075,0.4508,0.4269,4.02E-05,5.55E-05,0.00013082
0,1,0,0,1,0,1,1,1,1,0,1,0,1,0,1,0,1,1,0,0,1,1,1,1,15,0.370744935,0.282938456,0.81338088,15200,0.4,0.00013,0.007,3000,230000,23000,23000,9000,9000,9000,0.26,0.26,0.26,1.50E-05,1.00E-05,1.00E-05,39580000000,30437000000,19708000000,6982800000,6943400000,6875500000,0.245,0.4824,0.4543,5.38E-05,7.23E-05,0.00012617
1,1,0,0,1,1,0,1,1,0,1,1,0,0,1,1,0,0,0,1,0,1,1,0,1,15,0.446738849,0.30025043,0.911841326,15200,0.4,0.00013,0.007,3000,230000,23000,23000,9000,9000,9000,0.26,0.26,0.26,1.50E-05,1.00E-05,1.00E-05,41797000000,32397000000,20122000000,7148000000,7018200000,6947300000,0.2417,0.4745,0.4529,5.06E-05,6.66E-05,0.0001251
0,0,0,0,1,0,1,0,1,1,1,0,1,0,0,0,0,0,1,0,0,1,0,1,0,15,0.672901096,0.310261743,1.302642485,15200,0.4,0.00013,0.007,3000,230000,23000,23000,9000,9000,9000,0.26,0.26,0.26,1.50E-05,1.00E-05,1.00E-05,48838000000,35402000000,20960000000,7338500000,6907000000,6919400000,0.237,0.466,0.4417,4.48E-05,6.20E-05,0.00012645
0,1,0,1,0,0,0,1,1,1,0,0,1,0,1,0,0,0,0,0,0,0,0,0,1,15,0.849778136,0.117351274,1.615690772,15200,0.4,0.00013,0.007,3000,230000,23000,23000,9000,9000,9000,0.26,0.26,0.26,1.50E-05,1.00E-05,1.00E-05,58900000000,40892000000,22378000000,7482200000,6546800000,6558900000,0.2077,0.4583,0.4233,4.07E-05,5.79E-05,0.00013662
1,1,1,1,0,1,1,0,0,0,1,1,1,0,0,1,0,0,1,1,0,0,1,0,0,15,0.951587515,0.286012226,2.038676275,15200,0.4,0.00013,0.007,3000,230000,23000,23000,9000,9000,9000,0.26,0.26,0.26,1.50E-05,1.00E-05,1.00E-05,46670000000,36980000000,21277000000,7149800000,6437100000,6492700000,0.2242,0.4632,0.4431,5.00E-05,6.48E-05,0.00014019
0,0,0,1,0,0,0,0,1,0,0,1,0,1,1,1,0,0,0,1,1,0,0,0,1,15,0.660888937,0.211607398,1.263145775,15200,0.4,0.00013,0.007,3000,230000,23000,23000,9000,9000,9000,0.26,0.26,0.26,1.50E-05,1.00E-05,1.00E-05,55691000000,38695000000,21784000000,7415500000,6707500000,6698900000,0.2184,0.463,0.4297,4.22E-05,5.96E-05,0.00013141
1,0,0,1,1,0,1,1,1,1,0,0,1,1,0,0,1,0,1,1,0,1,0,1,1,15,0.761259386,0.267005483,1.549408516,15200,0.4,0.00013,0.007,3000,230000,23000,23000,9000,9000,9000,0.26,0.26,0.26,1.50E-05,1.00E-05,1.00E-05,50920000000,36544000000,21358000000,7248400000,6631700000,6590700000,0.2271,0.4708,0.4341,4.56E-05,6.37E-05,0.00013576
1,1,1,1,1,0,1,1,1,1,1,1,1,1,0,1,1,0,0,1,1,1,1,0,0,15,0.660149875,0.343969564,1.416825702,15200,0.4,0.00013,0.007,3000,230000,23000,23000,9000,9000,9000,0.26,0.26,0.26,1.50E-05,1.00E-05,1.00E-05,44615000000,35338000000,20818000000,7099600000,6556600000,6633700000,0.2312,0.4657,0.4478,5.08E-05,6.68E-05,0.0001356
1,0,0,1,1,1,0,0,0,0,1,0,0,0,0,0,1,1,1,0,0,0,0,0,1,15,0.826352845,0.268498309,1.496355991,15200,0.4,0.00013,0.007,3000,230000,23000,23000,9000,9000,9000,0.26,0.26,0.26,1.50E-05,1.00E-05,1.00E-05,55052000000,39851000000,21817000000,7509600000,6788800000,6833000000,0.2141,0.4541,0.4357,4.18E-05,5.69E-05,0.00012751
0,0,1,0,1,1,1,0,0,1,1,1,1,0,1,0,0,1,1,1,0,0,1,1,0,15,0.368241801,0.216421197,0.739056142,15200,0.4,0.00013,0.007,3000,230000,23000,23000,9000,9000,9000,0.26,0.26,0.26,1.50E-05,1.00E-05,1.00E-05,46118000000,34059000000,20592000000,7231600000,6944600000,6898000000,0.2354,0.4717,0.4483,4.75E-05,6.46E-05,0.00012648
1,0,1,1,0,1,1,1,1,1,1,0,1,1,0,0,0,0,0,1,0,1,1,0,1,15,0.592692597,0.32671048,1.153853506,15200,0.4,0.00013,0.007,3000,230000,23000,23000,9000,9000,9000,0.26,0.26,0.26,1.50E-05,1.00E-05,1.00E-05,45119000000,34385000000,20580000000,7302200000,6994200000,7050100000,0.2355,0.4652,0.4529,4.74E-05,6.25E-05,0.00012332
0,0,1,1,1,1,1,1,0,0,0,0,1,0,1,0,0,0,0,0,1,0,1,0,0,15,0.294713601,0.115663655,0.637760589,15200,0.4,0.00013,0.007,3000,230000,23000,23000,9000,9000,9000,0.26,0.26,0.26,1.50E-05,1.00E-05,1.00E-05,44763000000,35414000000,20881000000,7099400000,6519100000,6557500000,0.2265,0.4686,0.4479,5.13E-05,6.67E-05,0.00013777
1,0,0,0,0,1,0,0,0,1,0,0,0,1,1,0,1,0,0,0,1,1,1,1,1,15,0.873369813,0.157025096,1.76224909,15200,0.4,0.00013,0.007,3000,230000,23000,23000,9000,9000,9000,0.26,0.26,0.26,1.50E-05,1.00E-05,1.00E-05,53392000000,39458000000,21989000000,7345400000,6463500000,6509200000,0.2115,0.4599,0.4335,4.46E-05,6.06E-05,0.0001392
0,1,0,0,1,0,0,0,0,0,1,1,1,0,1,0,1,0,0,1,0,0,0,0,1,15,0.698798058,0.113583147,1.423251235,15200,0.4,0.00013,0.007,3000,230000,23000,23000,9000,9000,9000,0.26,0.26,0.26,1.50E-05,1.00E-05,1.00E-05,54202000000,39153000000,22023000000,7314500000,6443000000,6445700000,0.2131,0.4651,0.4296,4.43E-05,6.15E-05,0.00014122
0,1,1,1,0,1,0,0,1,1,1,0,1,0,1,0,1,1,0,1,1,0,1,0,1,15,0.820210889,0.137811787,1.711817607,15200,0.4,0.00013,0.007,3000,230000,23000,23000,9000,9000,9000,0.26,0.26,0.26,1.50E-05,1.00E-05,1.00E-05,49514000000,38086000000,21686000000,7202800000,6391200000,6405400000,0.2199,0.4658,0.4339,4.78E-05,6.38E-05,0.00014316
0,0,1,0,1,0,1,0,1,1,0,1,0,0,0,1,0,1,1,1,1,0,0,1,0,15,0.595943032,0.20194502,1.063228478,15200,0.4,0.00013,0.007,3000,230000,23000,23000,9000,9000,9000,0.26,0.26,0.26,1.50E-05,1.00E-05,1.00E-05,51991000000,38086000000,21464000000,7502800000,6913800000,6948700000,0.2258,0.4556,0.4378,4.22E-05,5.75E-05,0.00012494
0,1,0,1,1,0,1,1,0,1,0,0,0,0,1,1,0,0,0,0,1,0,0,1,0,15,0.283498817,0.261951429,0.604060481,15200,0.4,0.00013,0.007,3000,230000,23000,23000,9000,9000,9000,0.26,0.26,0.26,1.50E-05,1.00E-05,1.00E-05,38420000000,28694000000,19364000000,6983100000,7215400000,7054600000,0.2501,0.4921,0.4529,5.42E-05,7.34E-05,0.00011896
0,0,0,0,0,1,0,1,0,0,1,1,0,0,0,0,1,0,0,0,0,1,0,1,1,15,0.774686262,0.19423529,1.687513126,15200,0.4,0.00013,0.007,3000,230000,23000,23000,9000,9000,9000,0.26,0.26,0.26,1.50E-05,1.00E-05,1.00E-05,47983000000,36920000000,21413000000,7133700000,6389600000,6419200000,0.2242,0.4675,0.4379,4.92E-05,6.55E-05,0.0001426
0,1,0,0,1,0,0,1,1,0,1,0,0,0,1,0,0,1,0,0,0,0,0,0,0,15,0.200919934,0.141572306,0.451839867,15200,0.4,0.00013,0.007,3000,230000,23000,23000,9000,9000,9000,0.26,0.26,0.26,1.50E-05,1.00E-05,1.00E-05,40424000000,32636000000,20116000000,7008500000,6719000000,6784600000,0.2413,0.469,0.4584,5.34E-05,7.03E-05,0.00013126
0,0,0,0,0,1,0,1,1,0,1,1,1,0,1,1,0,1,1,1,0,0,0,0,0,15,0.688696878,0.219225132,1.478709582,15200,0.4,0.00013,0.007,3000,230000,23000,23000,9000,9000,9000,0.26,0.26,0.26,1.50E-05,1.00E-05,1.00E-05,47660000000,37132000000,21344000000,7145300000,6411400000,6478900000,0.2232,0.4644,0.4417,4.93E-05,6.52E-05,0.00014038
0,1,1,0,0,1,0,1,1,1,1,0,0,1,1,0,1,1,0,1,1,1,1,0,0,15,0.371950939,0.144065069,0.69489276,15200,0.4,0.00013,0.007,3000,230000,23000,23000,9000,9000,9000,0.26,0.26,0.26,1.50E-05,1.00E-05,1.00E-05,53171000000,37951000000,21492000000,7426400000,6827900000,6854800000,0.2242,0.4609,0.4376,4.25E-05,5.92E-05,0.00012805
0,1,0,1,1,1,1,0,0,1,1,0,1,0,0,1,1,1,1,1,0,0,0,1,0,15,0.904875753,0.172834561,1.844516434,15200,0.4,0.00013,0.007,3000,230000,23000,23000,9000,9000,9000,0.26,0.26,0.26,1.50E-05,1.00E-05,1.00E-05,52388000000,38741000000,21857000000,7301100000,6464000000,6488500000,0.2166,0.4627,0.4335,4.55E-05,6.16E-05,0.00013996
1,1,1,0,1,0,1,1,0,0,1,0,0,1,1,1,1,0,0,1,0,0,0,0,0,15,0.851858389,0.244458551,1.900079617,15200,0.4,0.00013,0.007,3000,230000,23000,23000,9000,9000,9000,0.26,0.26,0.26,1.50E-05,1.00E-05,1.00E-05,46525000000,36460000000,21237000000,7106200000,6377400000,6459800000,0.2238,0.4653,0.4445,5.01E-05,6.67E-05,0.00014172
1,1,1,0,0,1,1,0,0,0,0,1,1,0,1,1,0,1,0,0,0,1,0,0,0,15,0.771130127,0.117791493,1.533307128,15200,0.4,0.00013,0.007,3000,230000,23000,23000,9000,9000,9000,0.26,0.26,0.26,1.50E-05,1.00E-05,1.00E-05,56192000000,39859000000,22182000000,7385200000,6484300000,6499500000,0.2115,0.4616,0.4271,4.27E-05,5.98E-05,0.00013945
1,0,0,0,1,0,1,1,0,1,0,0,1,1,1,1,0,0,1,0,0,0,0,1,1,15,0.847500526,0.340426689,1.54873869,15200,0.4,0.00013,0.007,3000,230000,23000,23000,9000,9000,9000,0.26,0.26,0.26,1.50E-05,1.00E-05,1.00E-05,52383000000,37835000000,21398000000,7464500000,6919700000,6960000000,0.2217,0.46,0.4405,4.26E-05,5.84E-05,0.00012508
0,1,1,0,1,0,1,0,1,0,1,0,0,1,0,1,1,1,1,0,0,0,1,1,1,15,0.356438418,0.335912032,0.745536241,15200,0.4,0.00013,0.007,3000,230000,23000,23000,9000,9000,9000,0.26,0.26,0.26,1.50E-05,1.00E-05,1.00E-05,37188000000,28861000000,19326000000,7001000000,7295500000,7132400000,0.2418,0.4864,0.4617,5.52E-05,7.31E-05,0.00011706
1,1,0,1,0,0,1,0,0,1,1,0,1,1,0,1,0,0,1,1,1,0,0,1,0,15,0.71285486,0.384563134,1.582265801,15200,0.4,0.00013,0.007,3000,230000,23000,23000,9000,9000,9000,0.26,0.26,0.26,1.50E-05,1.00E-05,1.00E-05,43215000000,32269000000,20274000000,7018300000,6733700000,6660400000,0.2466,0.4814,0.4425,5.17E-05,7.01E-05,0.00013375
1,0,1,0,0,0,1,0,0,1,0,1,1,0,0,1,1,0,0,0,0,1,1,0,1,15,0.870389955,0.114781397,1.809107531,15200,0.4,0.00013,0.007,3000,230000,23000,23000,9000,9000,9000,0.26,0.26,0.26,1.50E-05,1.00E-05,1.00E-05,50506000000,38793000000,21855000000,7221800000,6364600000,6380200000,0.2162,0.4652,0.433,4.72E-05,6.29E-05,0.00014452
0,1,0,1,0,0,0,1,0,0,0,0,0,0,1,1,0,0,1,1,1,0,0,0,0,15,0.368520079,0.249415581,0.658522484,15200,0.4,0.00013,0.007,3000,230000,23000,23000,9000,9000,9000,0.26,0.26,0.26,1.50E-05,1.00E-05,1.00E-05,44249000000,34219000000,20493000000,7437000000,7313200000,7367000000,0.2373,0.4603,0.4561,4.55E-05,5.96E-05,0.00011326
0,0,0,0,1,1,1,0,0,1,1,0,0,1,1,0,0,0,1,0,1,0,1,1,0,15,0.953593238,0.247792586,2.128554655,15200,0.4,0.00013,0.007,3000,230000,23000,23000,9000,9000,9000,0.26,0.26,0.26,1.50E-05,1.00E-05,1.00E-05,47383000000,36395000000,21326000000,7105800000,6384300000,6412400000,0.226,0.468,0.4388,4.96E-05,6.64E-05,0.00014284
0,0,0,1,0,0,0,0,0,1,1,1,0,0,1,1,1,0,0,1,0,0,0,1,1,15,0.958934719,0.28225323,1.756337107,15200,0.4,0.00013,0.007,3000,230000,23000,23000,9000,9000,9000,0.26,0.26,0.26,1.50E-05,1.00E-05,1.00E-05,58757000000,39970000000,22042000000,7498500000,6723400000,6713800000,0.2112,0.4604,0.4258,4.02E-05,5.77E-05,0.00013
0,1,1,1,0,1,1,1,1,0,1,1,1,1,1,1,1,1,0,1,1,0,1,1,0,15,0.760710403,0.266391713,1.355835772,15200,0.4,0.00013,0.007,3000,230000,23000,23000,9000,9000,9000,0.26,0.26,0.26,1.50E-05,1.00E-05,1.00E-05,55934000000,39434000000,21795000000,7514000000,6832400000,6829000000,0.217,0.4577,0.4301,4.10E-05,5.72E-05,0.00012641
0,1,0,1,1,1,1,1,1,1,1,1,0,1,0,0,0,1,1,0,1,1,1,1,0,15,0.346851098,0.15919115,0.732479872,15200,0.4,0.00013,0.007,3000,230000,23000,23000,9000,9000,9000,0.26,0.26,0.26,1.50E-05,1.00E-05,1.00E-05,44807000000,34968000000,20771000000,7109100000,6611800000,6630500000,0.2307,0.4713,0.4447,5.04E-05,6.69E-05,0.00013505
1,1,1,0,0,1,0,0,1,0,0,0,0,0,0,0,1,0,1,1,0,0,1,1,1,15,0.407515568,0.13903635,0.795568593,15200,0.4,0.00013,0.007,3000,230000,23000,23000,9000,9000,9000,0.26,0.26,0.26,1.50E-05,1.00E-05,1.00E-05,50753000000,38361000000,21521000000,7369600000,6666000000,6746100000,0.2196,0.456,0.4432,4.52E-05,5.97E-05,0.00013211
1,0,1,0,0,0,0,1,1,0,0,0,1,0,0,0,0,0,1,0,0,1,1,0,0,15,0.984866327,0.107241931,2.117574336,15200,0.4,0.00013,0.007,3000,230000,23000,23000,9000,9000,9000,0.26,0.26,0.26,1.50E-05,1.00E-05,1.00E-05,50832000000,38596000000,21893000000,7200000000,6326500000,6344500000,0.2164,0.4663,0.4323,4.72E-05,6.36E-05,0.00014588
0,1,1,0,0,0,1,0,1,1,1,0,1,1,1,0,0,0,0,1,0,1,1,0,1,15,0.247119027,0.256668542,0.548202796,15200,0.4,0.00013,0.007,3000,230000,23000,23000,9000,9000,9000,0.26,0.26,0.26,1.50E-05,1.00E-05,1.00E-05,37999000000,28093000000,19303000000,6922800000,7192900000,6996900000,0.2491,0.4908,0.4555,5.46E-05,7.64E-05,0.00011915
1,0,0,0,0,0,1,0,0,1,0,1,0,0,1,0,0,1,0,1,1,0,0,1,0,15,0.691569942,0.236426583,1.26291058,15200,0.4,0.00013,0.007,3000,230000,23000,23000,9000,9000,9000,0.26,0.26,0.26,1.50E-05,1.00E-05,1.00E-05,55210000000,37975000000,21620000000,7473400000,6878600000,6843600000,0.2287,0.463,0.4272,4.13E-05,5.81E-05,0.00012717
0,0,0,0,1,0,1,0,1,1,1,0,0,1,1,0,0,1,1,1,0,0,0,0,1,15,0.299751341,0.398522989,0.645253173,15200,0.4,0.00013,0.007,3000,230000,23000,23000,9000,9000,9000,0.26,0.26,0.26,1.50E-05,1.00E-05,1.00E-05,39503000000,27819000000,19636000000,6937500000,7327400000,6973800000,0.2426,0.4956,0.4407,5.38E-05,7.68E-05,0.00011517
0,0,1,1,0,0,1,0,0,0,1,1,0,1,1,0,1,1,0,0,1,0,0,0,1,15,0.578734715,0.133798535,1.183887188,15200,0.4,0.00013,0.007,3000,230000,23000,23000,9000,9000,9000,0.26,0.26,0.26,1.50E-05,1.00E-05,1.00E-05,49450000000,38221000000,21618000000,7271200000,6475300000,6525800000,0.2192,0.4592,0.4394,4.73E-05,6.23E-05,0.00013885
1,0,1,1,1,0,1,0,1,1,0,0,1,1,1,0,0,1,0,1,1,1,1,0,1,15,0.632610494,0.128102794,1.344351743,15200,0.4,0.00013,0.007,3000,230000,23000,23000,9000,9000,9000,0.26,0.26,0.26,1.50E-05,1.00E-05,1.00E-05,49416000000,37791000000,21627000000,7180300000,6394600000,6402100000,0.2212,0.4669,0.4339,4.81E-05,6.41E-05,0.0001431
1,1,1,1,0,0,1,1,0,1,1,1,0,1,0,0,1,0,1,0,0,0,0,1,1,15,0.550485023,0.382463042,1.118061346,15200,0.4,0.00013,0.007,3000,230000,23000,23000,9000,9000,9000,0.26,0.26,0.26,1.50E-05,1.00E-05,1.00E-05,39960000000,32012000000,19951000000,7170700000,7059500000,7090000000,0.2366,0.4695,0.4605,5.18E-05,6.64E-05,0.00012135
0,1,1,1,1,0,1,1,0,1,0,1,0,0,1,1,1,0,0,1,1,0,0,0,0,15,0.889815032,0.292052249,1.798383433,15200,0.4,0.00013,0.007,3000,230000,23000,23000,9000,9000,9000,0.26,0.26,0.26,1.50E-05,1.00E-05,1.00E-05,49891000000,37359000000,21422000000,7287000000,6609800000,6636400000,0.2212,0.4631,0.4387,4.65E-05,6.21E-05,0.00013472
1,1,0,1,1,1,0,0,1,0,1,1,1,0,0,0,0,0,1,0,0,0,1,0,1,15,0.777934933,0.12752174,1.640703285,15200,0.4,0.00013,0.007,3000,230000,23000,23000,9000,9000,9000,0.26,0.26,0.26,1.50E-05,1.00E-05,1.00E-05,49026000000,38259000000,21701000000,7200600000,6374900000,6401900000,0.2196,0.4633,0.435,4.83E-05,6.34E-05,0.00014352
0,1,1,1,1,1,0,0,1,1,1,1,0,0,0,1,1,1,1,0,1,0,0,1,0,15,0.937767853,0.359084799,1.869750619,15200,0.4,0.00013,0.007,3000,230000,23000,23000,9000,9000,9000,0.26,0.26,0.26,1.50E-05,1.00E-05,1.00E-05,48816000000,37112000000,21244000000,7309400000,6704600000,6762300000,0.2228,0.4608,0.4455,4.63E-05,6.15E-05,0.0001318
1,1,1,1,1,1,1,1,0,1,0,1,1,1,1,0,0,1,0,0,0,1,1,1,1,15,0.574572536,0.399261362,1.29617454,15200,0.4,0.00013,0.007,3000,230000,23000,23000,9000,9000,9000,0.26,0.26,0.26,1.50E-05,1.00E-05,1.00E-05,42519000000,33656000000,20441000000,7011600000,6576700000,6664600000,0.234,0.4696,0.453,5.28E-05,6.98E-05,0.00013387
0,1,0,1,1,0,0,1,1,0,0,0,0,0,0,0,0,1,0,1,1,1,0,0,0,30,0.688643835,0.156839326,1.43075054,15200,0.4,0.00013,0.007,3000,230000,23000,23000,9000,9000,9000,0.26,0.26,0.26,1.50E-05,1.00E-05,1.00E-05,56011000000,27742000000,21292000000,9547700000,6612200000,6708400000,0.343,0.4373,0.3613,3.70E-05,7.57E-05,0.00012498
1,1,1,0,0,1,1,1,0,0,0,0,1,1,1,1,1,0,1,0,1,0,1,1,0,30,0.588665493,0.122261436,1.391449061,15200,0.4,0.00013,0.007,3000,230000,23000,23000,9000,9000,9000,0.26,0.26,0.26,1.50E-05,1.00E-05,1.00E-05,48255000000,26206000000,20721000000,8950300000,6357400000,6417400000,0.3509,0.4503,0.3658,4.33E-05,8.50E-05,0.00013456
1,0,1,1,1,0,1,1,0,0,1,0,0,0,0,0,1,1,1,0,0,1,1,0,1,30,0.412683781,0.102354738,1.010686068,15200,0.4,0.00013,0.007,3000,230000,23000,23000,9000,9000,9000,0.26,0.26,0.26,1.50E-05,1.00E-05,1.00E-05,47266000000,25978000000,20592000000,8879800000,6359200000,6446800000,0.3524,0.45,0.3704,4.38E-05,8.57E-05,0.00013461
1,1,1,0,1,0,0,1,0,1,1,0,0,0,0,0,1,0,1,1,0,0,0,0,0,30,0.549993829,0.377695996,1.20670086,15200,0.4,0.00013,0.007,3000,230000,23000,23000,9000,9000,9000,0.26,0.26,0.26,1.50E-05,1.00E-05,1.00E-05,40538000000,25605000000,19892000000,8979400000,6855100000,7282600000,0.329,0.4233,0.4209,4.49E-05,8.02E-05,0.00011516
0,1,1,1,0,1,1,1,0,0,1,1,1,0,1,0,0,0,1,0,0,0,1,1,1,30,0.911938186,0.390990406,2.007635189,15200,0.4,0.00013,0.007,3000,230000,23000,23000,9000,9000,9000,0.26,0.26,0.26,1.50E-05,1.00E-05,1.00E-05,49578000000,26578000000,20686000000,9196700000,6645500000,6791900000,0.3474,0.4377,0.3772,4.03E-05,7.92E-05,0.00012398
1,0,1,1,0,1,1,1,1,1,1,0,0,1,0,0,0,1,0,0,1,1,1,0,1,30,0.324325197,0.3923601,0.691447915,15200,0.4,0.00013,0.007,3000,230000,23000,23000,9000,9000,9000,0.26,0.26,0.26,1.50E-05,1.00E-05,1.00E-05,37793000000,24015000000,19890000000,8578100000,7357600000,7748400000,0.3145,0.4229,0.4323,4.46E-05,8.30E-05,9.92E-05
0,0,0,1,1,1,1,1,0,1,1,1,0,1,0,1,0,1,0,1,0,0,0,0,1,30,0.652116707,0.287803712,1.516129644,15200,0.4,0.00013,0.007,3000,230000,23000,23000,9000,9000,9000,0.26,0.26,0.26,1.50E-05,1.00E-05,1.00E-05,44020000000,25377000000,20163000000,8747700000,6503100000,6639000000,0.3537,0.4454,0.3816,4.51E-05,8.63E-05,0.00012869
1,0,1,1,1,1,1,0,1,0,1,0,0,1,0,1,1,0,1,1,1,1,0,0,1,30,0.536915483,0.212217769,1.262226435,15200,0.4,0.00013,0.007,3000,230000,23000,23000,9000,9000,9000,0.26,0.26,0.26,1.50E-05,1.00E-05,1.00E-05,46748000000,25576000000,20313000000,8767800000,6477200000,6578400000,0.3518,0.4532,0.3759,4.35E-05,8.68E-05,0.00013052
1,1,1,1,0,0,0,1,1,0,1,0,0,1,1,0,1,0,1,0,1,1,0,0,0,30,0.843997568,0.294462537,2.0814001,15200,0.4,0.00013,0.007,3000,230000,23000,23000,9000,9000,9000,0.26,0.26,0.26,1.50E-05,1.00E-05,1.00E-05,45877000000,25706000000,20378000000,8786000000,6402800000,6514200000,0.3496,0.4505,0.3766,4.48E-05,8.66E-05,0.00013265
1,1,1,0,0,1,0,0,0,1,1,1,0,1,1,1,0,0,0,0,0,1,1,1,1,30,0.901476916,0.323054711,2.251573429,15200,0.4,0.00013,0.007,3000,230000,23000,23000,9000,9000,9000,0.26,0.26,0.26,1.50E-05,1.00E-05,1.00E-05,45028000000,25671000000,20339000000,8781100000,6385400000,6522000000,0.3501,0.4473,0.3804,4.52E-05,8.65E-05,0.00013255
0,1,0,1,0,1,1,0,1,0,1,0,1,1,1,1,0,1,0,1,1,1,0,0,0,30,0.596039121,0.121386492,1.269899778,15200,0.4,0.00013,0.007,3000,230000,23000,23000,9000,9000,9000,0.26,0.26,0.26,1.50E-05,1.00E-05,1.00E-05,56959000000,27638000000,21320000000,9496900000,6580600000,6638700000,0.343,0.4425,0.3571,3.69E-05,7.66E-05,0.00012712
1,1,1,0,0,1,0,1,0,0,1,0,0,0,1,0,1,1,1,0,0,0,1,0,0,30,0.989403836,0.309664823,2.392669249,15200,0.4,0.00013,0.007,3000,230000,23000,23000,9000,9000,9000,0.26,0.26,0.26,1.50E-05,1.00E-05,1.00E-05,46781000000,25817000000,20472000000,8823500000,6393900000,6470500000,0.3508,0.4516,0.3721,4.41E-05,8.63E-05,0.00013318
0,0,0,1,1,1,1,1,0,1,0,0,0,0,1,0,1,1,0,1,1,0,1,0,0,30,0.305099518,0.188061408,0.653133626,15200,0.4,0.00013,0.007,3000,230000,23000,23000,9000,9000,9000,0.26,0.26,0.26,1.50E-05,1.00E-05,1.00E-05,43781000000,25755000000,20060000000,9067300000,6910900000,7243400000,0.3346,0.43,0.4129,4.17E-05,7.89E-05,0.00011547
1,0,1,0,0,0,1,0,1,1,1,0,0,1,0,1,1,1,0,0,0,0,0,0,1,30,0.49448509,0.237319714,1.102982393,15200,0.4,0.00013,0.007,3000,230000,23000,23000,9000,9000,9000,0.26,0.26,0.26,1.50E-05,1.00E-05,1.00E-05,45802000000,25798000000,20293000000,9028900000,6719500000,6937300000,0.35,0.4356,0.393,4.18E-05,8.05E-05,0.0001226
1,0,1,1,1,1,0,1,0,1,1,1,1,1,0,0,1,1,1,0,0,1,1,0,1,30,0.611513629,0.189989269,1.248517016,15200,0.4,0.00013,0.007,3000,230000,23000,23000,9000,9000,9000,0.26,0.26,0.26,1.50E-05,1.00E-05,1.00E-05,56477000000,27415000000,21125000000,9469500000,6729200000,6816800000,0.345,0.4401,0.3628,3.64E-05,7.59E-05,0.00012182
1,1,1,1,1,1,1,0,1,1,1,1,1,1,0,1,0,0,0,1,0,0,0,1,1,30,0.22971088,0.265229476,0.528102571,15200,0.4,0.00013,0.007,3000,230000,23000,23000,9000,9000,9000,0.26,0.26,0.26,1.50E-05,1.00E-05,1.00E-05,34318000000,24159000000,19385000000,8509600000,6869400000,7236500000,0.3328,0.4222,0.4196,5.13E-05,8.70E-05,0.0001134
0,0,0,1,0,0,0,0,1,1,1,1,0,1,0,1,0,0,1,1,1,0,1,0,0,30,0.980182403,0.173549385,2.42589767,15200,0.4,0.00013,0.007,3000,230000,23000,23000,9000,9000,9000,0.26,0.26,0.26,1.50E-05,1.00E-05,1.00E-05,48937000000,26227000000,20773000000,8940000000,6318400000,6374900000,0.3504,0.453,0.3652,4.28E-05,8.55E-05,0.00013669
1,1,1,0,0,1,0,0,1,0,1,1,0,0,0,1,1,1,0,0,0,1,1,0,1,30,0.478335263,0.271899432,1.047128058,15200,0.4,0.00013,0.007,3000,230000,23000,23000,9000,9000,9000,0.26,0.26,0.26,1.50E-05,1.00E-05,1.00E-05,48765000000,25879000000,20338000000,9034900000,6827200000,6961600000,0.3425,0.4459,0.3865,4.04E-05,8.04E-05,0.00012015
0,0,1,1,0,0,1,1,1,0,1,0,0,1,0,1,0,0,1,1,1,1,1,0,0,30,0.983797392,0.124341842,2.417520501,15200,0.4,0.00013,0.007,3000,230000,23000,23000,9000,9000,9000,0.26,0.26,0.26,1.50E-05,1.00E-05,1.00E-05,49314000000,26433000000,20889000000,9011900000,6301300000,6354500000,0.3503,0.4516,0.363,4.26E-05,8.47E-05,0.00013761
0,1,0,1,1,0,1,1,1,0,1,1,1,0,0,0,0,0,0,1,1,1,1,1,1,30,0.670913264,0.247079011,1.547690084,15200,0.4,0.00013,0.007,3000,230000,23000,23000,9000,9000,9000,0.26,0.26,0.26,1.50E-05,1.00E-05,1.00E-05,46274000000,25936000000,20426000000,8888300000,6456500000,6584700000,0.3484,0.4466,0.3785,4.39E-05,8.50E-05,0.00013026
0,0,0,1,0,1,1,0,1,1,0,0,0,1,0,1,0,0,0,0,1,0,1,0,1,30,0.707219707,0.327667784,1.728983768,15200,0.4,0.00013,0.007,3000,230000,23000,23000,9000,9000,9000,0.26,0.26,0.26,1.50E-05,1.00E-05,1.00E-05,43375000000,25248000000,20065000000,8676400000,6478600000,6649600000,0.349,0.4474,0.3875,4.57E-05,8.74E-05,0.00012949
1,0,1,1,0,1,1,0,1,0,1,1,1,0,1,1,1,1,0,1,1,0,0,0,0,30,0.838672585,0.311645873,1.756241553,15200,0.4,0.00013,0.007,3000,230000,23000,23000,9000,9000,9000,0.26,0.26,0.26,1.50E-05,1.00E-05,1.00E-05,53437000000,26970000000,20887000000,9334700000,6724500000,6844500000,0.3434,0.4416,0.3699,3.79E-05,7.74E-05,0.00012201
0,0,0,1,0,1,0,1,0,1,0,1,0,1,0,1,1,0,0,0,1,1,1,0,0,30,0.472714007,0.182590231,1.016925493,15200,0.4,0.00013,0.007,3000,230000,23000,23000,9000,9000,9000,0.26,0.26,0.26,1.50E-05,1.00E-05,1.00E-05,50275000000,26741000000,20747000000,9279900000,6694300000,6866100000,0.3468,0.4358,0.3789,3.92E-05,7.80E-05,0.00012295
0,0,0,0,1,1,0,0,0,1,1,0,1,0,1,0,1,1,0,0,1,0,1,1,0,30,0.529004241,0.399044086,1.071526219,15200,0.4,0.00013,0.007,3000,230000,23000,23000,9000,9000,9000,0.26,0.26,0.26,1.50E-05,1.00E-05,1.00E-05,44597000000,25407000000,19989000000,9020000000,7183400000,7485000000,0.3323,0.4325,0.4182,4.02E-05,7.84E-05,0.00010877
1,0,1,0,1,0,1,1,1,0,0,0,0,1,0,1,0,1,1,0,1,1,0,1,1,30,0.211894631,0.390313403,0.50614895,15200,0.4,0.00013,0.007,3000,230000,23000,23000,9000,9000,9000,0.26,0.26,0.26,1.50E-05,1.00E-05,1.00E-05,27622000000,21484000000,19528000000,7703100000,7571100000,7867300000,0.3075,0.4073,0.4321,6.13E-05,9.50E-05,8.85E-05
0,0,0,1,1,0,0,0,1,1,1,0,0,1,0,1,0,0,1,1,0,1,1,1,1,30,0.427043921,0.183834565,0.861900267,15200,0.4,0.00013,0.007,3000,230000,23000,23000,9000,9000,9000,0.26,0.26,0.26,1.50E-05,1.00E-05,1.00E-05,54554000000,27206000000,20921000000,9401000000,6786000000,6906300000,0.3395,0.4393,0.3716,3.72E-05,7.63E-05,0.00011894
1,0,0,1,1,1,0,0,0,0,0,1,1,1,0,1,1,1,1,1,1,1,1,1,1,30,0.500009452,0.204360447,1.243429613,15200,0.4,0.00013,0.007,3000,230000,23000,23000,9000,9000,9000,0.26,0.26,0.26,1.50E-05,1.00E-05,1.00E-05,45717000000,25678000000,20356000000,8758100000,6388100000,6500900000,0.3509,0.4499,0.376,4.50E-05,8.70E-05,0.00013226
1,1,1,0,1,0,1,0,0,0,1,1,1,1,1,0,0,1,1,1,1,1,1,0,1,30,0.264190018,0.382200246,0.597370029,15200,0.4,0.00013,0.007,3000,230000,23000,23000,9000,9000,9000,0.26,0.26,0.26,1.50E-05,1.00E-05,1.00E-05,36336000000,23956000000,19792000000,8426000000,7184400000,7548900000,0.3161,0.4246,0.4214,4.83E-05,8.69E-05,0.00010332
1,1,0,1,1,1,0,1,0,1,1,1,0,1,1,0,1,0,0,1,1,0,0,1,0,30,0.454304404,0.346521198,1.063407936,15200,0.4,0.00013,0.007,3000,230000,23000,23000,9000,9000,9000,0.26,0.26,0.26,1.50E-05,1.00E-05,1.00E-05,39686000000,23814000000,19353000000,8381800000,6815200000,7002300000,0.3492,0.4501,0.4075,4.67E-05,8.95E-05,0.00012018
1,0,1,0,1,1,1,0,1,1,0,0,1,1,1,0,1,1,0,1,0,0,1,1,0,30,0.674867901,0.390882415,1.530543741,15200,0.4,0.00013,0.007,3000,230000,23000,23000,9000,9000,9000,0.26,0.26,0.26,1.50E-05,1.00E-05,1.00E-05,43815000000,25218000000,20009000000,8837600000,6753100000,6942900000,0.3503,0.44,0.3965,4.33E-05,8.30E-05,0.00012228
0,0,1,1,0,1,1,1,0,1,1,1,0,0,0,0,0,0,1,1,1,1,1,0,0,30,0.712555968,0.197288889,1.510801526,15200,0.4,0.00013,0.007,3000,230000,23000,23000,9000,9000,9000,0.26,0.26,0.26,1.50E-05,1.00E-05,1.00E-05,53703000000,27496000000,21100000000,9463900000,6608100000,6761000000,0.3416,0.436,0.3725,3.80E-05,7.67E-05,0.00012497
1,0,1,0,0,1,0,1,0,1,1,0,1,1,1,0,1,1,0,1,0,0,0,0,1,30,0.629311537,0.105915003,1.46207647,15200,0.4,0.00013,0.007,3000,230000,23000,23000,9000,9000,9000,0.26,0.26,0.26,1.50E-05,1.00E-05,1.00E-05,49599000000,26396000000,20834000000,9005300000,6351500000,6396500000,0.3504,0.452,0.3624,4.23E-05,8.46E-05,0.00013523
1,1,1,1,1,1,0,1,0,1,0,1,1,0,0,1,0,1,0,1,1,0,0,0,0,30,0.596239339,0.183152382,1.193398492,15200,0.4,0.00013,0.007,3000,230000,23000,23000,9000,9000,9000,0.26,0.26,0.26,1.50E-05,1.00E-05,1.00E-05,54611000000,27619000000,21101000000,9523400000,6710000000,6860400000,0.3393,0.4337,0.3726,3.71E-05,7.53E-05,0.00012078
1,0,0,1,1,1,0,0,1,1,0,1,1,0,1,1,0,0,1,1,1,1,1,0,0,30,0.395154185,0.346780712,0.98383693,15200,0.4,0.00013,0.007,3000,230000,23000,23000,9000,9000,9000,0.26,0.26,0.26,1.50E-05,1.00E-05,1.00E-05,35971000000,23987000000,19186000000,8417500000,6754400000,7099400000,0.3413,0.4349,0.4226,5.00E-05,8.92E-05,0.00011996
0,0,1,0,1,1,1,0,0,0,1,1,1,0,1,1,1,1,1,0,1,1,0,1,1,30,0.318489151,0.246532747,0.652461569,15200,0.4,0.00013,0.007,3000,230000,23000,23000,9000,9000,9000,0.26,0.26,0.26,1.50E-05,1.00E-05,1.00E-05,41129000000,25280000000,19818000000,9050800000,7141100000,7586100000,0.3333,0.4222,0.4291,4.14E-05,7.77E-05,0.00010785
1,0,0,1,0,0,0,0,1,0,0,1,1,0,0,1,0,1,0,0,0,0,0,0,0,30,0.654826154,0.152006808,1.338007309,15200,0.4,0.00013,0.007,3000,230000,23000,23000,9000,9000,9000,0.26,0.26,0.26,1.50E-05,1.00E-05,1.00E-05,58590000000,27925000000,21386000000,9589100000,6634400000,6702100000,0.3419,0.4396,0.356,3.58E-05,7.53E-05,0.00012404
1,1,1,1,1,0,1,1,1,1,0,0,0,1,1,0,0,0,0,1,1,1,1,1,0,30,0.769398001,0.16532985,1.863613341,15200,0.4,0.00013,0.007,3000,230000,23000,23000,9000,9000,9000,0.26,0.26,0.26,1.50E-05,1.00E-05,1.00E-05,48241000000,26232000000,20728000000,8944800000,6332400000,6397700000,0.3508,0.4507,0.3659,4.34E-05,8.52E-05,0.00013534
1,0,1,1,1,0,0,1,0,1,0,1,0,1,1,1,0,0,0,0,1,1,1,1,1,30,0.473246454,0.135227412,1.15749056,15200,0.4,0.00013,0.007,3000,230000,23000,23000,9000,9000,9000,0.26,0.26,0.26,1.50E-05,1.00E-05,1.00E-05,46544000000,25857000000,20510000000,8836500000,6364000000,6450100000,0.3513,0.4498,0.3723,4.44E-05,8.61E-05,0.00013384
1,0,0,0,0,0,1,0,1,1,0,0,1,1,0,1,0,1,0,1,0,0,1,0,1,30,0.819837548,0.144153184,1.762991777,15200,0.4,0.00013,0.007,3000,230000,23000,23000,9000,9000,9000,0.26,0.26,0.26,1.50E-05,1.00E-05,1.00E-05,56431000000,27687000000,21350000000,9509300000,6541000000,6603300000,0.3436,0.4418,0.3575,3.72E-05,7.68E-05,0.00012848
0,0,1,0,0,1,0,0,1,1,1,1,1,0,0,0,1,1,1,1,1,1,1,1,0,30,0.546531935,0.132457839,1.354940899,15200,0.4,0.00013,0.007,3000,230000,23000,23000,9000,9000,9000,0.26,0.26,0.26,1.50E-05,1.00E-05,1.00E-05,47257000000,26045000000,20618000000,8890300000,6341600000,6425400000,0.3504,0.45,0.3704,4.39E-05,8.57E-05,0.000135
1,1,1,0,1,1,0,1,0,1,0,1,0,1,0,0,0,0,0,1,1,0,1,0,0,30,0.724705116,0.138510874,1.757305571,15200,0.4,0.00013,0.007,3000,230000,23000,23000,9000,9000,9000,0.26,0.26,0.26,1.50E-05,1.00E-05,1.00E-05,48214000000,26150000000,20721000000,8932900000,6339200000,6399100000,0.3521,0.4511,0.3659,4.33E-05,8.53E-05,0.00013575
0,1,0,1,0,1,1,1,1,0,0,1,1,1,1,1,1,1,0,1,0,1,0,0,0,30,0.521935463,0.310204937,1.04733309,15200,0.4,0.00013,0.007,3000,230000,23000,23000,9000,9000,9000,0.26,0.26,0.26,1.50E-05,1.00E-05,1.00E-05,50161000000,26205000000,20426000000,9153900000,6993500000,7181300000,0.3355,0.439,0.3945,3.83E-05,7.78E-05,0.00011368
0,0,0,1,1,0,1,0,1,0,0,0,1,0,0,0,0,1,0,1,1,1,1,1,0,30,0.318871355,0.112061376,0.653561532,15200,0.4,0.00013,0.007,3000,230000,23000,23000,9000,9000,9000,0.26,0.26,0.26,1.50E-05,1.00E-05,1.00E-05,52968000000,27170000000,20939000000,9424900000,6743000000,6915000000,0.3455,0.4337,0.3749,3.77E-05,7.59E-05,0.00012055
0,1,0,0,1,0,0,1,0,0,1,0,0,1,0,0,0,1,0,0,0,0,1,0,0,30,0.847097277,0.284517312,1.850772069,15200,0.4,0.00013,0.007,3000,230000,23000,23000,9000,9000,9000,0.26,0.26,0.26,1.50E-05,1.00E-05,1.00E-05,52709000000,26840000000,20896000000,9275400000,6625500000,6721900000,0.3488,0.4424,0.3686,3.88E-05,7.87E-05,0.00012565
0,0,1,1,0,1,1,1,0,1,0,0,1,0,1,1,0,0,0,1,1,1,0,0,1,30,0.235533314,0.316887844,0.481318484,15200,0.4,0.00013,0.007,3000,230000,23000,23000,9000,9000,9000,0.26,0.26,0.26,1.50E-05,1.00E-05,1.00E-05,32548000000,23717000000,19802000000,8651700000,7694600000,8233700000,0.3011,0.4043,0.4416,4.87E-05,7.97E-05,8.96E-05
0,1,1,0,1,0,0,1,0,0,1,0,1,0,0,0,0,0,0,0,1,1,1,0,1,30,0.211632698,0.3692868,0.480075385,15200,0.4,0.00013,0.007,3000,230000,23000,23000,9000,9000,9000,0.26,0.26,0.26,1.50E-05,1.00E-05,1.00E-05,35166000000,22849000000,20233000000,8081500000,7436300000,7652400000,0.313,0.424,0.4069,5.10E-05,9.04E-05,9.60E-05
0,0,0,0,1,1,0,0,0,1,0,1,1,0,0,1,1,1,1,1,0,0,1,0,1,30,0.816963505,0.260629718,1.744270811,15200,0.4,0.00013,0.007,3000,230000,23000,23000,9000,9000,9000,0.26,0.26,0.26,1.50E-05,1.00E-05,1.00E-05,54151000000,27317000000,21051000000,9402700000,6637400000,6750700000,0.3427,0.4393,0.3677,3.79E-05,7.72E-05,0.00012406
0,1,1,0,1,1,0,0,0,0,1,1,1,0,1,1,0,1,0,1,0,0,1,0,1,30,0.376725378,0.338383698,0.778209152,15200,0.4,0.00013,0.007,3000,230000,23000,23000,9000,9000,9000,0.26,0.26,0.26,1.50E-05,1.00E-05,1.00E-05,46109000000,24161000000,19820000000,8629700000,7368600000,7412400000,0.3245,0.4549,0.4075,4.05E-05,8.19E-05,0.00010577
1,0,0,1,1,0,0,0,1,1,1,0,1,0,0,1,1,1,0,0,0,1,1,0,0,30,0.698837255,0.385542304,1.692394709,15200,0.4,0.00013,0.007,3000,230000,23000,23000,9000,9000,9000,0.26,0.26,0.26,1.50E-05,1.00E-05,1.00E-05,42095000000,25021000000,19929000000,8641100000,6544400000,6731600000,0.3516,0.4452,0.3891,4.67E-05,8.74E-05,0.0001278
0,0,1,1,1,0,1,0,1,1,0,0,0,0,0,1,0,0,1,0,0,0,0,0,0,30,0.548150358,0.326346741,1.297981367,15200,0.4,0.00013,0.007,3000,230000,23000,23000,9000,9000,9000,0.26,0.26,0.26,1.50E-05,1.00E-05,1.00E-05,42917000000,25185000000,19962000000,8656200000,6543900000,6738100000,0.347,0.4458,0.393,4.56E-05,8.76E-05,0.00012631
0,0,0,1,0,0,0,1,0,1,0,1,1,1,1,1,0,1,0,0,1,1,0,0,1,30,0.757584002,0.11827748,1.787319113,15200,0.4,0.00013,0.007,3000,230000,23000,23000,9000,9000,9000,0.26,0.26,0.26,1.50E-05,1.00E-05,1.00E-05,48872000000,26382000000,20829000000,9003900000,6334300000,6393200000,0.3504,0.4499,0.3645,4.28E-05,8.45E-05,0.00013575
0,1,1,1,1,0,1,1,1,1,0,0,1,1,1,1,0,1,0,1,1,0,0,1,1,30,0.266583865,0.305531448,0.538473923,15200,0.4,0.00013,0.007,3000,230000,23000,23000,9000,9000,9000,0.26,0.26,0.26,1.50E-05,1.00E-05,1.00E-05,43146000000,24403000000,19977000000,8757100000,7480400000,7632700000,0.3164,0.4423,0.4179,4.10E-05,8.07E-05,0.00010039
1,1,0,1,1,0,0,0,1,0,1,0,0,1,0,0,1,0,1,1,0,0,0,1,1,30,0.475573444,0.222784666,0.967130203,15200,0.4,0.00013,0.007,3000,230000,23000,23000,9000,9000,9000,0.26,0.26,0.26,1.50E-05,1.00E-05,1.00E-05,53515000000,26777000000,20737000000,9289000000,6848400000,6972300000,0.3364,0.4428,0.3788,3.75E-05,7.72E-05,0.00011774
0,1,0,1,0,0,1,0,0,1,0,0,1,0,0,1,0,0,1,0,1,1,0,0,0,30,0.279667229,0.172299121,0.560743963,15200,0.4,0.00013,0.007,3000,230000,23000,23000,9000,9000,9000,0.26,0.26,0.26,1.50E-05,1.00E-05,1.00E-05,50856000000,25873000000,20312000000,9108100000,7086900000,7245300000,0.3368,0.4468,0.3942,3.76E-05,7.82E-05,0.00011274
1,1,1,1,0,1,0,1,0,0,0,1,1,0,1,1,1,1,0,1,0,1,0,1,1,30,0.398026098,0.160782731,0.942870243,15200,0.4,0.00013,0.007,3000,230000,23000,23000,9000,9000,9000,0.26,0.26,0.26,1.50E-05,1.00E-05,1.00E-05,45468000000,25371000000,20232000000,8727900000,6491800000,6590200000,0.3532,0.4509,0.3774,4.43E-05,8.68E-05,0.00013007
1,0,1,0,1,0,1,0,0,0,1,0,0,1,1,1,1,1,1,0,0,1,1,1,1,30,0.373626395,0.332546869,0.82352676,15200,0.4,0.00013,0.007,3000,230000,23000,23000,9000,9000,9000,0.26,0.26,0.26,1.50E-05,1.00E-05,1.00E-05,37404000000,24503000000,19471000000,8762900000,7096000000,7528000000,0.3323,0.4207,0.4371,4.55E-05,8.16E-05,0.00010942
0,1,0,0,0,0,1,1,0,1,0,0,0,0,1,0,1,0,1,1,1,1,0,1,0,30,0.933098336,0.195006291,1.935444392,15200,0.4,0.00013,0.007,3000,230000,23000,23000,9000,9000,9000,0.26,0.26,0.26,1.50E-05,1.00E-05,1.00E-05,57447000000,27744000000,21346000000,9542700000,6613700000,6661600000,0.3426,0.4409,0.3562,3.65E-05,7.58E-05,0.00012554
1,1,0,1,0,1,1,0,0,1,1,1,0,0,1,0,1,0,1,0,1,1,0,1,0,30,0.811552016,0.26359458,2.021529585,15200,0.4,0.00013,0.007,3000,230000,23000,23000,9000,9000,9000,0.26,0.26,0.26,1.50E-05,1.00E-05,1.00E-05,48631000000,25631000000,20473000000,8747100000,6402500000,6416300000,0.3509,0.4605,0.366,4.32E-05,8.75E-05,0.0001341
1,1,1,1,1,1,0,0,0,1,1,0,0,0,1,1,0,1,1,0,0,0,1,0,1,30,0.392771014,0.229194447,0.959344129,15200,0.4,0.00013,0.007,3000,230000,23000,23000,9000,9000,9000,0.26,0.26,0.26,1.50E-05,1.00E-05,1.00E-05,42190000000,24859000000,19846000000,8577200000,6555100000,6716500000,0.3502,0.4468,0.3944,4.63E-05,8.83E-05,0.00012716
1,1,0,0,0,0,1,0,0,0,1,1,1,1,0,1,0,1,0,1,1,1,0,0,0,30,0.847394785,0.242350852,1.880990343,15200,0.4,0.00013,0.007,3000,230000,23000,23000,9000,9000,9000,0.26,0.26,0.26,1.50E-05,1.00E-05,1.00E-05,53922000000,27061000000,21026000000,9295900000,6551400000,6622900000,0.3456,0.4455,0.364,3.86E-05,7.93E-05,0.000128
1,0,0,0,0,0,1,0,1,0,0,1,0,0,1,1,1,0,0,0,0,0,0,1,1,30,0.612181605,0.159229025,1.398481464,15200,0.4,0.00013,0.007,3000,230000,23000,23000,9000,9000,9000,0.26,0.26,0.26,1.50E-05,1.00E-05,1.00E-05,49894000000,26652000000,20837000000,9153200000,6457500000,6543600000,0.3474,0.4456,0.3693,4.15E-05,8.16E-05,0.00013158
0,0,0,1,1,1,0,0,0,1,1,0,1,0,0,1,0,1,0,1,1,0,0,1,0,30,0.512984734,0.102425612,1.149405225,15200,0.4,0.00013,0.007,3000,230000,23000,23000,9000,9000,9000,0.26,0.26,0.26,1.50E-05,1.00E-05,1.00E-05,53841000000,27208000000,21148000000,9340200000,6487900000,6543600000,0.3461,0.4455,0.3606,3.91E-05,7.93E-05,0.00013076
0,1,1,1,1,0,1,1,0,0,0,0,1,0,1,0,1,0,1,0,1,1,1,0,0,30,0.531990234,0.188510637,1.207112853,15200,0.4,0.00013,0.007,3000,230000,23000,23000,9000,9000,9000,0.26,0.26,0.26,1.50E-05,1.00E-05,1.00E-05,49140000000,26344000000,20666000000,9094000000,6544000000,6646200000,0.3501,0.4438,0.3736,4.14E-05,8.14E-05,0.00012837
1,0,0,1,1,1,1,1,0,0,0,1,0,0,1,1,1,0,0,0,0,0,1,0,1,30,0.351539088,0.153384512,0.860140034,15200,0.4,0.00013,0.007,3000,230000,23000,23000,9000,9000,9000,0.26,0.26,0.26,1.50E-05,1.00E-05,1.00E-05,43617000000,25267000000,20110000000,8698900000,6473200000,6636300000,0.3524,0.4466,0.3854,4.54E-05,8.71E-05,0.00013013
1,0,1,1,1,0,0,1,0,0,1,0,0,0,1,0,1,0,0,0,0,1,0,0,0,30,0.549018998,0.166124078,1.309708937,15200,0.4,0.00013,0.007,3000,230000,23000,23000,9000,9000,9000,0.26,0.26,0.26,1.50E-05,1.00E-05,1.00E-05,46526000000,25968000000,20505000000,8872500000,6394200000,6507900000,0.3497,0.4482,0.374,4.41E-05,8.56E-05,0.00013242
0,1,0,0,1,1,1,1,0,1,0,0,1,1,0,0,1,1,0,1,1,0,1,1,0,30,0.638054413,0.193493104,1.31759361,15200,0.4,0.00013,0.007,3000,230000,23000,23000,9000,9000,9000,0.26,0.26,0.26,1.50E-05,1.00E-05,1.00E-05,53135000000,27195000000,20990000000,9436300000,6700700000,6868000000,0.3476,0.434,0.3739,3.75E-05,7.61E-05,0.00012244
1,1,0,0,0,1,0,0,1,1,1,0,1,0,0,0,1,0,1,1,0,0,1,1,0,30,0.382119814,0.175893745,0.904294953,15200,0.4,0.00013,0.007,3000,230000,23000,23000,9000,9000,9000,0.26,0.26,0.26,1.50E-05,1.00E-05,1.00E-05,42860000000,25240000000,20033000000,8719400000,6525000000,6720300000,0.352,0.4434,0.3901,4.56E-05,8.66E-05,0.00012835
1,0,1,0,0,0,1,1,1,0,1,0,1,1,0,0,1,0,0,0,1,1,0,0,0,30,0.78004594,0.129940285,1.702427601,15200,0.4,0.00013,0.007,3000,230000,23000,23000,9000,9000,9000,0.26,0.26,0.26,1.50E-05,1.00E-05,1.00E-05,56350000000,27654000000,21364000000,9491900000,6505200000,6557800000,0.3454,0.4429,0.356,3.74E-05,7.74E-05,0.00012989
1,0,0,0,0,1,1,0,0,1,1,1,0,0,0,0,0,0,1,1,1,0,0,0,1,30,0.248980793,0.399357921,0.57953809,15200,0.4,0.00013,0.007,3000,230000,23000,23000,9000,9000,9000,0.26,0.26,0.26,1.50E-05,1.00E-05,1.00E-05,35656000000,23014000000,19481000000,8128300000,7182200000,7432500000,0.3224,0.4443,0.4128,5.09E-05,9.29E-05,0.00010574
1,1,0,0,1,0,0,0,0,1,0,0,1,1,0,0,0,0,0,1,0,1,1,0,0,30,0.618480716,0.362694464,1.543095849,15200,0.4,0.00013,0.007,3000,230000,23000,23000,9000,9000,9000,0.26,0.26,0.26,1.50E-05,1.00E-05,1.00E-05,41706000000,24996000000,19861000000,8603500000,6517700000,6736900000,0.3467,0.4454,0.3962,4.67E-05,8.82E-05,0.00012796
0,1,1,1,1,0,1,0,1,1,1,1,1,1,0,1,0,0,0,0,0,1,0,1,0,30,0.403631314,0.158395909,0.845241102,15200,0.4,0.00013,0.007,3000,230000,23000,23000,9000,9000,9000,0.26,0.26,0.26,1.50E-05,1.00E-05,1.00E-05,52457000000,26889000000,20821000000,9316200000,6739100000,6847700000,0.3427,0.44,0.3739,3.84E-05,7.74E-05,0.00012132
1,1,0,0,0,0,0,1,0,0,1,1,1,0,1,0,0,1,0,0,1,0,1,1,0,30,0.779286189,0.277232828,1.924472698,15200,0.4,0.00013,0.007,3000,230000,23000,23000,9000,9000,9000,0.26,0.26,0.26,1.50E-05,1.00E-05,1.00E-05,45827000000,25640000000,20335000000,8768800000,6407900000,6534500000,0.3498,0.4506,0.3793,4.45E-05,8.68E-05,0.00013235
0,0,0,1,1,0,0,0,1,1,1,1,1,0,0,1,0,0,1,1,1,0,1,1,1,30,0.950725053,0.185664562,2.012508927,15200,0.4,0.00013,0.007,3000,230000,23000,23000,9000,9000,9000,0.26,0.26,0.26,1.50E-05,1.00E-05,1.00E-05,57530000000,27891000000,21399000000,9563600000,6556500000,6622700000,0.3418,0.4406,0.3572,3.66E-05,7.61E-05,0.00012711
1,0,1,0,1,0,0,1,1,1,1,1,0,0,1,1,0,1,0,1,1,1,1,1,0,30,0.803790873,0.167138423,1.699825273,15200,0.4,0.00013,0.007,3000,230000,23000,23000,9000,9000,9000,0.26,0.26,0.26,1.50E-05,1.00E-05,1.00E-05,56514000000,27691000000,21314000000,9520300000,6578600000,6652800000,0.3435,0.4405,0.3594,3.69E-05,7.64E-05,0.00012682
0,0,0,0,0,1,1,1,1,0,1,0,0,0,1,1,0,1,0,0,1,1,0,1,0,30,0.307152448,0.249360939,0.63193357,15200,0.4,0.00013,0.007,3000,230000,23000,23000,9000,9000,9000,0.26,0.26,0.26,1.50E-05,1.00E-05,1.00E-05,39289000000,25458000000,19792000000,9012000000,7104400000,7606100000,0.3177,0.4158,0.4386,4.36E-05,7.83E-05,0.00010656
0,0,0,0,0,0,1,1,0,0,1,0,0,0,1,0,1,0,1,1,1,1,1,0,0,30,0.202338169,0.29610747,0.465535774,15200,0.4,0.00013,0.007,3000,230000,23000,23000,9000,9000,9000,0.26,0.26,0.26,1.50E-05,1.00E-05,1.00E-05,28180000000,23291000000,19252000000,8342200000,7159400000,7825200000,0.3159,0.3941,0.4389,5.80E-05,8.75E-05,9.99E-05
1,0,0,1,1,0,0,1,0,1,1,0,0,0,1,1,0,1,0,0,1,0,0,0,1,30,0.648127144,0.165079849,1.429239497,15200,0.4,0.00013,0.007,3000,230000,23000,23000,9000,9000,9000,0.26,0.26,0.26,1.50E-05,1.00E-05,1.00E-05,54702000000,27202000000,21109000000,9343600000,6551100000,6613200000,0.3441,0.4452,0.3627,3.81E-05,7.87E-05,0.0001283
0,1,1,1,0,1,1,0,1,1,1,1,1,1,1,1,1,1,0,1,1,0,1,0,0,30,0.913269481,0.143584667,2.075900132,15200,0.4,0.00013,0.007,3000,230000,23000,23000,9000,9000,9000,0.26,0.26,0.26,1.50E-05,1.00E-05,1.00E-05,52683000000,27221000000,21174000000,9331500000,6420000000,6473600000,0.3463,0.4451,0.3602,4.01E-05,7.98E-05,0.00013315
0,0,0,1,1,1,0,0,0,1,0,1,0,1,1,0,1,1,0,1,0,1,1,1,0,30,0.868332012,0.165932522,2.107849259,15200,0.4,0.00013,0.007,3000,230000,23000,23000,9000,9000,9000,0.26,0.26,0.26,1.50E-05,1.00E-05,1.00E-05,48347000000,26215000000,20738000000,8944300000,6335100000,6398400000,0.3504,0.4515,0.3661,4.32E-05,8.53E-05,0.00013587
0,0,1,0,0,1,0,0,1,1,0,1,1,0,1,1,0,0,0,0,0,0,1,1,1,30,0.208960623,0.258682202,0.491075227,15200,0.4,0.00013,0.007,3000,230000,23000,23000,9000,9000,9000,0.26,0.26,0.26,1.50E-05,1.00E-05,1.00E-05,30090000000,23174000000,18847000000,8261300000,7049400000,7628600000,0.3178,0.4159,0.4452,5.55E-05,8.95E-05,0.00010559
1,1,1,1,0,1,0,0,1,0,0,1,1,0,1,1,1,1,0,0,0,0,0,0,1,30,0.491926374,0.246579532,1.054974619,15200,0.4,0.00013,0.007,3000,230000,23000,23000,9000,9000,9000,0.26,0.26,0.26,1.50E-05,1.00E-05,1.00E-05,45471000000,26276000000,20345000000,9197100000,6785500000,7099800000,0.34,0.4269,0.4031,4.12E-05,7.78E-05,0.00011885
0,1,1,0,1,0,1,1,0,1,0,1,1,0,1,1,1,1,0,1,0,1,1,1,0,30,0.277800674,0.398284008,0.614919893,15200,0.4,0.00013,0.007,3000,230000,23000,23000,9000,9000,9000,0.26,0.26,0.26,1.50E-05,1.00E-05,1.00E-05,45581000000,22726000000,19972000000,8141400000,7648900000,7441500000,0.3149,0.468,0.398,4.21E-05,8.88E-05,9.95E-05
1,0,0,1,1,1,0,1,1,0,1,1,0,1,0,0,1,1,0,0,1,1,0,1,1,30,0.385465718,0.162999401,0.917210381,15200,0.4,0.00013,0.007,3000,230000,23000,23000,9000,9000,9000,0.26,0.26,0.26,1.50E-05,1.00E-05,1.00E-05,45581000000,25423000000,20229000000,8729500000,6489300000,6591300000,0.3517,0.4518,0.3777,4.43E-05,8.70E-05,0.00012997
0,1,1,0,0,0,0,1,1,0,0,1,0,0,1,1,0,1,0,1,1,1,0,1,1,30,0.277562536,0.255814547,0.640830516,15200,0.4,0.00013,0.007,3000,230000,23000,23000,9000,9000,9000,0.26,0.26,0.26,1.50E-05,1.00E-05,1.00E-05,35196000000,23591000000,19036000000,8387000000,6939200000,7282100000,0.3403,0.4354,0.428,4.99E-05,8.88E-05,0.00011473
0,0,1,1,0,0,1,0,1,1,0,1,1,0,1,0,0,0,1,0,0,1,0,0,1,30,0.586360745,0.205174645,1.300523687,15200,0.4,0.00013,0.007,3000,230000,23000,23000,9000,9000,9000,0.26,0.26,0.26,1.50E-05,1.00E-05,1.00E-05,50626000000,26565000000,20738000000,9201400000,6625900000,6771100000,0.3494,0.4413,0.3762,3.97E-05,7.96E-05,0.00012596
1,0,0,1,1,0,0,0,1,0,1,0,0,1,1,1,0,0,1,1,1,1,0,1,1,30,0.568888235,0.359741919,1.32992909,15200,0.4,0.00013,0.007,3000,230000,23000,23000,9000,9000,9000,0.26,0.26,0.26,1.50E-05,1.00E-05,1.00E-05,46353000000,25086000000,20036000000,8592900000,6591600000,6637800000,0.3461,0.4611,0.3784,4.39E-05,8.89E-05,0.00012683
1,1,0,1,1,0,1,0,0,1,0,1,1,1,0,0,0,1,0,1,1,1,1,0,0,30,0.864810866,0.110412327,2.023337969,15200,0.4,0.00013,0.007,3000,230000,23000,23000,9000,9000,9000,0.26,0.26,0.26,1.50E-05,1.00E-05,1.00E-05,49496000000,26535000000,20912000000,9054100000,6329700000,6384500000,0.3504,0.4498,0.3623,4.25E-05,8.41E-05,0.00013613
0,1,0,0,0,1,1,1,1,1,0,0,0,1,0,1,0,1,0,1,0,1,0,0,1,30,0.779794391,0.240524353,1.87076442,15200,0.4,0.00013,0.007,3000,230000,23000,23000,9000,9000,9000,0.26,0.26,0.26,1.50E-05,1.00E-05,1.00E-05,47345000000,25853000000,20484000000,8833100000,6404800000,6496900000,0.3503,0.4517,0.3735,4.33E-05,8.63E-05,0.00013266
0,1,0,1,0,0,0,1,1,1,0,1,1,1,0,1,1,1,1,0,1,0,0,1,1,30,0.538031154,0.128719439,1.187848274,15200,0.4,0.00013,0.007,3000,230000,23000,23000,9000,9000,9000,0.26,0.26,0.26,1.50E-05,1.00E-05,1.00E-05,54578000000,27290000000,21142000000,9372000000,6538400000,6612000000,0.3451,0.4437,0.3628,3.83E-05,7.84E-05,0.00012853
0,0,1,0,1,0,1,1,1,0,0,1,1,0,1,0,1,0,0,0,1,1,1,1,0,30,0.626089012,0.288767569,1.458320368,15200,0.4,0.00013,0.007,3000,230000,23000,23000,9000,9000,9000,0.26,0.26,0.26,1.50E-05,1.00E-05,1.00E-05,44024000000,25257000000,20094000000,8707500000,6522900000,6667400000,0.3526,0.4464,0.3859,4.50E-05,8.68E-05,0.00012817
1,1,0,1,1,0,0,1,0,0,0,0,0,1,0,1,1,0,0,0,0,1,0,0,0,30,0.637729905,0.36084537,1.587013141,15200,0.4,0.00013,0.007,3000,230000,23000,23000,9000,9000,9000,0.26,0.26,0.26,1.50E-05,1.00E-05,1.00E-05,42038000000,25034000000,19911000000,8612300000,6498500000,6689800000,0.3486,0.4455,0.3924,4.68E-05,8.80E-05,0.0001281
0,1,1,1,1,0,1,1,1,0,1,0,1,1,1,1,0,1,0,1,1,0,0,1,1,30,0.874094928,0.325792101,2.152980494,15200,0.4,0.00013,0.007,3000,230000,23000,23000,9000,9000,9000,0.26,0.26,0.26,1.50E-05,1.00E-05,1.00E-05,46492000000,25621000000,20366000000,8761700000,6421200000,6511200000,0.3511,0.4534,0.3738,4.40E-05,8.71E-05,0.00013262
1,0,0,0,1,0,0,1,1,1,1,1,0,0,0,0,1,0,1,0,0,0,1,0,1,30,0.417300077,0.13913686,0.907119146,15200,0.4,0.00013,0.007,3000,230000,23000,23000,9000,9000,9000,0.26,0.26,0.26,1.50E-05,1.00E-05,1.00E-05,51021000000,26859000000,20837000000,9295100000,6641600000,6791300000,0.346,0.4384,0.3751,3.95E-05,7.83E-05,0.00012506
0,1,1,0,1,1,1,1,1,0,0,0,0,1,0,0,1,1,1,0,1,1,1,0,0,30,0.303756714,0.134701566,0.66679497,15200,0.4,0.00013,0.007,3000,230000,23000,23000,9000,9000,9000,0.26,0.26,0.26,1.50E-05,1.00E-05,1.00E-05,50578000000,26422000000,20632000000,9146600000,6686400000,6809200000,0.3449,0.4433,0.3778,3.98E-05,7.98E-05,0.00012342
1,1,1,0,0,1,0,1,0,0,0,0,1,0,0,1,0,1,1,0,0,1,1,1,1,30,0.927611652,0.261123402,2.012245676,15200,0.4,0.00013,0.007,3000,230000,23000,23000,9000,9000,9000,0.26,0.26,0.26,1.50E-05,1.00E-05,1.00E-05,54384000000,27238000000,21080000000,9368400000,6584400000,6664100000,0.3433,0.4437,0.3636,3.81E-05,7.81E-05,0.00012672
1,0,1,1,0,1,1,1,0,1,0,1,1,0,0,1,1,1,0,0,1,1,0,0,0,30,0.943876404,0.207324935,2.119197616,15200,0.4,0.00013,0.007,3000,230000,23000,23000,9000,9000,9000,0.26,0.26,0.26,1.50E-05,1.00E-05,1.00E-05,53539000000,27159000000,21116000000,9316300000,6482400000,6542400000,0.3461,0.4452,0.3614,3.92E-05,7.95E-05,0.0001305
1,0,0,1,0,1,1,1,1,0,0,1,0,0,1,1,1,1,1,1,0,0,1,0,1,30,0.88930427,0.181322896,1.955808537,15200,0.4,0.00013,0.007,3000,230000,23000,23000,9000,9000,9000,0.26,0.26,0.26,1.50E-05,1.00E-05,1.00E-05,54472000000,27430000000,21210000000,9427500000,6522800000,6604100000,0.3448,0.4416,0.3624,3.83E-05,7.78E-05,0.00012894
0,0,0,1,0,0,0,1,1,0,0,0,1,1,1,1,0,1,0,1,1,1,1,0,1,30,0.975029238,0.197577444,2.114118342,15200,0.4,0.00013,0.007,3000,230000,23000,23000,9000,9000,9000,0.26,0.26,0.26,1.50E-05,1.00E-05,1.00E-05,55790000000,27600000000,21289000000,9473400000,6541600000,6603200000,0.343,0.442,0.3587,3.77E-05,7.72E-05,0.0001281
0,0,1,0,0,0,0,0,1,0,0,0,0,0,1,0,0,0,1,0,1,0,0,1,1,30,0.289203339,0.380622157,0.640846726,15200,0.4,0.00013,0.007,3000,230000,23000,23000,9000,9000,9000,0.26,0.26,0.26,1.50E-05,1.00E-05,1.00E-05,37473000000,23822000000,19794000000,8527400000,7288300000,7664000000,0.3209,0.4299,0.4243,4.63E-05,8.46E-05,0.00010185
0,1,0,0,0,1,1,0,0,0,1,1,1,1,0,1,0,0,0,0,1,0,1,0,1,30,0.878287454,0.185907003,2.020107308,15200,0.4,0.00013,0.007,3000,230000,23000,23000,9000,9000,9000,0.26,0.26,0.26,1.50E-05,1.00E-05,1.00E-05,49677000000,26572000000,20854000000,9094600000,6390200000,6453000000,0.3483,0.4488,0.3654,4.19E-05,8.30E-05,0.000134
1,1,1,1,1,0,1,0,0,1,1,1,1,1,0,1,0,1,0,1,0,0,1,0,1,45,0.64019078,0.282947807,1.719914475,15200,0.4,0.00013,0.007,3000,230000,23000,23000,9000,9000,9000,0.26,0.26,0.26,1.50E-05,1.00E-05,1.00E-05,52093000000,21613000000,20150000000,10657000000,6588900000,6848200000,0.4295,0.4371,0.3366,3.61E-05,9.47E-05,0.00011908
1,0,0,1,0,0,0,1,1,0,1,1,1,1,0,0,0,1,1,1,1,0,0,1,0,45,0.519880585,0.362444104,1.257254166,15200,0.4,0.00013,0.007,3000,230000,23000,23000,9000,9000,9000,0.26,0.26,0.26,1.50E-05,1.00E-05,1.00E-05,52930000000,21762000000,20040000000,10666000000,6898200000,7329100000,0.4104,0.4312,0.362,3.38E-05,9.11E-05,0.00010868
0,0,1,0,1,0,0,0,1,0,1,1,1,1,0,0,0,1,1,1,0,0,0,0,0,45,0.717584867,0.295415909,1.735920161,15200,0.4,0.00013,0.007,3000,230000,23000,23000,9000,9000,9000,0.26,0.26,0.26,1.50E-05,1.00E-05,1.00E-05,55729000000,22199000000,20494000000,11359000000,6698700000,6989700000,0.4291,0.426,0.333,3.33E-05,8.90E-05,0.0001138
1,1,0,0,1,0,1,0,0,0,0,1,0,1,1,1,1,0,1,0,0,0,1,0,1,45,0.269877049,0.399535835,0.626900069,15200,0.4,0.00013,0.007,3000,230000,23000,23000,9000,9000,9000,0.26,0.26,0.26,1.50E-05,1.00E-05,1.00E-05,36044000000,20962000000,20026000000,9257700000,7555900000,8684000000,0.3346,0.3814,0.4539,3.99E-05,8.95E-05,8.40E-05
1,0,0,1,1,1,1,0,0,0,1,1,1,0,1,1,1,0,0,1,1,1,0,0,0,45,0.89958838,0.210953957,2.373441156,15200,0.4,0.00013,0.007,3000,230000,23000,23000,9000,9000,9000,0.26,0.26,0.26,1.50E-05,1.00E-05,1.00E-05,58326000000,22090000000,20642000000,11273000000,6519000000,6622600000,0.4375,0.4399,0.3105,3.36E-05,9.24E-05,0.00012202
1,1,1,1,0,1,1,1,0,0,1,1,1,1,1,0,1,0,0,0,1,1,1,1,0,45,0.64358826,0.17194507,1.439565484,15200,0.4,0.00013,0.007,3000,230000,23000,23000,9000,9000,9000,0.26,0.26,0.26,1.50E-05,1.00E-05,1.00E-05,63041000000,22816000000,20988000000,12165000000,6732700000,6877700000,0.4353,0.4241,0.3046,3.05E-05,8.44E-05,0.00011185
1,0,0,1,1,0,0,0,0,0,0,1,0,1,1,0,1,1,1,1,1,1,0,1,1,45,0.579641517,0.263606695,1.440530729,15200,0.4,0.00013,0.007,3000,230000,23000,23000,9000,9000,9000,0.26,0.26,0.26,1.50E-05,1.00E-05,1.00E-05,56753000000,22072000000,20437000000,11154000000,6692300000,6925000000,0.4318,0.4326,0.3258,3.33E-05,9.06E-05,0.00011441
1,1,1,0,1,0,0,1,1,1,0,0,0,0,1,1,0,0,1,0,1,0,0,0,0,45,0.248878107,0.238184951,0.563919621,15200,0.4,0.00013,0.007,3000,230000,23000,23000,9000,9000,9000,0.26,0.26,0.26,1.50E-05,1.00E-05,1.00E-05,45929000000,21771000000,19872000000,10593000000,7154600000,8002400000,0.3832,0.4065,0.4125,3.42E-05,8.81E-05,9.85E-05
0,0,1,0,0,0,1,1,0,1,1,0,0,1,0,0,0,1,0,0,1,0,0,1,1,45,0.547904707,0.121195728,1.458845185,15200,0.4,0.00013,0.007,3000,230000,23000,23000,9000,9000,9000,0.26,0.26,0.26,1.50E-05,1.00E-05,1.00E-05,55583000000,21943000000,20577000000,11198000000,6496100000,6634600000,0.4395,0.4367,0.315,3.47E-05,9.27E-05,0.00012311
0,0,1,0,1,0,0,1,1,1,1,0,1,0,1,0,1,0,0,1,0,0,1,1,1,45,0.651776034,0.350278103,1.492045034,15200,0.4,0.00013,0.007,3000,230000,23000,23000,9000,9000,9000,0.26,0.26,0.26,1.50E-05,1.00E-05,1.00E-05,57037000000,22128000000,20370000000,11172000000,6914600000,7238200000,0.42,0.4294,0.3391,3.20E-05,8.76E-05,0.0001084
0,0,1,1,0,0,0,0,1,1,1,1,1,1,1,1,1,0,1,0,1,1,0,1,0,45,0.678078026,0.294381163,1.610134759,15200,0.4,0.00013,0.007,3000,230000,23000,23000,9000,9000,9000,0.26,0.26,0.26,1.50E-05,1.00E-05,1.00E-05,58398000000,22278000000,20525000000,11364000000,6754800000,7028400000,0.4274,0.4307,0.3278,3.22E-05,8.88E-05,0.00011245
1,0,1,1,1,0,0,1,0,0,1,1,0,1,1,1,0,1,0,0,1,0,0,0,0,45,0.300512802,0.264090387,0.707998201,15200,0.4,0.00013,0.007,3000,230000,23000,23000,9000,9000,9000,0.26,0.26,0.26,1.50E-05,1.00E-05,1.00E-05,44331000000,21652000000,19762000000,10552000000,7000200000,7793900000,0.39,0.406,0.4051,3.57E-05,8.95E-05,0.00010166
0,0,0,1,0,1,1,0,0,1,1,1,0,0,0,0,1,1,1,0,1,1,1,0,0,45,0.284882568,0.332538704,0.639164635,15200,0.4,0.00013,0.007,3000,230000,23000,23000,9000,9000,9000,0.26,0.26,0.26,1.50E-05,1.00E-05,1.00E-05,40657000000,21738000000,19905000000,10600000000,7265700000,8364600000,0.3715,0.3879,0.4249,3.60E-05,8.72E-05,9.25E-05
1,1,1,1,0,0,0,0,1,1,0,1,0,0,0,1,0,1,1,1,1,0,0,0,0,45,0.305746691,0.164176827,0.803120732,15200,0.4,0.00013,0.007,3000,230000,23000,23000,9000,9000,9000,0.26,0.26,0.26,1.50E-05,1.00E-05,1.00E-05,49183000000,21749000000,20047000000,10814000000,6648100000,7086000000,0.4193,0.4248,0.3591,3.65E-05,9.31E-05,0.00011516
0,0,1,0,0,0,0,0,1,1,1,1,1,1,0,0,0,0,1,0,0,1,0,0,1,45,0.244991138,0.317787683,0.605906223,15200,0.4,0.00013,0.007,3000,230000,23000,23000,9000,9000,9000,0.26,0.26,0.26,1.50E-05,1.00E-05,1.00E-05,37361000000,21186000000,19493000000,9874500000,7199100000,8331200000,0.3586,0.3918,0.4497,3.91E-05,9.23E-05,9.39E-05
1,0,0,0,1,0,1,0,1,1,1,1,0,1,0,1,0,1,1,0,1,1,0,0,1,45,0.842894757,0.15362582,2.167259076,15200,0.4,0.00013,0.007,3000,230000,23000,23000,9000,9000,9000,0.26,0.26,0.26,1.50E-05,1.00E-05,1.00E-05,58906000000,22189000000,20762000000,11445000000,6528100000,6629400000,0.4393,0.4369,0.3075,3.32E-05,9.09E-05,0.00012208
1,1,0,1,0,1,1,1,1,1,0,1,1,1,1,0,1,0,1,1,0,1,0,1,1,45,0.985134825,0.206415503,2.556852572,15200,0.4,0.00013,0.007,3000,230000,23000,23000,9000,9000,9000,0.26,0.26,0.26,1.50E-05,1.00E-05,1.00E-05,59878000000,22188000000,20733000000,11366000000,6538400000,6615900000,0.438,0.4397,0.3061,3.29E-05,9.13E-05,0.00012149
0,0,1,0,0,0,1,0,1,1,1,0,1,1,0,0,0,1,1,1,1,1,1,0,0,45,0.437828992,0.27676727,1.104477537,15200,0.4,0.00013,0.007,3000,230000,23000,23000,9000,9000,9000,0.26,0.26,0.26,1.50E-05,1.00E-05,1.00E-05,48687000000,21587000000,19934000000,10601000000,6783200000,7300000000,0.417,0.4226,0.3684,3.56E-05,9.19E-05,0.00011157
1,1,0,1,1,0,1,0,0,0,0,1,1,1,1,0,0,1,1,0,1,1,0,0,0,45,0.215559127,0.305054237,0.513155038,15200,0.4,0.00013,0.007,3000,230000,23000,23000,9000,9000,9000,0.26,0.26,0.26,1.50E-05,1.00E-05,1.00E-05,38027000000,21292000000,19810000000,9933700000,7277700000,8359300000,0.3589,0.3909,0.4312,3.88E-05,9.10E-05,9.10E-05
0,1,1,0,0,1,0,0,0,0,1,0,1,0,1,0,1,1,0,0,1,1,1,1,1,45,0.323571472,0.304292296,0.858725778,15200,0.4,0.00013,0.007,3000,230000,23000,23000,9000,9000,9000,0.26,0.26,0.26,1.50E-05,1.00E-05,1.00E-05,43409000000,21279000000,19562000000,10126000000,6824300000,7482200000,0.4015,0.418,0.3935,3.84E-05,9.58E-05,0.00010878
1,0,1,1,0,1,1,0,1,1,0,1,0,1,1,1,1,0,1,0,1,0,1,1,1,45,0.801766001,0.358897585,2.098267834,15200,0.4,0.00013,0.007,3000,230000,23000,23000,9000,9000,9000,0.26,0.26,0.26,1.50E-05,1.00E-05,1.00E-05,55697000000,21788000000,20265000000,10757000000,6652700000,6906200000,0.4289,0.4399,0.3321,3.42E-05,9.34E-05,0.00011739
1,0,1,0,1,1,0,0,0,1,0,0,1,0,0,1,1,0,1,1,0,0,1,1,1,45,0.560345324,0.189931617,1.250698692,15200,0.4,0.00013,0.007,3000,230000,23000,23000,9000,9000,9000,0.26,0.26,0.26,1.50E-05,1.00E-05,1.00E-05,59892000000,22605000000,20781000000,11887000000,6784500000,7060700000,0.4312,0.4221,0.3208,3.11E-05,8.50E-05,0.00011085
1,1,1,0,0,0,1,0,0,0,1,0,1,0,1,0,1,0,0,1,0,0,0,1,1,45,0.237874913,0.153227573,0.580989975,15200,0.4,0.00013,0.007,3000,230000,23000,23000,9000,9000,9000,0.26,0.26,0.26,1.50E-05,1.00E-05,1.00E-05,48778000000,21667000000,19936000000,10669000000,6848300000,7399800000,0.4125,0.4201,0.3743,3.49E-05,9.08E-05,0.00010952
1,1,0,0,1,1,1,0,0,0,0,1,0,0,1,1,0,0,0,1,1,0,1,0,1,45,0.942943679,0.382413016,2.35040324,15200,0.4,0.00013,0.007,3000,230000,23000,23000,9000,9000,9000,0.26,0.26,0.26,1.50E-05,1.00E-05,1.00E-05,58517000000,22077000000,20496000000,11149000000,6692600000,6891400000,0.4328,0.4367,0.3201,3.28E-05,9.06E-05,0.00011574
1,0,0,1,1,1,1,0,0,0,0,0,0,1,0,1,1,1,0,1,0,1,1,0,0,45,0.723707786,0.312920828,1.790232001,15200,0.4,0.00013,0.007,3000,230000,23000,23000,9000,9000,9000,0.26,0.26,0.26,1.50E-05,1.00E-05,1.00E-05,53250000000,22051000000,20362000000,11208000000,6710300000,7102700000,0.4266,0.4242,0.3423,3.42E-05,8.98E-05,0.00011415
0,0,1,0,0,0,1,0,0,1,0,0,1,0,0,0,0,0,1,0,1,1,1,0,1,45,0.459225669,0.353610065,1.150129986,15200,0.4,0.00013,0.007,3000,230000,23000,23000,9000,9000,9000,0.26,0.26,0.26,1.50E-05,1.00E-05,1.00E-05,46630000000,21529000000,19777000000,10436000000,6874000000,7535600000,0.4062,0.4177,0.3875,3.58E-05,9.21E-05,0.00010772
0,1,1,0,0,1,0,1,0,0,1,0,1,1,0,0,1,1,0,1,0,1,1,0,0,45,0.423878391,0.362875809,0.944059805,15200,0.4,0.00013,0.007,3000,230000,23000,23000,9000,9000,9000,0.26,0.26,0.26,1.50E-05,1.00E-05,1.00E-05,53134000000,21712000000,20033000000,10540000000,7203600000,7748800000,0.3989,0.427,0.3777,3.24E-05,8.77E-05,0.00010027
1,0,1,1,0,0,0,0,0,0,0,0,0,0,0,0,1,0,1,1,1,1,0,1,1,45,0.731284706,0.281518829,1.85232782,15200,0.4,0.00013,0.007,3000,230000,23000,23000,9000,9000,9000,0.26,0.26,0.26,1.50E-05,1.00E-05,1.00E-05,57024000000,22044000000,20472000000,11123000000,6633200000,6839700000,0.4338,0.435,0.3225,3.35E-05,9.14E-05,0.00011685
0,0,1,1,0,0,1,0,0,1,0,0,1,1,1,0,1,0,0,0,1,1,1,1,1,45,0.819141474,0.225747963,1.911237068,15200,0.4,0.00013,0.007,3000,230000,23000,23000,9000,9000,9000,0.26,0.26,0.26,1.50E-05,1.00E-05,1.00E-05,58718000000,22510000000,20813000000,11840000000,6682300000,6895400000,0.4357,0.4232,0.3166,3.21E-05,8.63E-05,0.00011439
1,1,1,0,1,0,0,1,1,0,0,0,0,1,1,1,1,0,1,0,1,0,0,0,0,45,0.993108322,0.398273776,2.479505067,15200,0.4,0.00013,0.007,3000,230000,23000,23000,9000,9000,9000,0.26,0.26,0.26,1.50E-05,1.00E-05,1.00E-05,55807000000,22090000000,20447000000,11196000000,6675200000,6961000000,0.4291,0.4305,0.3313,3.37E-05,9.03E-05,0.00011543
0,0,1,0,0,0,0,0,1,1,0,1,0,0,1,0,0,0,0,0,1,1,0,0,1,45,0.333025719,0.307027338,0.836611835,15200,0.4,0.00013,0.007,3000,230000,23000,23000,9000,9000,9000,0.26,0.26,0.26,1.50E-05,1.00E-05,1.00E-05,45822000000,21583000000,19786000000,10439000000,6916200000,7623800000,0.3994,0.4155,0.3925,3.62E-05,9.27E-05,0.00010557
1,0,1,1,0,1,1,1,0,1,0,1,0,1,0,1,1,1,1,0,1,1,1,0,0,45,0.948123088,0.357887483,2.274902919,15200,0.4,0.00013,0.007,3000,230000,23000,23000,9000,9000,9000,0.26,0.26,0.26,1.50E-05,1.00E-05,1.00E-05,58304000000,22215000000,20565000000,11341000000,6716200000,6950200000,0.431,0.4313,0.3233,3.24E-05,8.89E-05,0.00011437
1,1,0,1,1,1,1,0,1,1,1,0,0,1,0,1,1,1,0,1,1,1,0,0,1,45,0.398760774,0.340951728,0.982212895,15200,0.4,0.00013,0.007,3000,230000,23000,23000,9000,9000,9000,0.26,0.26,0.26,1.50E-05,1.00E-05,1.00E-05,52052000000,21511000000,19893000000,10283000000,6941800000,7362300000,0.4093,0.4342,0.3661,3.41E-05,9.29E-05,0.0001072
1,1,1,1,0,1,0,1,1,0,1,0,0,0,0,1,0,0,0,1,1,0,0,1,1,45,0.250463021,0.271862544,0.564845294,15200,0.4,0.00013,0.007,3000,230000,23000,23000,9000,9000,9000,0.26,0.26,0.26,1.50E-05,1.00E-05,1.00E-05,48864000000,21669000000,20019000000,10435000000,7228200000,7879600000,0.3869,0.4182,0.3913,3.36E-05,8.90E-05,9.74E-05
1,0,0,0,0,1,1,0,0,1,1,1,0,0,0,0,0,1,1,0,0,1,0,0,0,45,0.750880406,0.191163859,1.790926905,15200,0.4,0.00013,0.007,3000,230000,23000,23000,9000,9000,9000,0.26,0.26,0.26,1.50E-05,1.00E-05,1.00E-05,60443000000,22477000000,20836000000,11781000000,6647800000,6800300000,0.4374,0.4295,0.309,3.19E-05,8.75E-05,0.0001163
1,1,1,1,1,0,0,1,1,0,1,1,1,1,1,1,1,0,0,0,1,1,0,0,1,45,0.275301799,0.364268105,0.6088899,15200,0.4,0.00013,0.007,3000,230000,23000,23000,9000,9000,9000,0.26,0.26,0.26,1.50E-05,1.00E-05,1.00E-05,39447000000,22057000000,20260000000,10830000000,7174500000,8285900000,0.3752,0.3706,0.4195,3.59E-05,8.74E-05,9.11E-05
0,0,1,0,1,0,1,1,0,0,0,0,1,1,1,0,0,1,0,0,1,1,0,0,0,45,0.59826804,0.100476328,1.591304778,15200,0.4,0.00013,0.007,3000,230000,23000,23000,9000,9000,9000,0.26,0.26,0.26,1.50E-05,1.00E-05,1.00E-05,57235000000,22065000000,20697000000,11358000000,6479600000,6569400000,0.4407,0.4381,0.3087,3.41E-05,9.23E-05,0.00012395
1,0,0,0,0,1,1,0,0,1,0,0,0,0,0,1,1,0,1,1,1,0,0,0,0,45,0.528924581,0.150223584,1.421970821,15200,0.4,0.00013,0.007,3000,230000,23000,23000,9000,9000,9000,0.26,0.26,0.26,1.50E-05,1.00E-05,1.00E-05,56075000000,21951000000,20496000000,11093000000,6506100000,6637200000,0.436,0.4395,0.3174,3.47E-05,9.36E-05,0.00012181
0,1,1,0,0,1,1,1,1,0,0,0,0,1,1,0,1,1,0,0,1,1,0,1,1,45,0.961249882,0.109195833,2.3954269,15200,0.4,0.00013,0.007,3000,230000,23000,23000,9000,9000,9000,0.26,0.26,0.26,1.50E-05,1.00E-05,1.00E-05,61137000000,22495000000,20992000000,11908000000,6549800000,6629500000,0.441,0.4325,0.3014,3.20E-05,8.84E-05,0.00012125
0,0,0,0,0,0,1,0,0,1,1,0,1,1,1,0,1,1,0,0,1,0,1,1,1,45,0.790795311,0.125117047,1.823361555,15200,0.4,0.00013,0.007,3000,230000,23000,23000,9000,9000,9000,0.26,0.26,0.26,1.50E-05,1.00E-05,1.00E-05,62146000000,22752000000,21087000000,12233000000,6653700000,6771100000,0.4405,0.4243,0.3007,3.10E-05,8.49E-05,0.0001161
1,1,1,1,1,0,0,0,1,1,1,1,1,1,0,0,1,1,0,1,0,1,1,0,0,45,0.925905978,0.231180687,2.395153361,15200,0.4,0.00013,0.007,3000,230000,23000,23000,9000,9000,9000,0.26,0.26,0.26,1.50E-05,1.00E-05,1.00E-05,57844000000,22162000000,20644000000,11341000000,6548900000,6692300000,0.4357,0.4359,0.316,3.36E-05,9.14E-05,0.00012035
1,0,1,1,1,0,1,0,1,1,0,1,0,1,0,1,0,0,0,0,0,0,0,0,1,45,0.533344865,0.235828896,1.190682685,15200,0.4,0.00013,0.007,3000,230000,23000,23000,9000,9000,9000,0.26,0.26,0.26,1.50E-05,1.00E-05,1.00E-05,57567000000,22350000000,20553000000,11509000000,6857800000,7225700000,0.4278,0.4216,0.3349,3.16E-05,8.58E-05,0.00010894
1,0,0,1,0,1,1,0,1,0,0,0,0,0,1,0,1,1,1,1,0,1,0,0,0,45,0.582476968,0.321651617,1.310253656,15200,0.4,0.00013,0.007,3000,230000,23000,23000,9000,9000,9000,0.26,0.26,0.26,1.50E-05,1.00E-05,1.00E-05,52778000000,22151000000,20291000000,11266000000,6920600000,7416100000,0.4141,0.4166,0.3596,3.29E-05,8.62E-05,0.00010678
1,0,0,0,1,1,1,1,0,1,0,1,1,1,1,1,0,0,0,1,1,1,0,1,0,45,0.979462004,0.189483213,2.547543895,15200,0.4,0.00013,0.007,3000,230000,23000,23000,9000,9000,9000,0.26,0.26,0.26,1.50E-05,1.00E-05,1.00E-05,58525000000,22188000000,20739000000,11436000000,6527400000,6638200000,0.439,0.4364,0.3093,3.33E-05,9.11E-05,0.00012179
1,1,1,0,0,0,0,0,0,0,1,1,0,1,1,1,0,1,1,0,0,0,1,0,1,45,0.814472637,0.245460523,1.984703608,15200,0.4,0.00013,0.007,3000,230000,23000,23000,9000,9000,9000,0.26,0.26,0.26,1.50E-05,1.00E-05,1.00E-05,56985000000,22256000000,20654000000,11511000000,6642200000,6859600000,0.4339,0.4277,0.3211,3.32E-05,8.86E-05,0.0001165
0,0,1,0,0,1,1,0,1,1,1,0,0,1,1,0,1,1,1,1,1,1,0,0,0,45,0.605194602,0.381779922,1.501151926,15200,0.4,0.00013,0.007,3000,230000,23000,23000,9000,9000,9000,0.26,0.26,0.26,1.50E-05,1.00E-05,1.00E-05,48632000000,21757000000,20024000000,10844000000,6778500000,7317600000,0.419,0.4175,0.3653,3.54E-05,9.08E-05,0.00011061
1,1,1,0,1,1,0,1,1,1,0,1,1,0,0,0,1,0,0,0,1,1,0,1,1,45,0.788367438,0.1877841,1.960551471,15200,0.4,0.00013,0.007,3000,230000,23000,23000,9000,9000,9000,0.26,0.26,0.26,1.50E-05,1.00E-05,1.00E-05,59844000000,22347000000,20784000000,11599000000,6600700000,6740700000,0.4377,0.4329,0.3095,3.24E-05,8.91E-05,0.00011842
1,0,1,0,0,1,0,1,1,1,0,1,1,0,1,0,1,0,0,0,0,1,0,0,1,45,0.224199945,0.126918045,0.525236267,15200,0.4,0.00013,0.007,3000,230000,23000,23000,9000,9000,9000,0.26,0.26,0.26,1.50E-05,1.00E-05,1.00E-05,54581000000,21921000000,20207000000,10883000000,6894100000,7357300000,0.4184,0.4272,0.3546,3.28E-05,8.88E-05,0.00010896
1,1,0,1,0,0,0,0,0,0,0,0,0,0,1,0,1,1,1,1,1,0,0,0,1,45,0.728696155,0.263227422,1.7319708,15200,0.4,0.00013,0.007,3000,230000,23000,23000,9000,9000,9000,0.26,0.26,0.26,1.50E-05,1.00E-05,1.00E-05,57265000000,22334000000,20622000000,11564000000,6707800000,6963900000,0.4316,0.4258,0.3252,3.26E-05,8.78E-05,0.00011381
0,0,1,0,0,1,0,0,1,0,1,0,1,0,1,1,0,1,1,0,1,0,1,1,1,45,0.633611316,0.258884562,1.511041442,15200,0.4,0.00013,0.007,3000,230000,23000,23000,9000,9000,9000,0.26,0.26,0.26,1.50E-05,1.00E-05,1.00E-05,57386000000,22159000000,20482000000,11238000000,6751600000,7016200000,0.4269,0.4308,0.3308,3.26E-05,8.89E-05,0.00011336
1,0,1,0,0,1,1,1,1,1,1,1,1,0,1,0,0,1,1,0,0,1,1,0,0,45,0.535174755,0.115577335,1.184426899,15200,0.4,0.00013,0.007,3000,230000,23000,23000,9000,9000,9000,0.26,0.26,0.26,1.50E-05,1.00E-05,1.00E-05,63094000000,22833000000,21067000000,12302000000,6720100000,6862400000,0.4389,0.4229,0.3011,3.04E-05,8.38E-05,0.00011314
0,1,0,0,0,0,0,0,1,1,0,1,0,0,0,1,0,0,0,1,1,0,0,1,0,45,0.812017234,0.24768523,2.028690289,15200,0.4,0.00013,0.007,3000,230000,23000,23000,9000,9000,9000,0.26,0.26,0.26,1.50E-05,1.00E-05,1.00E-05,57768000000,22199000000,20629000000,11390000000,6626400000,6822600000,0.4354,0.432,0.3184,3.31E-05,8.98E-05,0.00011749
1,0,0,0,1,1,0,0,1,0,0,0,1,1,1,0,0,0,1,0,1,0,1,0,0,45,0.369448734,0.185901153,0.983848681,15200,0.4,0.00013,0.007,3000,230000,23000,23000,9000,9000,9000,0.26,0.26,0.26,1.50E-05,1.00E-05,1.00E-05,52580000000,21562000000,20100000000,10566000000,6630600000,6897700000,0.4293,0.4388,0.3376,3.56E-05,9.48E-05,0.00011801
1,0,0,0,0,0,1,1,1,0,0,1,1,1,0,1,1,1,0,0,1,0,1,1,1,45,0.719726979,0.284932796,1.734116559,15200,0.4,0.00013,0.007,3000,230000,23000,23000,9000,9000,9000,0.26,0.26,0.26,1.50E-05,1.00E-05,1.00E-05,57778000000,22302000000,20553000000,11436000000,6713800000,7010500000,0.428,0.4289,0.3298,3.25E-05,8.88E-05,0.00011382
0,0,1,0,0,0,0,1,0,1,0,0,1,0,1,1,1,0,1,1,1,0,0,1,0,45,0.980206176,0.348953947,2.43281584,15200,0.4,0.00013,0.007,3000,230000,23000,23000,9000,9000,9000,0.26,0.26,0.26,1.50E-05,1.00E-05,1.00E-05,58261000000,22084000000,20539000000,11192000000,6673400000,6873900000,0.4339,0.4352,0.3194,3.29E-05,9.02E-05,0.00011653
0,1,0,1,0,0,0,0,0,1,0,0,0,1,1,0,1,1,0,0,1,0,1,0,0,45,0.697953595,0.313184402,1.677475171,15200,0.4,0.00013,0.007,3000,230000,23000,23000,9000,9000,9000,0.26,0.26,0.26,1.50E-05,1.00E-05,1.00E-05,54926000000,22030000000,20401000000,11178000000,6761000000,7092500000,0.4313,0.4263,0.3348,3.33E-05,8.89E-05,0.00011297
1,0,0,1,1,1,1,0,0,1,1,0,1,0,0,1,0,0,1,0,1,1,0,0,1,45,0.854252192,0.328243654,2.038583135,15200,0.4,0.00013,0.007,3000,230000,23000,23000,9000,9000,9000,0.26,0.26,0.26,1.50E-05,1.00E-05,1.00E-05,58351000000,22256000000,20569000000,11419000000,6730900000,7001800000,0.4308,0.4305,0.325,3.22E-05,8.86E-05,0.00011398
0,1,0,0,1,0,1,0,0,1,0,0,0,1,0,1,1,1,1,1,1,0,1,1,1,45,0.969326211,0.382083189,2.576835816,15200,0.4,0.00013,0.007,3000,230000,23000,23000,9000,9000,9000,0.26,0.26,0.26,1.50E-05,1.00E-05,1.00E-05,54180000000,21769000000,20303000000,10840000000,6575900000,6793500000,0.4331,0.438,0.3272,3.51E-05,9.39E-05,0.00011951
0,1,1,0,0,1,0,1,1,1,1,0,1,1,0,0,1,0,1,1,0,0,1,0,1,45,0.837016452,0.393856186,2.09387474,15200,0.4,0.00013,0.007,3000,230000,23000,23000,9000,9000,9000,0.26,0.26,0.26,1.50E-05,1.00E-05,1.00E-05,54219000000,21864000000,20265000000,10929000000,6738300000,7104900000,0.4277,0.431,0.3411,3.39E-05,9.09E-05,0.0001143
0,0,1,1,1,1,1,0,1,0,0,1,0,0,1,1,1,0,0,0,1,0,1,1,1,45,0.690490889,0.123290697,1.772385786,15200,0.4,0.00013,0.007,3000,230000,23000,23000,9000,9000,9000,0.26,0.26,0.26,1.50E-05,1.00E-05,1.00E-05,58928000000,22231000000,20782000000,11508000000,6530800000,6637700000,0.4397,0.4358,0.3078,3.31E-05,9.06E-05,0.00012181
1,1,1,0,0,0,1,0,0,1,0,1,1,1,0,1,0,0,1,0,1,1,1,1,1,45,0.89708598,0.289290941,2.348568513,15200,0.4,0.00013,0.007,3000,230000,23000,23000,9000,9000,9000,0.26,0.26,0.26,1.50E-05,1.00E-05,1.00E-05,56253000000,21981000000,20482000000,11094000000,6573600000,6756600000,0.4336,0.4369,0.3218,3.42E-05,9.23E-05,0.00011969
0,0,0,0,1,1,0,1,1,1,1,0,0,0,1,0,0,1,1,1,0,0,0,1,0,45,0.227822047,0.257345296,0.598560366,15200,0.4,0.00013,0.007,3000,230000,23000,23000,9000,9000,9000,0.26,0.26,0.26,1.50E-05,1.00E-05,1.00E-05,44726000000,21317000000,19577000000,9979600000,6935000000,7631300000,0.3858,0.4239,0.4049,3.73E-05,9.64E-05,0.00010514
0,1,1,1,1,1,0,1,0,0,1,0,1,0,0,0,1,1,0,0,1,0,0,1,1,45,0.412350567,0.187073626,1.080523509,15200,0.4,0.00013,0.007,3000,230000,23000,23000,9000,9000,9000,0.26,0.26,0.26,1.50E-05,1.00E-05,1.00E-05,53165000000,21759000000,20219000000,10806000000,6642200000,6949500000,0.4289,0.4341,0.3381,3.51E-05,9.30E-05,0.00011718
1,1,1,0,0,1,1,0,1,1,0,1,1,1,0,1,0,0,0,0,0,0,1,0,1,45,0.506262973,0.247292876,1.301269844,15200,0.4,0.00013,0.007,3000,230000,23000,23000,9000,9000,9000,0.26,0.26,0.26,1.50E-05,1.00E-05,1.00E-05,52238000000,21790000000,20177000000,10841000000,6676100000,7039500000,0.4249,0.4305,0.3462,3.51E-05,9.25E-05,0.00011573
1,1,1,1,1,1,0,1,1,1,0,0,0,1,0,1,1,0,1,0,1,1,1,1,1,45,0.631997184,0.121216669,1.697465376,15200,0.4,0.00013,0.007,3000,230000,23000,23000,9000,9000,9000,0.26,0.26,0.26,1.50E-05,1.00E-05,1.00E-05,57955000000,22070000000,20668000000,11285000000,6483000000,6560400000,0.4395,0.4405,0.3078,3.39E-05,9.29E-05,0.0001234
1,1,1,1,1,1,0,0,0,0,1,0,1,1,1,0,1,1,1,1,1,0,1,0,0,45,0.537722536,0.186014032,1.350689355,15200,0.4,0.00013,0.007,3000,230000,23000,23000,9000,9000,9000,0.26,0.26,0.26,1.50E-05,1.00E-05,1.00E-05,56208000000,22140000000,20534000000,11297000000,6624500000,6837100000,0.4319,0.4305,0.3256,3.37E-05,9.02E-05,0.00011678
0,1,1,1,1,1,1,0,1,0,1,0,0,0,1,1,0,0,0,0,0,1,0,1,0,45,0.331888237,0.326390707,0.876057662,15200,0.4,0.00013,0.007,3000,230000,23000,23000,9000,9000,9000,0.26,0.26,0.26,1.50E-05,1.00E-05,1.00E-05,44623000000,21106000000,19492000000,9920600000,6910800000,7550200000,0.3986,0.4257,0.3966,3.77E-05,9.59E-05,0.00010768
1,1,1,1,0,0,1,1,0,1,0,0,1,0,1,0,1,0,1,0,0,1,1,0,0,45,0.292432579,0.305992425,0.767522788,15200,0.4,0.00013,0.007,3000,230000,23000,23000,9000,9000,9000,0.26,0.26,0.26,1.50E-05,1.00E-05,1.00E-05,43754000000,20962000000,19446000000,9770900000,6976000000,7624000000,0.3942,0.4251,0.4014,3.78E-05,9.57E-05,0.00010562
1,0,0,1,0,1,1,1,1,1,1,0,1,0,1,0,1,1,0,0,1,1,1,1,0,45,0.296272542,0.214159667,0.687581814,15200,0.4,0.00013,0.007,3000,230000,23000,23000,9000,9000,9000,0.26,0.26,0.26,1.50E-05,1.00E-05,1.00E-05,51070000000,21962000000,20104000000,10907000000,6985500000,7577600000,0.408,0.4178,0.3715,3.37E-05,8.86E-05,0.00010464
0,0,0,1,0,1,1,1,0,0,0,1,1,0,0,1,0,1,0,1,1,1,1,1,1,45,0.598168769,0.254353048,1.356292443,15200,0.4,0.00013,0.007,3000,230000,23000,23000,9000,9000,9000,0.26,0.26,0.26,1.50E-05,1.00E-05,1.00E-05,56997000000,22478000000,20592000000,11661000000,6797200000,7150000000,0.4249,0.4195,0.3379,3.20E-05,8.61E-05,0.00010972
0,0,1,0,1,0,0,0,0,0,0,0,0,1,0,0,0,1,0,0,0,0,0,0,0,45,0.776090139,0.15793117,2.074049124,15200,0.4,0.00013,0.007,3000,230000,23000,23000,9000,9000,9000,0.26,0.26,0.26,1.50E-05,1.00E-05,1.00E-05,57861000000,22064000000,20668000000,11293000000,6489900000,6568500000,0.4404,0.4398,0.3073,3.39E-05,9.27E-05,0.00012313
0,0,0,1,1,1,1,1,1,0,0,1,1,1,1,1,1,0,0,0,1,1,1,0,0,45,0.388469134,0.360106693,1.049739447,15200,0.4,0.00013,0.007,3000,230000,23000,23000,9000,9000,9000,0.26,0.26,0.26,1.50E-05,1.00E-05,1.00E-05,41529000000,21235000000,19438000000,10173000000,6748800000,7499600000,0.3985,0.4142,0.4029,3.94E-05,9.64E-05,0.00011009
0,1,0,1,1,0,0,0,0,0,1,0,0,0,1,0,0,1,1,1,1,0,0,0,0,45,0.390558066,0.229201413,0.978298546,15200,0.4,0.00013,0.007,3000,230000,23000,23000,9000,9000,9000,0.26,0.26,0.26,1.50E-05,1.00E-05,1.00E-05,50735000000,21878000000,20098000000,10878000000,6748800000,7238300000,0.4159,0.423,0.3636,3.49E-05,9.14E-05,0.00011183
1,0,0,0,1,0,0,1,1,0,1,1,0,0,1,0,1,0,1,1,0,0,0,1,0,45,0.838049957,0.107473946,1.948904865,15200,0.4,0.00013,0.007,3000,230000,23000,23000,9000,9000,9000,0.26,0.26,0.26,1.50E-05,1.00E-05,1.00E-05,62765000000,22736000000,21112000000,12216000000,6627800000,6718800000,0.4405,0.427,0.2984,3.10E-05,8.55E-05,0.00011768
0,1,0,0,1,1,0,1,1,0,1,0,0,1,0,1,1,1,1,1,0,1,1,0,0,45,0.948014817,0.24953074,2.252144612,15200,0.4,0.00013,0.007,3000,230000,23000,23000,9000,9000,9000,0.26,0.26,0.26,1.50E-05,1.00E-05,1.00E-05,59534000000,22410000000,20795000000,11698000000,6667900000,6850000000,0.4368,0.4283,0.3124,3.21E-05,8.74E-05,0.00011605
1,0,0,0,1,0,0,0,0,0,0,0,1,1,0,0,0,0,1,1,0,1,1,1,0,45,0.339446216,0.277602893,0.773192978,15200,0.4,0.00013,0.007,3000,230000,23000,23000,9000,9000,9000,0.26,0.26,0.26,1.50E-05,1.00E-05,1.00E-05,46862000000,22034000000,20013000000,11119000000,7018800000,7754900000,0.4028,0.403,0.3898,3.44E-05,8.76E-05,0.00010201
0,0,1,1,1,0,0,1,1,0,1,1,1,1,1,0,1,0,0,0,0,1,1,0,0,45,0.633744,0.231615931,1.661933487,15200,0.4,0.00013,0.007,3000,230000,23000,23000,9000,9000,9000,0.26,0.26,0.26,1.50E-05,1.00E-05,1.00E-05,56126000000,22020000000,20442000000,11099000000,6579200000,6790900000,0.4317,0.4365,0.325,3.42E-05,9.26E-05,0.00011861
1,0,1,1,1,0,0,0,1,1,1,1,1,0,0,1,1,0,1,1,0,0,1,1,0,45,0.741604946,0.201386978,1.721234446,15200,0.4,0.00013,0.007,3000,230000,23000,23000,9000,9000,9000,0.26,0.26,0.26,1.50E-05,1.00E-05,1.00E-05,59853000000,22557000000,20839000000,11867000000,6694300000,6895300000,0.4354,0.4245,0.3148,3.17E-05,8.62E-05,0.00011413
0,1,0,0,1,0,1,0,0,1,1,1,0,1,0,0,1,0,1,0,1,1,0,0,1,45,0.941695577,0.259820148,2.432045387,15200,0.4,0.00013,0.007,3000,230000,23000,23000,9000,9000,9000,0.26,0.26,0.26,1.50E-05,1.00E-05,1.00E-05,58765000000,22067000000,20599000000,11187000000,6579500000,6699900000,0.4361,0.44,0.3119,3.32E-05,9.18E-05,0.00012015
0,1,0,1,1,1,1,0,0,1,1,1,1,1,0,1,0,0,1,0,1,1,0,1,0,45,0.302424123,0.289654645,0.750091973,15200,0.4,0.00013,0.007,3000,230000,23000,23000,9000,9000,9000,0.26,0.26,0.26,1.50E-05,1.00E-05,1.00E-05,49834000000,21392000000,19696000000,10057000000,7075900000,7597800000,0.3858,0.4362,0.3898,3.50E-05,9.33E-05,0.0001038
0,0,0,1,0,1,0,1,1,1,0,0,0,0,1,0,1,1,1,0,0,1,1,0,1,45,0.601585019,0.192270877,1.388488884,15200,0.4,0.00013,0.007,3000,230000,23000,23000,9000,9000,9000,0.26,0.26,0.26,1.50E-05,1.00E-05,1.00E-05,58366000000,22404000000,20717000000,11660000000,6730900000,6987700000,0.4344,0.4236,0.3219,3.19E-05,8.65E-05,0.0001133
1,1,1,1,0,0,0,0,1,0,0,1,0,1,1,1,0,0,0,0,1,1,0,0,1,45,0.787918002,0.197800665,2.120111048,15200,0.4,0.00013,0.007,3000,230000,23000,23000,9000,9000,9000,0.26,0.26,0.26,1.50E-05,1.00E-05,1.00E-05,55897000000,21940000000,20516000000,11122000000,6498100000,6637500000,0.4365,0.4393,0.3176,3.48E-05,9.35E-05,0.00012266
1,1,1,0,0,0,0,1,0,1,0,1,1,1,0,1,0,0,1,1,0,1,0,0,1,45,0.427380524,0.369533891,0.961668825,15200,0.4,0.00013,0.007,3000,230000,23000,23000,9000,9000,9000,0.26,0.26,0.26,1.50E-05,1.00E-05,1.00E-05,45233000000,21718000000,19782000000,10630000000,7211600000,8151400000,0.3849,0.4041,0.4177,3.45E-05,8.73E-05,9.87E-05
1,1,0,0,1,0,0,1,0,0,0,1,0,0,0,0,0,0,0,0,1,0,1,0,0,45,0.316820169,0.219954625,0.728849871,15200,0.4,0.00013,0.007,3000,230000,23000,23000,9000,9000,9000,0.26,0.26,0.26,1.50E-05,1.00E-05,1.00E-05,52015000000,21997000000,20216000000,11053000000,6930300000,7455200000,0.4186,0.4172,0.3597,3.32E-05,8.80E-05,0.00010553
0,1,0,1,0,1,0,0,1,1,1,0,0,1,1,0,1,0,0,0,1,0,1,1,1,45,0.808446491,0.218472984,1.985104789,15200,0.4,0.00013,0.007,3000,230000,23000,23000,9000,9000,9000,0.26,0.26,0.26,1.50E-05,1.00E-05,1.00E-05,58216000000,22287000000,20706000000,11531000000,6627000000,6810800000,0.436,0.4299,0.3171,3.28E-05,8.89E-05,0.00011743
0,0,0,1,0,0,1,1,0,1,1,1,1,1,1,1,0,1,1,0,0,1,1,0,0,45,0.643726724,0.271398572,1.44246286,15200,0.4,0.00013,0.007,3000,230000,23000,23000,9000,9000,9000,0.26,0.26,0.26,1.50E-05,1.00E-05,1.00E-05,56760000000,22395000000,20603000000,11682000000,6825100000,7179300000,0.4307,0.4186,0.3322,3.19E-05,8.53E-05,0.0001095
0,1,0,1,1,1,0,0,0,0,0,1,0,1,0,0,0,0,0,1,1,0,1,0,0,45,0.21515957,0.14308388,0.566246289,15200,0.4,0.00013,0.007,3000,230000,23000,23000,9000,9000,9000,0.26,0.26,0.26,1.50E-05,1.00E-05,1.00E-05,46108000000,21271000000,19704000000,10276000000,6768800000,7350900000,0.4165,0.4231,0.3783,3.70E-05,9.40E-05,0.00011268
1,0,0,1,1,0,1,0,0,0,0,0,0,0,0,0,1,1,0,0,1,0,1,1,1,45,0.361340374,0.335950407,0.863093867,15200,0.4,0.00013,0.007,3000,230000,23000,23000,9000,9000,9000,0.26,0.26,0.26,1.50E-05,1.00E-05,1.00E-05,47134000000,21787000000,19877000000,10730000000,6993500000,7775500000,0.4017,0.4123,0.392,3.48E-05,9.07E-05,0.00010315
1,1,0,1,0,1,1,1,0,1,0,1,1,1,1,0,0,1,0,0,0,1,0,0,0,45,0.249745411,0.359990929,0.615783088,15200,0.4,0.00013,0.007,3000,230000,23000,23000,9000,9000,9000,0.26,0.26,0.26,1.50E-05,1.00E-05,1.00E-05,39401000000,21115000000,19765000000,9582900000,7209900000,8124700000,0.3595,0.3989,0.4367,3.86E-05,9.35E-05,9.36E-05
0,0,0,0,0,0,1,1,1,1,1,0,0,1,0,0,0,0,1,0,0,0,0,0,0,45,0.588591955,0.289027297,1.510411079,15200,0.4,0.00013,0.007,3000,230000,23000,23000,9000,9000,9000,0.26,0.26,0.26,1.50E-05,1.00E-05,1.00E-05,54886000000,21936000000,20308000000,10965000000,6642700000,6889900000,0.4297,0.4343,0.3321,3.43E-05,9.27E-05,0.00011577
1,0,0,0,0,0,1,0,1,0,1,1,1,1,0,0,1,0,1,1,1,1,0,1,1,45,0.437018562,0.238029257,1.031649788,15200,0.4,0.00013,0.007,3000,230000,23000,23000,9000,9000,9000,0.26,0.26,0.26,1.50E-05,1.00E-05,1.00E-05,55295000000,22059000000,20290000000,11064000000,6849300000,7224800000,0.4191,0.4275,0.3484,3.27E-05,8.89E-05,0.00010969
1,0,0,1,1,1,1,0,0,0,0,0,1,0,0,1,0,0,1,0,1,1,0,1,1,45,0.389678371,0.125176098,0.92727663,15200,0.4,0.00013,0.007,3000,230000,23000,23000,9000,9000,9000,0.26,0.26,0.26,1.50E-05,1.00E-05,1.00E-05,59587000000,22404000000,20706000000,11621000000,6695100000,6910600000,0.4331,0.4298,0.3173,3.20E-05,8.79E-05,0.00011465
1,1,1,0,1,1,1,1,0,1,0,0,1,1,1,1,1,1,0,1,1,1,1,1,0,45,0.545269215,0.391973478,1.240352869,15200,0.4,0.00013,0.007,3000,230000,23000,23000,9000,9000,9000,0.26,0.26,0.26,1.50E-05,1.00E-05,1.00E-05,53002000000,22090000000,20235000000,11123000000,6950000000,7431200000,0.4155,0.4195,0.3575,3.27E-05,8.79E-05,0.00010471
1,0,1,0,1,0,1,1,0,0,1,1,0,0,0,0,0,0,0,0,0,1,0,1,1,45,0.439332013,0.327610879,1.055184385,15200,0.4,0.00013,0.007,3000,230000,23000,23000,9000,9000,9000,0.26,0.26,0.26,1.50E-05,1.00E-05,1.00E-05,47648000000,21636000000,19894000000,10612000000,6928300000,7534600000,0.4095,0.4156,0.3811,3.50E-05,9.01E-05,0.00010638
0,0,1,0,0,1,0,1,1,0,0,1,0,0,0,1,1,0,0,1,0,1,1,1,1,45,0.396785393,0.190867696,0.983182701,15200,0.4,0.00013,0.007,3000,230000,23000,23000,9000,9000,9000,0.26,0.26,0.26,1.50E-05,1.00E-05,1.00E-05,54252000000,21996000000,20294000000,11047000000,6731600000,7101400000,0.4242,0.4288,0.3436,3.38E-05,9.06E-05,0.00011342
1,0,1,0,1,0,0,0,0,1,1,0,0,0,1,1,0,0,1,0,0,1,1,0,0,45,0.409415153,0.168090689,0.94425898,15200,0.4,0.00013,0.007,3000,230000,23000,23000,9000,9000,9000,0.26,0.26,0.26,1.50E-05,1.00E-05,1.00E-05,57725000000,22295000000,20557000000,11457000000,6800300000,7130200000,0.4301,0.425,0.3312,3.19E-05,8.70E-05,0.00011133
1,1,1,0,1,1,0,1,0,0,1,0,0,0,0,1,1,1,0,0,1,1,0,0,0,45,0.541490803,0.159951213,1.302942535,15200,0.4,0.00013,0.007,3000,230000,23000,23000,9000,9000,9000,0.26,0.26,0.26,1.50E-05,1.00E-05,1.00E-05,61303000000,22428000000,20780000000,11647000000,6668100000,6800100000,0.4357,0.4332,0.3081,3.17E-05,8.82E-05,0.00011582
0,0,1,0,1,0,1,1,1,0,0,1,0,1,1,0,0,0,1,0,0,1,1,1,0,45,0.246565852,0.290357316,0.656383742,15200,0.4,0.00013,0.007,3000,230000,23000,23000,9000,9000,9000,0.26,0.26,0.26,1.50E-05,1.00E-05,1.00E-05,43261000000,20911000000,19417000000,9564500000,7004000000,7674600000,0.3833,0.4284,0.4069,3.86E-05,9.77E-05,0.00010465
1,1,1,0,1,1,0,0,1,1,0,0,1,1,0,1,0,0,1,1,1,0,0,0,0,45,0.211421404,0.14554744,0.54916008,15200,0.4,0.00013,0.007,3000,230000,23000,23000,9000,9000,9000,0.26,0.26,0.26,1.50E-05,1.00E-05,1.00E-05,48555000000,21626000000,19888000000,10570000000,6744400000,7261600000,0.4135,0.426,0.3685,3.61E-05,9.39E-05,0.00011232
1,1,0,0,0,1,1,0,0,1,1,0,0,1,1,1,1,1,1,1,1,0,0,0,1,45,0.304811445,0.380120818,0.741730443,15200,0.4,0.00013,0.007,3000,230000,23000,23000,9000,9000,9000,0.26,0.26,0.26,1.50E-05,1.00E-05,1.00E-05,45871000000,21588000000,19964000000,10385000000,7049900000,7752800000,0.3962,0.414,0.3864,3.58E-05,9.29E-05,0.00010064
1,0,1,0,0,0,0,1,1,1,1,1,1,0,0,0,0,1,1,1,0,0,1,1,0,60,0.968745607,0.203209119,2.696214056,15200,0.4,0.00013,0.007,3000,230000,23000,23000,9000,9000,9000,0.26,0.26,0.26,1.50E-05,1.00E-05,1.00E-05,76181000000,20826000000,21083000000,12488000000,6862200000,7035000000,0.4748,0.4155,0.2765,2.59E-05,8.42E-05,0.00010368
1,0,1,1,1,0,1,1,0,0,1,0,0,0,0,0,0,0,0,0,1,0,1,0,1,60,0.616560587,0.36187785,1.49278657,15200,0.4,0.00013,0.007,3000,230000,23000,23000,9000,9000,9000,0.26,0.26,0.26,1.50E-05,1.00E-05,1.00E-05,73789000000,21179000000,20989000000,12284000000,7253900000,8019600000,0.4424,0.3904,0.3338,2.44E-05,7.60E-05,8.72E-05
0,0,1,1,1,1,0,1,1,1,1,0,1,1,1,0,0,1,1,0,0,1,1,1,0,60,0.965440062,0.319625606,2.687202076,15200,0.4,0.00013,0.007,3000,230000,23000,23000,9000,9000,9000,0.26,0.26,0.26,1.50E-05,1.00E-05,1.00E-05,77917000000,20864000000,20969000000,12373000000,6930400000,7163400000,0.4718,0.4174,0.2785,2.55E-05,8.46E-05,0.00010026
0,1,1,1,1,0,0,0,1,0,1,1,1,1,1,0,0,0,0,1,1,1,0,1,1,60,0.24280154,0.16053602,0.630012102,15200,0.4,0.00013,0.007,3000,230000,23000,23000,9000,9000,9000,0.26,0.26,0.26,1.50E-05,1.00E-05,1.00E-05,68553000000,21032000000,20752000000,11983000000,7144600000,8013900000,0.4322,0.3936,0.3583,2.54E-05,8.04E-05,9.03E-05
0,0,1,1,1,1,0,0,1,0,1,1,0,0,0,1,1,1,0,0,0,1,1,1,1,60,0.896309571,0.348089999,2.420639408,15200,0.4,0.00013,0.007,3000,230000,23000,23000,9000,9000,9000,0.26,0.26,0.26,1.50E-05,1.00E-05,1.00E-05,77340000000,20943000000,20982000000,12356000000,7018200000,7442100000,0.4657,0.4106,0.2917,2.52E-05,8.21E-05,9.72E-05
0,0,0,1,0,0,0,0,0,0,0,1,0,1,1,0,1,1,1,0,1,1,0,1,1,60,0.855497233,0.194418494,2.135062504,15200,0.4,0.00013,0.007,3000,230000,23000,23000,9000,9000,9000,0.26,0.26,0.26,1.50E-05,1.00E-05,1.00E-05,82754000000,21240000000,21397000000,13203000000,7074000000,7280800000,0.4735,0.3989,0.2705,2.40E-05,7.56E-05,9.45E-05
0,0,1,0,1,0,1,0,1,1,0,0,0,0,1,0,1,1,0,0,0,0,1,0,0,60,0.825279987,0.304308078,2.197845508,15200,0.4,0.00013,0.007,3000,230000,23000,23000,9000,9000,9000,0.26,0.26,0.26,1.50E-05,1.00E-05,1.00E-05,77771000000,20951000000,21014000000,12335000000,7022800000,7413200000,0.4641,0.4101,0.2916,2.51E-05,8.13E-05,9.72E-05
0,0,0,0,1,1,1,1,1,0,0,1,1,1,0,1,0,1,0,1,0,1,1,0,0,60,0.928994212,0.133167274,2.539391037,15200,0.4,0.00013,0.007,3000,230000,23000,23000,9000,9000,9000,0.26,0.26,0.26,1.50E-05,1.00E-05,1.00E-05,78941000000,20949000000,21252000000,12759000000,6889200000,7013100000,0.4777,0.4118,0.2694,2.53E-05,8.19E-05,0.00010284
0,1,1,0,0,1,0,0,1,0,0,1,1,1,0,0,0,1,1,0,1,0,1,0,1,60,0.603321133,0.396790219,1.460757593,15200,0.4,0.00013,0.007,3000,230000,23000,23000,9000,9000,9000,0.26,0.26,0.26,1.50E-05,1.00E-05,1.00E-05,70201000000,21103000000,20787000000,11858000000,7318300000,8490900000,0.4209,0.3896,0.373,2.45E-05,7.66E-05,8.66E-05
1,0,1,0,0,0,1,0,1,1,1,1,0,1,0,0,0,0,0,1,0,1,1,0,1,60,0.941746555,0.299679586,2.369890492,15200,0.4,0.00013,0.007,3000,230000,23000,23000,9000,9000,9000,0.26,0.26,0.26,1.50E-05,1.00E-05,1.00E-05,76988000000,21024000000,21140000000,12507000000,7060800000,7546100000,0.4617,0.4021,0.2974,2.48E-05,7.81E-05,9.64E-05
1,0,1,1,1,0,1,1,0,1,0,1,1,0,1,0,0,0,1,0,0,0,0,0,0,60,0.834236185,0.199597868,2.12666054,15200,0.4,0.00013,0.007,3000,230000,23000,23000,9000,9000,9000,0.26,0.26,0.26,1.50E-05,1.00E-05,1.00E-05,80999000000,21126000000,21303000000,12960000000,7027900000,7274500000,0.4722,0.4033,0.2747,2.44E-05,7.77E-05,9.68E-05
0,1,1,1,0,0,0,0,0,0,1,1,1,1,0,1,1,1,0,1,1,0,0,1,1,60,0.327028812,0.28119383,0.842659509,15200,0.4,0.00013,0.007,3000,230000,23000,23000,9000,9000,9000,0.26,0.26,0.26,1.50E-05,1.00E-05,1.00E-05,61604000000,20998000000,20552000000,11631000000,7212400000,8480100000,0.4123,0.3828,0.4047,2.58E-05,8.10E-05,8.73E-05
0,0,0,1,1,1,1,1,1,1,0,1,1,1,0,1,1,0,1,1,1,1,1,0,1,60,0.991002807,0.2198442,2.558452304,15200,0.4,0.00013,0.007,3000,230000,23000,23000,9000,9000,9000,0.26,0.26,0.26,1.50E-05,1.00E-05,1.00E-05,80851000000,21122000000,21307000000,12975000000,7006700000,7219300000,0.4742,0.4037,0.2733,2.45E-05,7.82E-05,9.73E-05
0,1,0,0,1,1,0,0,1,1,0,0,0,0,1,0,0,0,0,1,0,1,1,1,0,60,0.596984421,0.39205614,1.444359372,15200,0.4,0.00013,0.007,3000,230000,23000,23000,9000,9000,9000,0.26,0.26,0.26,1.50E-05,1.00E-05,1.00E-05,71630000000,21132000000,20873000000,12015000000,7290200000,8253100000,0.4313,0.3897,0.3559,2.43E-05,7.64E-05,8.65E-05
0,0,1,0,0,1,1,0,1,0,0,0,0,0,0,1,0,0,0,1,0,0,1,0,1,60,0.464489259,0.232178528,1.121048291,15200,0.4,0.00013,0.007,3000,230000,23000,23000,9000,9000,9000,0.26,0.26,0.26,1.50E-05,1.00E-05,1.00E-05,76698000000,21212000000,21073000000,12533000000,7228900000,7940900000,0.4479,0.3929,0.3214,2.41E-05,7.55E-05,8.86E-05
0,0,1,1,1,0,1,0,0,1,0,0,1,1,1,1,0,0,0,0,0,1,1,0,0,60,0.332952219,0.311377702,0.806163167,15200,0.4,0.00013,0.007,3000,230000,23000,23000,9000,9000,9000,0.26,0.26,0.26,1.50E-05,1.00E-05,1.00E-05,60888000000,21202000000,20663000000,11562000000,7427100000,9091200000,0.3828,0.3711,0.4436,2.49E-05,7.64E-05,8.07E-05
1,1,0,1,1,0,0,1,0,0,0,1,1,0,0,1,1,0,0,1,0,0,0,1,1,60,0.789102097,0.147879112,2.10240429,15200,0.4,0.00013,0.007,3000,230000,23000,23000,9000,9000,9000,0.26,0.26,0.26,1.50E-05,1.00E-05,1.00E-05,79657000000,21010000000,21264000000,12822000000,6942100000,7109800000,0.4762,0.4085,0.2707,2.49E-05,8.03E-05,0.00010036
0,0,0,0,1,0,1,1,0,0,0,0,1,0,1,1,0,0,1,1,0,1,1,0,0,60,0.334883952,0.399525983,0.852448625,15200,0.4,0.00013,0.007,3000,230000,23000,23000,9000,9000,9000,0.26,0.26,0.26,1.50E-05,1.00E-05,1.00E-05,53039000000,21050000000,20546000000,10902000000,7447600000,9383300000,0.3608,0.3642,0.4746,2.68E-05,8.00E-05,7.93E-05
0,0,0,1,0,1,0,1,0,0,0,1,1,1,0,0,1,1,1,0,1,1,0,1,0,60,0.448486403,0.327491136,1.125458736,15200,0.4,0.00013,0.007,3000,230000,23000,23000,9000,9000,9000,0.26,0.26,0.26,1.50E-05,1.00E-05,1.00E-05,72031000000,21026000000,20756000000,11694000000,7277700000,8259300000,0.4247,0.3985,0.3584,2.48E-05,7.91E-05,8.78E-05
0,0,1,0,1,1,1,1,1,0,0,0,0,0,1,1,1,1,0,0,1,1,0,0,1,60,0.485351142,0.22243602,1.151978535,15200,0.4,0.00013,0.007,3000,230000,23000,23000,9000,9000,9000,0.26,0.26,0.26,1.50E-05,1.00E-05,1.00E-05,73315000000,21208000000,21073000000,12646000000,7221300000,7973900000,0.4428,0.3877,0.3326,2.43E-05,7.45E-05,8.92E-05
1,1,1,0,1,0,0,0,0,1,1,1,0,0,1,0,0,0,1,1,0,1,1,1,1,60,0.652490489,0.214916202,1.556238727,15200,0.4,0.00013,0.007,3000,230000,23000,23000,9000,9000,9000,0.26,0.26,0.26,1.50E-05,1.00E-05,1.00E-05,81802000000,21325000000,21352000000,13233000000,7175100000,7548300000,0.465,0.3928,0.285,2.35E-05,7.35E-05,9.04E-05
1,1,0,1,1,0,0,1,1,1,1,1,1,0,0,0,1,1,0,0,1,1,0,1,0,60,0.901044681,0.371645097,2.530766358,15200,0.4,0.00013,0.007,3000,230000,23000,23000,9000,9000,9000,0.26,0.26,0.26,1.50E-05,1.00E-05,1.00E-05,72217000000,20703000000,20759000000,11929000000,6912900000,7339700000,0.4635,0.4172,0.3008,2.65E-05,8.65E-05,0.0001011
0,0,0,0,0,0,0,0,0,0,0,1,0,0,0,0,1,1,0,0,0,1,0,0,0,60,0.63893151,0.259965175,1.800791634,15200,0.4,0.00013,0.007,3000,230000,23000,23000,9000,9000,9000,0.26,0.26,0.26,1.50E-05,1.00E-05,1.00E-05,76694000000,20808000000,20850000000,12311000000,6915100000,7106800000,0.4751,0.4205,0.2763,2.58E-05,8.68E-05,9.98E-05
1,0,1,0,0,0,0,0,0,1,0,0,0,1,1,1,1,0,1,0,1,0,0,1,0,60,0.492160821,0.3714254,1.353414047,15200,0.4,0.00013,0.007,3000,230000,23000,23000,9000,9000,9000,0.26,0.26,0.26,1.50E-05,1.00E-05,1.00E-05,68227000000,20694000000,20446000000,11096000000,7101200000,8015200000,0.4272,0.4126,0.3574,2.66E-05,8.60E-05,9.40E-05
0,1,0,1,0,1,0,1,1,0,1,0,0,0,1,1,0,1,0,0,1,0,0,1,1,60,0.424031174,0.354374543,1.20993513,15200,0.4,0.00013,0.007,3000,230000,23000,23000,9000,9000,9000,0.26,0.26,0.26,1.50E-05,1.00E-05,1.00E-05,60352000000,20487000000,20071000000,10699000000,7030200000,8192000000,0.4135,0.4142,0.3916,2.82E-05,9.17E-05,9.62E-05
1,1,0,1,0,1,0,0,0,1,1,1,0,0,1,1,1,0,0,1,1,0,1,0,1,60,0.777038597,0.111612141,1.923926509,15200,0.4,0.00013,0.007,3000,230000,23000,23000,9000,9000,9000,0.26,0.26,0.26,1.50E-05,1.00E-05,1.00E-05,84412000000,21252000000,21520000000,13452000000,7036500000,7164500000,0.4784,0.3997,0.2606,2.37E-05,7.51E-05,9.67E-05
0,1,0,1,0,1,1,1,1,1,1,0,0,1,1,1,0,1,1,1,1,0,1,0,1,60,0.51863871,0.1788806,1.268943764,15200,0.4,0.00013,0.007,3000,230000,23000,23000,9000,9000,9000,0.26,0.26,0.26,1.50E-05,1.00E-05,1.00E-05,80059000000,21190000000,21240000000,12832000000,7132200000,7554300000,0.4652,0.3974,0.2893,2.41E-05,7.58E-05,9.24E-05
0,0,1,0,1,0,1,0,0,1,1,0,0,1,1,0,0,1,0,1,1,0,0,1,0,60,0.353827894,0.148550469,0.906490072,15200,0.4,0.00013,0.007,3000,230000,23000,23000,9000,9000,9000,0.26,0.26,0.26,1.50E-05,1.00E-05,1.00E-05,72312000000,20841000000,20895000000,11840000000,7058900000,7684400000,0.4543,0.4033,0.3186,2.55E-05,8.02E-05,9.63E-05
0,1,1,1,0,0,1,1,0,0,0,1,1,1,1,0,0,1,1,1,1,0,1,1,0,60,0.773572564,0.322180895,2.058043121,15200,0.4,0.00013,0.007,3000,230000,23000,23000,9000,9000,9000,0.26,0.26,0.26,1.50E-05,1.00E-05,1.00E-05,78348000000,20967000000,20987000000,12336000000,7045200000,7435400000,0.4641,0.4105,0.2906,2.50E-05,8.15E-05,9.61E-05
1,1,1,0,0,0,1,0,0,0,0,0,1,0,0,1,1,1,1,0,1,0,1,1,1,60,0.80811898,0.238921813,2.277518688,15200,0.4,0.00013,0.007,3000,230000,23000,23000,9000,9000,9000,0.26,0.26,0.26,1.50E-05,1.00E-05,1.00E-05,74352000000,20758000000,20914000000,12219000000,6868900000,7126500000,0.4717,0.4178,0.2846,2.63E-05,8.61E-05,0.00010271
1,0,1,1,0,0,0,1,1,0,0,0,1,0,1,1,1,1,1,1,0,1,0,1,0,60,0.346239133,0.138930559,0.947286973,15200,0.4,0.00013,0.007,3000,230000,23000,23000,9000,9000,9000,0.26,0.26,0.26,1.50E-05,1.00E-05,1.00E-05,74701000000,20818000000,20861000000,11934000000,6981000000,7425700000,0.4599,0.4131,0.3021,2.59E-05,8.37E-05,9.86E-05
1,1,0,1,1,0,1,0,1,0,0,1,0,0,0,1,0,0,1,1,1,0,0,1,0,60,0.618254023,0.329239676,1.699521218,15200,0.4,0.00013,0.007,3000,230000,23000,23000,9000,9000,9000,0.26,0.26,0.26,1.50E-05,1.00E-05,1.00E-05,73278000000,20809000000,20719000000,11755000000,7038700000,7611300000,0.4504,0.414,0.3165,2.60E-05,8.47E-05,9.65E-05
1,1,0,1,1,0,0,0,1,1,0,0,0,1,1,1,1,1,0,1,1,0,0,0,1,60,0.686814754,0.153337443,1.704956655,15200,0.4,0.00013,0.007,3000,230000,23000,23000,9000,9000,9000,0.26,0.26,0.26,1.50E-05,1.00E-05,1.00E-05,84012000000,21278000000,21429000000,13333000000,7084600000,7287400000,0.4743,0.3987,0.2675,2.37E-05,7.51E-05,9.41E-05
1,1,1,1,1,1,0,1,0,1,1,0,0,0,0,0,0,1,1,0,0,0,1,1,1,60,0.22234533,0.380824198,0.544333267,15200,0.4,0.00013,0.007,3000,230000,23000,23000,9000,9000,9000,0.26,0.26,0.26,1.50E-05,1.00E-05,1.00E-05,53580000000,21407000000,21932000000,10794000000,7632300000,9743300000,0.3456,0.3416,0.4687,2.59E-05,7.72E-05,7.03E-05
0,1,1,1,0,0,1,1,1,0,0,0,0,0,1,0,0,1,0,1,1,0,1,1,1,60,0.567602279,0.18674607,1.383808761,15200,0.4,0.00013,0.007,3000,230000,23000,23000,9000,9000,9000,0.26,0.26,0.26,1.50E-05,1.00E-05,1.00E-05,82377000000,21267000000,21308000000,13006000000,7156900000,7540200000,0.4665,0.3969,0.2822,2.37E-05,7.48E-05,9.14E-05
1,0,0,1,0,1,0,0,0,1,1,0,1,0,1,0,0,1,1,1,1,1,0,0,0,60,0.421009976,0.169035102,1.189355441,15200,0.4,0.00013,0.007,3000,230000,23000,23000,9000,9000,9000,0.26,0.26,0.26,1.50E-05,1.00E-05,1.00E-05,71833000000,20662000000,20732000000,11829000000,6895900000,7303400000,0.4628,0.419,0.3011,2.68E-05,8.72E-05,0.00010197
1,1,1,0,0,0,0,0,0,0,0,1,1,1,0,1,1,0,0,0,0,0,1,1,0,60,0.23091011,0.205700664,0.593997558,15200,0.4,0.00013,0.007,3000,230000,23000,23000,9000,9000,9000,0.26,0.26,0.26,1.50E-05,1.00E-05,1.00E-05,62066000000,21043000000,20639000000,11682000000,7244600000,8514000000,0.4085,0.3834,0.3981,2.58E-05,8.07E-05,8.66E-05
1,0,0,1,0,1,0,1,0,1,0,1,0,1,1,0,0,0,0,1,1,1,1,1,0,60,0.229537852,0.246112516,0.581863332,15200,0.4,0.00013,0.007,3000,230000,23000,23000,9000,9000,9000,0.26,0.26,0.26,1.50E-05,1.00E-05,1.00E-05,55496000000,20902000000,20413000000,10562000000,7400300000,9165100000,0.3635,0.3747,0.4691,2.68E-05,7.97E-05,8.17E-05
1,0,0,0,0,1,0,0,1,0,0,0,0,1,0,0,1,1,0,0,1,0,0,0,0,60,0.725870322,0.186414838,1.826857681,15200,0.4,0.00013,0.007,3000,230000,23000,23000,9000,9000,9000,0.26,0.26,0.26,1.50E-05,1.00E-05,1.00E-05,83029000000,21211000000,21340000000,13090000000,7077800000,7290400000,0.4731,0.4014,0.2701,2.40E-05,7.64E-05,9.44E-05
1,1,1,0,1,0,1,1,1,0,0,1,0,0,0,0,1,0,1,1,1,1,0,1,0,60,0.756877182,0.299206813,1.883731818,15200,0.4,0.00013,0.007,3000,230000,23000,23000,9000,9000,9000,0.26,0.26,0.26,1.50E-05,1.00E-05,1.00E-05,78415000000,21126000000,21129000000,12560000000,7141900000,7642900000,0.4588,0.3995,0.2988,2.44E-05,7.69E-05,9.24E-05
1,0,0,0,1,1,0,1,1,0,1,1,0,1,1,0,0,0,0,0,0,0,0,1,1,60,0.560627654,0.255119685,1.451509666,15200,0.4,0.00013,0.007,3000,230000,23000,23000,9000,9000,9000,0.26,0.26,0.26,1.50E-05,1.00E-05,1.00E-05,75405000000,21059000000,20980000000,12378000000,7096500000,7659100000,0.454,0.4012,0.314,2.49E-05,7.96E-05,9.34E-05
0,0,1,0,1,0,0,0,0,1,1,1,1,0,1,1,0,1,0,0,0,0,1,0,1,60,0.624439587,0.198700605,1.593367354,15200,0.4,0.00013,0.007,3000,230000,23000,23000,9000,9000,9000,0.26,0.26,0.26,1.50E-05,1.00E-05,1.00E-05,81207000000,21116000000,21205000000,12728000000,7075800000,7378200000,0.4658,0.4049,0.2817,2.43E-05,7.79E-05,9.51E-05
0,0,1,0,0,1,0,0,1,0,1,0,1,0,0,0,1,0,1,0,0,0,0,1,1,60,0.408465432,0.166633325,1.054748516,15200,0.4,0.00013,0.007,3000,230000,23000,23000,9000,9000,9000,0.26,0.26,0.26,1.50E-05,1.00E-05,1.00E-05,75191000000,20945000000,20961000000,12161000000,7070300000,7628100000,0.4561,0.405,0.3099,2.51E-05,8.01E-05,9.57E-05
1,1,1,1,1,0,1,1,1,0,0,1,0,0,0,1,0,0,1,1,0,0,1,0,1,60,0.312075448,0.35486808,0.885204905,15200,0.4,0.00013,0.007,3000,230000,23000,23000,9000,9000,9000,0.26,0.26,0.26,1.50E-05,1.00E-05,1.00E-05,55061000000,20602000000,20166000000,10571000000,7088200000,8410100000,0.4033,0.3944,0.4148,2.87E-05,9.02E-05,9.04E-05
1,1,1,0,1,1,0,0,0,1,0,0,0,1,0,0,0,1,1,0,1,0,0,0,1,60,0.639702532,0.248111612,1.817093335,15200,0.4,0.00013,0.007,3000,230000,23000,23000,9000,9000,9000,0.26,0.26,0.26,1.50E-05,1.00E-05,1.00E-05,71847000000,20672000000,20739000000,11922000000,6877800000,7257300000,0.4671,0.4194,0.2958,2.68E-05,8.80E-05,0.00010205
0,0,0,1,0,0,0,0,0,0,1,0,0,0,0,1,0,1,1,1,0,1,0,0,1,60,0.272517106,0.300052159,0.729140036,15200,0.4,0.00013,0.007,3000,230000,23000,23000,9000,9000,9000,0.26,0.26,0.26,1.50E-05,1.00E-05,1.00E-05,60085000000,20914000000,20544000000,11092000000,7217900000,8525400000,0.4002,0.3865,0.415,2.66E-05,8.41E-05,8.62E-05
1,1,1,0,1,0,0,0,0,1,1,0,0,0,1,0,0,0,1,1,1,0,0,1,0,60,0.899912389,0.158625984,2.181813548,15200,0.4,0.00013,0.007,3000,230000,23000,23000,9000,9000,9000,0.26,0.26,0.26,1.50E-05,1.00E-05,1.00E-05,84195000000,21300000000,21515000000,13456000000,7082100000,7253800000,0.4763,0.3965,0.2639,2.36E-05,7.40E-05,9.45E-05
1,1,1,0,0,0,0,1,0,1,0,0,0,1,0,0,0,0,1,1,0,1,1,1,1,60,0.319251769,0.366988823,0.846716576,15200,0.4,0.00013,0.007,3000,230000,23000,23000,9000,9000,9000,0.26,0.26,0.26,1.50E-05,1.00E-05,1.00E-05,58997000000,20904000000,20437000000,10978000000,7311400000,8847900000,0.3866,0.3864,0.431,2.66E-05,8.33E-05,8.42E-05
1,0,1,0,1,1,1,1,0,1,0,1,1,0,1,0,1,0,1,1,1,0,0,0,0,60,0.446185189,0.258807132,1.184987667,15200,0.4,0.00013,0.007,3000,230000,23000,23000,9000,9000,9000,0.26,0.26,0.26,1.50E-05,1.00E-05,1.00E-05,73397000000,20868000000,20725000000,11716000000,7113100000,7862600000,0.4408,0.4091,0.3325,2.55E-05,8.22E-05,9.41E-05
1,0,1,0,1,0,1,0,1,1,0,1,0,1,0,0,0,0,0,0,1,1,1,1,1,60,0.597414585,0.124877258,1.586633969,15200,0.4,0.00013,0.007,3000,230000,23000,23000,9000,9000,9000,0.26,0.26,0.26,1.50E-05,1.00E-05,1.00E-05,79542000000,21003000000,21246000000,12741000000,6949100000,7149200000,0.474,0.4083,0.2742,2.49E-05,8.01E-05,0.00010016
0,0,1,0,1,1,1,1,0,0,1,1,1,1,0,0,1,0,1,0,1,0,1,0,1,60,0.479150353,0.112191675,1.134735632,15200,0.4,0.00013,0.007,3000,230000,23000,23000,9000,9000,9000,0.26,0.26,0.26,1.50E-05,1.00E-05,1.00E-05,83147000000,21300000000,21455000000,13241000000,7139100000,7440900000,0.4706,0.3943,0.2733,2.36E-05,7.32E-05,9.26E-05
1,0,0,1,0,1,0,0,1,0,1,1,0,0,0,1,0,0,0,0,1,1,1,0,1,60,0.655605789,0.103992026,1.848584435,15200,0.4,0.00013,0.007,3000,230000,23000,23000,9000,9000,9000,0.26,0.26,0.26,1.50E-05,1.00E-05,1.00E-05,76531000000,20802000000,21101000000,12520000000,6823200000,6946000000,0.4786,0.4182,0.2702,2.59E-05,8.54E-05,0.00010528
0,0,1,0,1,1,1,1,0,0,0,0,0,0,1,1,0,0,0,0,0,1,0,0,1,60,0.975778679,0.26766576,2.49387227,15200,0.4,0.00013,0.007,3000,230000,23000,23000,9000,9000,9000,0.26,0.26,0.26,1.50E-05,1.00E-05,1.00E-05,79194000000,21080000000,21230000000,12796000000,7029200000,7332200000,0.4683,0.4036,0.2829,2.46E-05,7.82E-05,9.70E-05
0,1,0,1,1,1,1,0,0,1,1,1,0,1,1,0,0,1,1,1,1,0,0,0,1,60,0.767945176,0.206105051,1.971139608,15200,0.4,0.00013,0.007,3000,230000,23000,23000,9000,9000,9000,0.26,0.26,0.26,1.50E-05,1.00E-05,1.00E-05,80442000000,21110000000,21249000000,12842000000,7037800000,7300700000,0.4704,0.4038,0.2781,2.45E-05,7.81E-05,9.63E-05
0,0,0,1,1,1,0,1,1,1,1,1,1,0,1,1,1,0,0,0,1,0,1,1,0,60,0.836273755,0.172377905,2.137488322,15200,0.4,0.00013,0.007,3000,230000,23000,23000,9000,9000,9000,0.26,0.26,0.26,1.50E-05,1.00E-05,1.00E-05,81695000000,21138000000,21347000000,13021000000,7014900000,7220100000,0.4748,0.4033,0.2705,2.43E-05,7.76E-05,9.73E-05
1,0,0,0,1,0,1,1,0,0,1,1,1,0,0,0,1,0,1,0,1,1,0,0,0,60,0.801115661,0.147930551,2.28032043,15200,0.4,0.00013,0.007,3000,230000,23000,23000,9000,9000,9000,0.26,0.26,0.26,1.50E-05,1.00E-05,1.00E-05,73998000000,20687000000,20964000000,12285000000,6791600000,6945600000,0.4781,0.4213,0.2743,2.66E-05,8.77E-05,0.0001062
0,1,1,1,1,0,0,0,0,1,1,0,0,1,0,1,0,0,1,1,0,0,1,0,0,60,0.593690961,0.282245911,1.655621234,15200,0.4,0.00013,0.007,3000,230000,23000,23000,9000,9000,9000,0.26,0.26,0.26,1.50E-05,1.00E-05,1.00E-05,70976000000,20732000000,20706000000,11787000000,6951800000,7496200000,0.4553,0.4138,0.3164,2.66E-05,8.59E-05,9.93E-05
0,1,1,1,0,1,1,0,1,0,0,0,1,1,0,1,1,1,1,0,0,1,0,0,0,60,0.668530735,0.385211875,1.721784697,15200,0.4,0.00013,0.007,3000,230000,23000,23000,9000,9000,9000,0.26,0.26,0.26,1.50E-05,1.00E-05,1.00E-05,73498000000,21029000000,20852000000,12125000000,7161200000,7865700000,0.4417,0.4013,0.3313,2.50E-05,7.99E-05,9.15E-05
0,0,0,0,0,0,0,1,0,1,1,0,1,0,0,1,1,0,1,0,0,1,0,0,1,60,0.752407537,0.383552997,2.124920581,15200,0.4,0.00013,0.007,3000,230000,23000,23000,9000,9000,9000,0.26,0.26,0.26,1.50E-05,1.00E-05,1.00E-05,69734000000,20615000000,20588000000,11506000000,6941400000,7541000000,0.4535,0.4185,0.3197,2.70E-05,8.79E-05,0.00010046
0,0,0,1,1,1,1,1,0,1,0,0,1,0,1,1,1,0,0,1,0,1,0,1,0,60,0.508750352,0.251938549,1.214949145,15200,0.4,0.00013,0.007,3000,230000,23000,23000,9000,9000,9000,0.26,0.26,0.26,1.50E-05,1.00E-05,1.00E-05,75720000000,21223000000,21044000000,12429000000,7259800000,8093600000,0.4386,0.391,0.335,2.41E-05,7.47E-05,8.81E-05
0,1,1,0,1,0,0,1,1,1,1,1,1,0,0,0,1,1,0,0,0,1,1,1,0,60,0.799438907,0.354384584,2.282276503,15200,0.4,0.00013,0.007,3000,230000,23000,23000,9000,9000,9000,0.26,0.26,0.26,1.50E-05,1.00E-05,1.00E-05,71072000000,20621000000,20630000000,11789000000,6876200000,7296500000,0.4639,0.4228,0.3004,2.69E-05,8.96E-05,0.0001021
1,1,0,0,1,0,1,1,1,1,0,0,0,0,0,0,0,1,1,0,1,0,0,1,1,60,0.783876231,0.102145838,1.913468655,15200,0.4,0.00013,0.007,3000,230000,23000,23000,9000,9000,9000,0.26,0.26,0.26,1.50E-05,1.00E-05,1.00E-05,86164000000,21385000000,21619000000,13758000000,7081900000,7212600000,0.479,0.3949,0.2578,2.32E-05,7.31E-05,9.44E-05
0,0,1,0,0,0,0,1,1,1,0,1,0,1,0,0,0,1,1,0,0,0,1,1,0,60,0.242689656,0.243686608,0.595679853,15200,0.4,0.00013,0.007,3000,230000,23000,23000,9000,9000,9000,0.26,0.26,0.26,1.50E-05,1.00E-05,1.00E-05,69996000000,21104000000,20804000000,11474000000,7424000000,8624400000,0.4036,0.3929,0.3846,2.47E-05,7.81E-05,8.23E-05
1,0,0,0,1,1,1,1,1,0,0,0,1,0,1,1,1,0,0,0,1,0,1,0,1,60,0.297093003,0.11321813,0.811401255,15200,0.4,0.00013,0.007,3000,230000,23000,23000,9000,9000,9000,0.26,0.26,0.26,1.50E-05,1.00E-05,1.00E-05,73018000000,20794000000,20877000000,12020000000,6956900000,7390600000,0.4609,0.411,0.3053,2.61E-05,8.36E-05,9.98E-05
1,0,0,1,1,1,0,1,0,0,0,0,0,0,1,0,1,0,1,0,0,1,1,1,1,60,0.224848539,0.34604766,0.618526415,15200,0.4,0.00013,0.007,3000,230000,23000,23000,9000,9000,9000,0.26,0.26,0.26,1.50E-05,1.00E-05,1.00E-05,48107000000,20800000000,20502000000,9877300000,7389600000,9452300000,0.3392,0.3667,0.4939,2.93E-05,8.61E-05,7.95E-05
1,1,1,1,1,1,1,0,0,0,0,0,0,0,0,1,1,0,1,1,0,0,1,0,0,60,0.602309179,0.112996823,1.478965077,15200,0.4,0.00013,0.007,3000,230000,23000,23000,9000,9000,9000,0.26,0.26,0.26,1.50E-05,1.00E-05,1.00E-05,82984000000,21293000000,21484000000,13379000000,7075900000,7267100000,0.4757,0.3956,0.2683,2.38E-05,7.44E-05,9.42E-05
0,1,1,0,0,0,0,0,1,0,1,1,0,0,1,0,0,1,1,1,1,0,0,0,1,60,0.797129499,0.397632923,2.180225195,15200,0.4,0.00013,0.007,3000,230000,23000,23000,9000,9000,9000,0.26,0.26,0.26,1.50E-05,1.00E-05,1.00E-05,69977000000,20837000000,20741000000,11927000000,7014200000,7719400000,0.4489,0.4059,0.3314,2.62E-05,8.37E-05,9.70E-05
0,1,1,1,1,0,1,0,1,0,0,1,0,0,0,1,1,1,1,1,1,1,0,1,1,60,0.565833336,0.11664298,1.466955908,15200,0.4,0.00013,0.007,3000,230000,23000,23000,9000,9000,9000,0.26,0.26,0.26,1.50E-05,1.00E-05,1.00E-05,82063000000,21143000000,21342000000,13090000000,7005500000,7162500000,0.476,0.4045,0.2677,2.43E-05,7.80E-05,9.74E-05
0,1,1,0,1,1,1,1,1,0,1,1,1,1,1,0,1,0,0,0,0,0,1,0,1,60,0.424766363,0.32806232,1.188737727,15200,0.4,0.00013,0.007,3000,230000,23000,23000,9000,9000,9000,0.26,0.26,0.26,1.50E-05,1.00E-05,1.00E-05,65612000000,20696000000,20411000000,11218000000,7045500000,7895100000,0.4298,0.4096,0.3627,2.70E-05,8.77E-05,9.47E-05
0,1,1,1,1,1,1,1,1,0,1,0,0,0,0,1,0,0,1,0,1,0,1,1,0,60,0.851043633,0.394464625,2.044573201,15200,0.4,0.00013,0.007,3000,230000,23000,23000,9000,9000,9000,0.26,0.26,0.26,1.50E-05,1.00E-05,1.00E-05,77872000000,21179000000,21116000000,12546000000,7216200000,7785700000,0.4545,0.395,0.3071,2.41E-05,7.52E-05,8.94E-05
0,1,0,1,1,1,0,0,0,0,1,0,0,1,0,0,1,1,1,0,0,0,1,0,0,60,0.797395545,0.357940072,2.059497245,15200,0.4,0.00013,0.007,3000,230000,23000,23000,9000,9000,9000,0.26,0.26,0.26,1.50E-05,1.00E-05,1.00E-05,74409000000,20955000000,20923000000,12099000000,7091200000,7702700000,0.454,0.4035,0.3152,2.52E-05,8.01E-05,9.45E-05
0,1,0,0,0,1,1,0,1,0,1,1,0,0,0,0,1,0,0,0,0,0,1,0,0,60,0.603615367,0.15779887,1.514315002,15200,0.4,0.00013,0.007,3000,230000,23000,23000,9000,9000,9000,0.26,0.26,0.26,1.50E-05,1.00E-05,1.00E-05,83029000000,21202000000,21335000000,13066000000,7078000000,7307900000,0.4726,0.4016,0.2709,2.39E-05,7.64E-05,9.46E-05
1,1,1,1,1,1,1,0,0,0,1,0,0,1,0,1,0,1,0,1,1,1,1,1,1,60,0.375043735,0.351296629,0.911232992,15200,0.4,0.00013,0.007,3000,230000,23000,23000,9000,9000,9000,0.26,0.26,0.26,1.50E-05,1.00E-05,1.00E-05,68279000000,21206000000,20966000000,11702000000,7344500000,8452200000,0.4159,0.3817,0.3798,2.47E-05,7.70E-05,8.24E-05
0,0,1,1,1,0,1,1,1,0,1,0,1,1,0,0,1,1,0,0,0,1,0,1,0,60,0.669411016,0.29380595,1.889189621,15200,0.4,0.00013,0.007,3000,230000,23000,23000,9000,9000,9000,0.26,0.26,0.26,1.50E-05,1.00E-05,1.00E-05,70670000000,20605000000,20662000000,11628000000,6903500000,7348400000,0.4628,0.4189,0.3053,2.69E-05,8.78E-05,0.00010152
0,1,0,1,1,0,1,1,1,1,0,1,0,0,1,1,0,0,0,0,1,0,1,0,1,60,0.68519589,0.299972583,1.654585887,15200,0.4,0.00013,0.007,3000,230000,23000,23000,9000,9000,9000,0.26,0.26,0.26,1.50E-05,1.00E-05,1.00E-05,76690000000,21107000000,21083000000,12340000000,7187000000,7811700000,0.4534,0.396,0.3124,2.43E-05,7.59E-05,9.09E-05
1,0,1,0,1,0,1,0,1,0,1,1,1,0,0,1,0,1,0,0,1,1,0,1,0,60,0.557230648,0.372861982,1.470444069,15200,0.4,0.00013,0.007,3000,230000,23000,23000,9000,9000,9000,0.26,0.26,0.26,1.50E-05,1.00E-05,1.00E-05,65327000000,20697000000,20478000000,11036000000,7143100000,8177100000,0.4248,0.4013,0.3768,2.64E-05,8.28E-05,9.32E-05
1,0,0,1,1,0,0,0,1,1,0,0,0,0,1,0,1,1,1,1,1,0,0,0,0,60,0.634268708,0.332389473,1.798516135,15200,0.4,0.00013,0.007,3000,230000,23000,23000,9000,9000,9000,0.26,0.26,0.26,1.50E-05,1.00E-05,1.00E-05,69710000000,20665000000,20602000000,11741000000,6930900000,7416400000,0.4572,0.4172,0.3139,2.69E-05,8.80E-05,9.96E-05
0,1,0,0,0,0,1,0,1,1,1,1,0,0,1,1,0,0,1,0,0,1,1,0,0,60,0.916455917,0.24593588,2.530944866,15200,0.4,0.00013,0.007,3000,230000,23000,23000,9000,9000,9000,0.26,0.26,0.26,1.50E-05,1.00E-05,1.00E-05,76651000000,20841000000,21029000000,12260000000,6913300000,7159100000,0.4712,0.4145,0.2818,2.58E-05,8.36E-05,0.00010139
0,1,1,0,1,1,0,1,1,1,0,0,1,1,0,0,0,1,1,1,0,1,1,1,1,60,0.403123075,0.397937839,0.986889813,15200,0.4,0.00013,0.007,3000,230000,23000,23000,9000,9000,9000,0.26,0.26,0.26,1.50E-05,1.00E-05,1.00E-05,69748000000,21159000000,20811000000,11582000000,7425700000,8685500000,0.4017,0.3899,0.3947,2.43E-05,7.80E-05,8.19E-05
0,0,0,0,0,0,1,0,0,0,1,1,1,1,1,0,0,0,0,0,1,0,1,0,0,60,0.62207265,0.364403189,1.696608303,15200,0.4,0.00013,0.007,3000,230000,23000,23000,9000,9000,9000,0.26,0.26,0.26,1.50E-05,1.00E-05,1.00E-05,70915000000,20905000000,20750000000,11949000000,7029000000,7622300000,0.4486,0.4052,0.3285,2.60E-05,8.38E-05,9.46E-05
0,1,0,0,1,1,1,0,1,1,0,1,0,1,0,1,1,0,0,1,1,0,0,1,1,60,0.372938249,0.135736124,0.945087025,15200,0.4,0.00013,0.007,3000,230000,23000,23000,9000,9000,9000,0.26,0.26,0.26,1.50E-05,1.00E-05,1.00E-05,78240000000,21067000000,21113000000,12500000000,7092700000,7521900000,0.461,0.4027,0.2962,2.46E-05,7.82E-05,9.45E-05
0,1,1,0,0,1,0,0,1,1,1,0,1,1,1,0,1,1,0,1,1,1,1,1,0,60,0.7648766,0.384621363,1.818732573,15200,0.4,0.00013,0.007,3000,230000,23000,23000,9000,9000,9000,0.26,0.26,0.26,1.50E-05,1.00E-05,1.00E-05,74162000000,21157000000,21062000000,12344000000,7241800000,8010600000,0.4508,0.3885,0.3249,2.43E-05,7.47E-05,8.80E-05
0,1,0,1,0,1,0,1,0,0,0,1,1,1,1,0,0,1,0,1,1,0,1,0,1,60,0.818475899,0.156847411,1.983503984,15200,0.4,0.00013,0.007,3000,230000,23000,23000,9000,9000,9000,0.26,0.26,0.26,1.50E-05,1.00E-05,1.00E-05,81181000000,21168000000,21418000000,13030000000,7054300000,7302700000,0.4732,0.3986,0.2728,2.42E-05,7.54E-05,9.64E-05
0,1,1,1,1,0,0,1,1,1,0,1,0,1,1,1,1,1,1,1,0,1,0,1,0,60,0.248812686,0.352012237,0.619633385,15200,0.4,0.00013,0.007,3000,230000,23000,23000,9000,9000,9000,0.26,0.26,0.26,1.50E-05,1.00E-05,1.00E-05,60314000000,21231000000,21408000000,10869000000,7531200000,9236700000,0.3653,0.3676,0.4396,2.56E-05,7.84E-05,7.56E-05
1,1,1,1,0,1,0,0,0,1,0,1,1,0,0,0,1,0,0,0,1,0,1,0,1,60,0.807425623,0.114381658,2.209168078,15200,0.4,0.00013,0.007,3000,230000,23000,23000,9000,9000,9000,0.26,0.26,0.26,1.50E-05,1.00E-05,1.00E-05,78981000000,20945000000,21254000000,12767000000,6886300000,7010800000,0.4778,0.4119,0.2691,2.53E-05,8.20E-05,0.00010302
0,1,1,0,0,0,0,1,0,0,0,1,1,0,0,1,1,1,0,0,0,0,0,1,0,60,0.215173146,0.329783801,0.582017972,15200,0.4,0.00013,0.007,3000,230000,23000,23000,9000,9000,9000,0.26,0.26,0.26,1.50E-05,1.00E-05,1.00E-05,57462000000,20952000000,20772000000,10685000000,7375500000,8991300000,0.3702,0.3836,0.4415,2.68E-05,8.55E-05,8.09E-05
0,0,0,0,0,1,1,0,0,1,0,1,1,1,0,0,0,1,0,1,0,0,0,0,0,60,0.359723815,0.113973765,0.867051661,15200,0.4,0.00013,0.007,3000,230000,23000,23000,9000,9000,9000,0.26,0.26,0.26,1.50E-05,1.00E-05,1.00E-05,82000000000,21321000000,21356000000,13174000000,7167300000,7510400000,0.4689,0.3932,0.2806,2.37E-05,7.40E-05,9.03E-05
0,0,0,1,1,0,1,1,0,1,0,0,1,1,0,1,1,1,1,1,0,0,0,0,0,60,0.465721096,0.354487386,1.129188427,15200,0.4,0.00013,0.007,3000,230000,23000,23000,9000,9000,9000,0.26,0.26,0.26,1.50E-05,1.00E-05,1.00E-05,66208000000,21238000000,20851000000,12078000000,7293600000,8469200000,0.4163,0.3771,0.3891,2.46E-05,7.63E-05,8.41E-05
1,1,1,0,0,0,0,1,0,1,1,0,1,1,1,0,1,1,1,0,1,0,1,1,1,60,0.371158584,0.288065089,1.051989335,15200,0.4,0.00013,0.007,3000,230000,23000,23000,9000,9000,9000,0.26,0.26,0.26,1.50E-05,1.00E-05,1.00E-05,63181000000,20603000000,20320000000,11084000000,7029000000,7920800000,0.43,0.4107,0.3636,2.78E-05,8.92E-05,9.56E-05
0,1,0,0,1,0,1,0,1,1,1,0,1,1,1,1,0,1,1,0,1,1,0,0,1,60,0.977077194,0.227110966,2.665236566,15200,0.4,0.00013,0.007,3000,230000,23000,23000,9000,9000,9000,0.26,0.26,0.26,1.50E-05,1.00E-05,1.00E-05,78589000000,20906000000,21126000000,12481000000,6920300000,7152700000,0.4721,0.4136,0.277,2.53E-05,8.25E-05,0.00010155
1,1,0,1,0,0,0,1,1,0,1,0,0,0,0,0,1,1,1,1,0,0,0,0,0,60,0.939277258,0.389921229,2.440207414,15200,0.4,0.00013,0.007,3000,230000,23000,23000,9000,9000,9000,0.26,0.26,0.26,1.50E-05,1.00E-05,1.00E-05,74031000000,21028000000,20988000000,12422000000,7058700000,7609800000,0.4532,0.4007,0.3164,2.52E-05,7.97E-05,9.50E-05
0,0,0,1,1,0,1,1,0,0,1,1,0,0,1,1,1,0,1,1,1,0,1,1,0,60,0.978788381,0.398770076,2.429786246,15200,0.4,0.00013,0.007,3000,230000,23000,23000,9000,9000,9000,0.26,0.26,0.26,1.50E-05,1.00E-05,1.00E-05,76499000000,21106000000,21087000000,12520000000,7131000000,7717500000,0.457,0.3977,0.3072,2.46E-05,7.73E-05,9.26E-05
0,0,0,1,1,0,0,1,0,0,0,1,1,1,0,0,0,1,1,1,1,0,1,1,0,60,0.433034828,0.311623738,1.216481536,15200,0.4,0.00013,0.007,3000,230000,23000,23000,9000,9000,9000,0.26,0.26,0.26,1.50E-05,1.00E-05,1.00E-05,66589000000,20653000000,20425000000,11321000000,7031600000,7805400000,0.4384,0.4135,0.3471,2.71E-05,8.81E-05,9.61E-05
1,1,0,0,1,0,1,1,0,1,1,0,0,0,0,1,0,0,0,1,1,0,0,0,0,60,0.71072813,0.101582755,1.793939274,15200,0.4,0.00013,0.007,3000,230000,23000,23000,9000,9000,9000,0.26,0.26,0.26,1.50E-05,1.00E-05,1.00E-05,84408000000,21252000000,21498000000,13420000000,7026700000,7152800000,0.4778,0.4009,0.261,2.38E-05,7.59E-05,9.69E-05
1,0,0,0,0,1,1,0,0,1,0,1,1,0,0,1,1,0,1,0,0,1,1,1,0,60,0.732338846,0.112980696,1.955249483,15200,0.4,0.00013,0.007,3000,230000,23000,23000,9000,9000,9000,0.26,0.26,0.26,1.50E-05,1.00E-05,1.00E-05,80579000000,21038000000,21319000000,12927000000,6933200000,7074700000,0.4772,0.4086,0.2676,2.48E-05,8.00E-05,0.00010095
0,0,0,1,0,1,1,0,0,1,1,0,1,1,1,0,0,1,1,0,0,1,1,0,0,60,0.357733296,0.383735598,0.929273,15200,0.4,0.00013,0.007,3000,230000,23000,23000,9000,9000,9000,0.26,0.26,0.26,1.50E-05,1.00E-05,1.00E-05,58670000000,20965000000,20455000000,11131000000,7295700000,8848300000,0.3906,0.3803,0.4362,2.61E-05,8.20E-05,8.43E-05
1,1,0,1,1,0,0,1,0,0,1,1,1,0,1,1,1,0,0,0,1,0,0,0,1,60,0.882375767,0.316355742,2.509253354,15200,0.4,0.00013,0.007,3000,230000,23000,23000,9000,9000,9000,0.26,0.26,0.26,1.50E-05,1.00E-05,1.00E-05,70665000000,20615000000,20718000000,11824000000,6844400000,7173300000,0.4687,0.4199,0.2954,2.71E-05,8.87E-05,0.00010304
0,0,0,0,1,1,1,0,0,0,0,1,0,0,1,1,0,0,0,1,1,1,1,0,0,60,0.91256373,0.393050966,2.251077484,15200,0.4,0.00013,0.007,3000,230000,23000,23000,9000,9000,9000,0.26,0.26,0.26,1.50E-05,1.00E-05,1.00E-05,77135000000,21165000000,21103000000,12610000000,7161700000,7731400000,0.4525,0.3965,0.3115,2.43E-05,7.66E-05,9.15E-05
0,1,0,1,1,0,1,1,0,0,1,0,1,0,1,0,1,0,0,0,1,1,0,1,1,60,0.594918209,0.218984209,1.468518652,15200,0.4,0.00013,0.007,3000,230000,23000,23000,9000,9000,9000,0.26,0.26,0.26,1.50E-05,1.00E-05,1.00E-05,77888000000,21138000000,21153000000,12614000000,7140600000,7664100000,0.4584,0.3978,0.3008,2.45E-05,7.64E-05,9.26E-05
1,0,0,0,0,0,0,0,0,1,0,1,0,0,1,0,0,1,0,1,0,0,0,1,1,60,0.563101233,0.253890799,1.398348627,15200,0.4,0.00013,0.007,3000,230000,23000,23000,9000,9000,9000,0.26,0.26,0.26,1.50E-05,1.00E-05,1.00E-05,78490000000,21127000000,21092000000,12531000000,7167400000,7715600000,0.4574,0.3996,0.3031,2.42E-05,7.70E-05,9.15E-05
1,0,1,0,1,0,1,0,1,0,1,0,1,0,1,0,1,0,1,0,1,0,1,0,1,0,0.6,0.2,0.9,20000,0.4,6.00E-05,0.017,3000,72000,72000,72000,30000,30000,30000,0.2,0.2,0.2,5.00E-06,5.00E-06,5.00E-06,4.18E+10,4.16E+10,3.88E+10,1.42E+10,1.24E+10,1.25E+10,0.282,0.3409,0.3396,2.90E-05,2.94E-05,4.23E-05
1,0,1,0,1,0,1,0,1,0,1,0,1,0,1,0,1,0,1,0,1,0,1,0,1,15,0.6,0.2,1.125,20000,0.4,6.00E-05,0.017,3000,72000,72000,72000,30000,30000,30000,0.2,0.2,0.2,5.00E-06,5.00E-06,5.00E-06,3.83E+10,3.80E+10,3.57E+10,1.32E+10,1.14E+10,1.15E+10,0.3003,0.3531,0.3492,3.19E-05,3.33E-05,4.62E-05
1,0,1,0,1,0,1,0,1,0,1,0,1,0,1,0,1,0,1,0,1,0,1,0,1,30,0.6,0.2,1.35,20000,0.4,6.00E-05,0.017,3000,72000,72000,72000,30000,30000,30000,0.2,0.2,0.2,5.00E-06,5.00E-06,5.00E-06,3.62E+10,3.54E+10,3.42E+10,1.29E+10,1.08E+10,1.11E+10,0.3234,0.3549,0.3451,3.26E-05,3.67E-05,4.83E-05
1,0,1,0,1,0,1,0,1,0,1,0,1,0,1,0,1,0,1,0,1,0,1,0,1,45,0.6,0.2,1.575,20000,0.4,6.00E-05,0.017,3000,72000,72000,72000,30000,30000,30000,0.2,0.2,0.2,5.00E-06,5.00E-06,5.00E-06,3.75E+10,3.59E+10,3.52E+10,1.36E+10,1.09E+10,1.14E+10,0.3264,0.354,0.3337,2.93E-05,3.69E-05,4.79E-05
1,0,1,0,1,0,1,0,1,0,1,0,1,0,1,0,1,0,1,0,1,0,1,0,1,60,0.6,0.2,1.8,20000,0.4,6.00E-05,0.017,3000,72000,72000,72000,30000,30000,30000,0.2,0.2,0.2,5.00E-06,5.00E-06,5.00E-06,4.16E+10,3.89E+10,3.82E+10,1.48E+10,1.17E+10,1.24E+10,0.31,0.3502,0.3193,2.43E-05,3.46E-05,4.46E-05
1,1,0,0,0,0,1,1,0,0,0,0,1,1,0,0,0,0,1,1,1,0,0,0,1,0,0.6,0.2,0.9,20000,0.4,6.00E-05,0.017,3000,72000,72000,72000,30000,30000,30000,0.2,0.2,0.2,5.00E-06,5.00E-06,5.00E-06,4.16E+10,4.15E+10,3.86E+10,1.40E+10,1.25E+10,1.26E+10,0.2808,0.3426,0.3416,2.92E-05,2.96E-05,4.19E-05
1,1,0,0,0,0,1,1,0,0,0,0,1,1,0,0,0,0,1,1,1,0,0,0,1,15,0.6,0.2,1.125,20000,0.4,6.00E-05,0.017,3000,72000,72000,72000,30000,30000,30000,0.2,0.2,0.2,5.00E-06,5.00E-06,5.00E-06,3.83E+10,3.78E+10,3.56E+10,1.31E+10,1.14E+10,1.14E+10,0.3,0.3559,0.3495,3.18E-05,3.34E-05,4.64E-05
1,1,0,0,0,0,1,1,0,0,0,0,1,1,0,0,0,0,1,1,1,0,0,0,1,30,0.6,0.2,1.35,20000,0.4,6.00E-05,0.017,3000,72000,72000,72000,30000,30000,30000,0.2,0.2,0.2,5.00E-06,5.00E-06,5.00E-06,3.63E+10,3.52E+10,3.41E+10,1.29E+10,1.08E+10,1.10E+10,0.3242,0.3581,0.3436,3.23E-05,3.70E-05,4.83E-05
1,1,0,0,0,0,1,1,0,0,0,0,1,1,0,0,0,0,1,1,1,0,0,0,1,45,0.6,0.2,1.575,20000,0.4,6.00E-05,0.017,3000,72000,72000,72000,30000,30000,30000,0.2,0.2,0.2,5.00E-06,5.00E-06,5.00E-06,3.77E+10,3.56E+10,3.52E+10,1.36E+10,1.10E+10,1.14E+10,0.3285,0.3579,0.3298,2.89E-05,3.74E-05,4.73E-05
1,1,0,0,0,0,1,1,0,0,0,0,1,1,0,0,0,0,1,1,1,0,0,0,1,60,0.6,0.2,1.8,20000,0.4,6.00E-05,0.017,3000,72000,72000,72000,30000,30000,30000,0.2,0.2,0.2,5.00E-06,5.00E-06,5.00E-06,4.20E+10,3.86E+10,3.83E+10,1.48E+10,1.20E+10,1.26E+10,0.3143,0.3541,0.3118,2.37E-05,3.54E-05,4.29E-05
0,0,1,0,0,1,0,0,0,0,0,0,0,1,0,0,1,0,0,0,0,0,0,0,1,0,0.6,0.2,0.9,20000,0.4,6.00E-05,0.017,3000,72000,72000,72000,30000,30000,30000,0.2,0.2,0.2,5.00E-06,5.00E-06,5.00E-06,4.18E+10,4.17E+10,3.88E+10,1.41E+10,1.25E+10,1.26E+10,0.2807,0.3414,0.3402,2.92E-05,2.94E-05,4.16E-05
0,0,1,0,0,1,0,0,0,0,0,0,0,1,0,0,1,0,0,0,0,0,0,0,1,15,0.6,0.2,1.125,20000,0.4,6.00E-05,0.017,3000,72000,72000,72000,30000,30000,30000,0.2,0.2,0.2,5.00E-06,5.00E-06,5.00E-06,3.84E+10,3.79E+10,3.57E+10,1.31E+10,1.14E+10,1.15E+10,0.3002,0.3553,0.3488,3.18E-05,3.34E-05,4.61E-05
0,0,1,0,0,1,0,0,0,0,0,0,0,1,0,0,1,0,0,0,0,0,0,0,1,30,0.6,0.2,1.35,20000,0.4,6.00E-05,0.017,3000,72000,72000,72000,30000,30000,30000,0.2,0.2,0.2,5.00E-06,5.00E-06,5.00E-06,3.63E+10,3.53E+10,3.43E+10,1.29E+10,1.08E+10,1.11E+10,0.3245,0.3572,0.3426,3.23E-05,3.70E-05,4.79E-05
0,0,1,0,0,1,0,0,0,0,0,0,0,1,0,0,1,0,0,0,0,0,0,0,1,45,0.6,0.2,1.575,20000,0.4,6.00E-05,0.017,3000,72000,72000,72000,30000,30000,30000,0.2,0.2,0.2,5.00E-06,5.00E-06,5.00E-06,3.78E+10,3.57E+10,3.54E+10,1.36E+10,1.11E+10,1.15E+10,0.329,0.3564,0.3285,2.88E-05,3.73E-05,4.68E-05
0,0,1,0,0,1,0,0,0,0,0,0,0,1,0,0,1,0,0,0,0,0,0,0,1,60,0.6,0.2,1.8,20000,0.4,6.00E-05,0.017,3000,72000,72000,72000,30000,30000,30000,0.2,0.2,0.2,5.00E-06,5.00E-06,5.00E-06,4.23E+10,3.89E+10,3.87E+10,1.49E+10,1.21E+10,1.28E+10,0.3134,0.3514,0.3105,2.35E-05,3.51E-05,4.25E-05
1,0,1,0,1,0,1,0,1,0,1,0,1,0,1,0,1,0,1,0,1,0,1,0,1,0,0.6,0.2,0.9,15200,0.4,0.00013,0.007,3000,230000,23000,23000,9000,9000,9000,0.26,0.26,0.26,1.50E-06,1.00E-05,1.00E-05,5.30E+10,5.22E+10,2.18E+10,6.90E+09,7.30E+09,7.23E+09,0.1844,0.4718,0.467,4.68E-06,4.67E-06,1.68E-05
1,0,1,0,1,0,1,0,1,0,1,0,1,0,1,0,1,0,1,0,1,0,1,0,1,15,0.6,0.2,1.125,15200,0.4,0.00013,0.007,3000,230000,23000,23000,9000,9000,9000,0.26,0.26,0.26,1.50E-06,1.00E-05,1.00E-05,5.17E+10,3.73E+10,2.14E+10,7.45E+09,6.89E+09,6.89E+09,0.2433,0.4574,0.4366,4.65E-06,6.95E-06,1.69E-05
1,0,1,0,1,0,1,0,1,0,1,0,1,0,1,0,1,0,1,0,1,0,1,0,1,30,0.6,0.2,1.35,15200,0.4,0.00013,0.007,3000,230000,23000,23000,9000,9000,9000,0.26,0.26,0.26,1.50E-06,1.00E-05,1.00E-05,4.90E+10,2.64E+10,2.07E+10,9.27E+09,6.61E+09,6.73E+09,0.3596,0.4397,0.3744,4.30E-06,9.67E-06,1.62E-05
1,0,1,0,1,0,1,0,1,0,1,0,1,0,1,0,1,0,1,0,1,0,1,0,1,45,0.6,0.2,1.575,15200,0.4,0.00013,0.007,3000,230000,23000,23000,9000,9000,9000,0.26,0.26,0.26,1.50E-06,1.00E-05,1.00E-05,5.50E+10,2.19E+10,2.04E+10,1.14E+10,6.59E+09,6.85E+09,0.4427,0.4344,0.3247,3.45E-06,1.17E-05,1.54E-05
1,0,1,0,1,0,1,0,1,0,1,0,1,0,1,0,1,0,1,0,1,0,1,0,1,60,0.6,0.2,1.8,15200,0.4,0.00013,0.007,3000,230000,23000,23000,9000,9000,9000,0.26,0.26,0.26,1.50E-06,1.00E-05,1.00E-05,6.84E+10,2.04E+10,2.06E+10,1.17E+10,6.74E+09,7.19E+09,0.4708,0.4281,0.3006,2.76E-06,1.28E-05,1.46E-05
1,1,0,0,0,0,1,1,0,0,0,0,1,1,0,0,0,0,1,1,1,0,0,0,1,0,0.6,0.2,0.9,15200,0.4,0.00013,0.007,3000,230000,23000,23000,9000,9000,9000,0.26,0.26,0.26,1.50E-06,1.00E-05,1.00E-05,6.03E+10,6.01E+10,2.26E+10,6.89E+09,7.09E+09,7.07E+09,0.1452,0.4625,0.4629,4.55E-06,4.51E-06,1.74E-05
1,1,0,0,0,0,1,1,0,0,0,0,1,1,0,0,0,0,1,1,1,0,0,0,1,15,0.6,0.2,1.125,15200,0.4,0.00013,0.007,3000,230000,23000,23000,9000,9000,9000,0.26,0.26,0.26,1.50E-06,1.00E-05,1.00E-05,5.61E+10,3.95E+10,2.19E+10,7.46E+09,6.73E+09,6.74E+09,0.2224,0.457,0.4306,4.58E-06,6.86E-06,1.72E-05
1,1,0,0,0,0,1,1,0,0,0,0,1,1,0,0,0,0,1,1,1,0,0,0,1,30,0.6,0.2,1.35,15200,0.4,0.00013,0.007,3000,230000,23000,23000,9000,9000,9000,0.26,0.26,0.26,1.50E-06,1.00E-05,1.00E-05,5.23E+10,2.70E+10,2.09E+10,9.37E+09,6.53E+09,6.61E+09,0.3503,0.4446,0.3662,4.23E-06,9.65E-06,1.64E-05
1,1,0,0,0,0,1,1,0,0,0,0,1,1,0,0,0,0,1,1,1,0,0,0,1,45,0.6,0.2,1.575,15200,0.4,0.00013,0.007,3000,230000,23000,23000,9000,9000,9000,0.26,0.26,0.26,1.50E-06,1.00E-05,1.00E-05,5.79E+10,2.21E+10,2.06E+10,1.17E+10,6.55E+09,6.73E+09,0.4432,0.4376,0.3117,3.41E-06,1.17E-05,1.55E-05
1,1,0,0,0,0,1,1,0,0,0,0,1,1,0,0,0,0,1,1,1,0,0,0,1,60,0.6,0.2,1.8,15200,0.4,0.00013,0.007,3000,230000,23000,23000,9000,9000,9000,0.26,0.26,0.26,1.50E-06,1.00E-05,1.00E-05,7.16E+10,2.05E+10,2.07E+10,1.21E+10,6.75E+09,7.01E+09,0.4804,0.4284,0.2813,2.71E-06,1.28E-05,1.46E-05
0,0,1,0,0,1,0,0,0,0,0,0,0,1,0,0,1,0,0,0,0,0,0,0,1,0,0.6,0.2,0.9,15200,0.4,0.00013,0.007,3000,230000,23000,23000,9000,9000,9000,0.26,0.26,0.26,1.50E-06,1.00E-05,1.00E-05,6.03E+10,5.95E+10,2.26E+10,6.90E+09,7.10E+09,7.06E+09,0.1333,0.4687,0.4663,4.62E-06,4.63E-06,1.72E-05
0,0,1,0,0,1,0,0,0,0,0,0,0,1,0,0,1,0,0,0,0,0,0,0,1,15,0.6,0.2,1.125,15200,0.4,0.00013,0.007,3000,230000,23000,23000,9000,9000,9000,0.26,0.26,0.26,1.50E-06,1.00E-05,1.00E-05,5.61E+10,3.98E+10,2.19E+10,7.47E+09,6.73E+09,6.76E+09,0.2154,0.4597,0.433,4.63E-06,6.86E-06,1.71E-05
0,0,1,0,0,1,0,0,0,0,0,0,0,1,0,0,1,0,0,0,0,0,0,0,1,30,0.6,0.2,1.35,15200,0.4,0.00013,0.007,3000,230000,23000,23000,9000,9000,9000,0.26,0.26,0.26,1.50E-06,1.00E-05,1.00E-05,5.24E+10,2.71E+10,2.09E+10,9.39E+09,6.53E+09,6.64E+09,0.3469,0.4453,0.3672,4.25E-06,9.63E-06,1.64E-05
0,0,1,0,0,1,0,0,0,0,0,0,0,1,0,0,1,0,0,0,0,0,0,0,1,45,0.6,0.2,1.575,15200,0.4,0.00013,0.007,3000,230000,23000,23000,9000,9000,9000,0.26,0.26,0.26,1.50E-06,1.00E-05,1.00E-05,5.86E+10,2.22E+10,2.06E+10,1.18E+10,6.57E+09,6.75E+09,0.4406,0.438,0.3125,3.40E-06,1.17E-05,1.55E-05
0,0,1,0,0,1,0,0,0,0,0,0,0,1,0,0,1,0,0,0,0,0,0,0,1,60,0.6,0.2,1.8,15200,0.4,0.00013,0.007,3000,230000,23000,23000,9000,9000,9000,0.26,0.26,0.26,1.50E-06,1.00E-05,1.00E-05,7.26E+10,2.06E+10,2.07E+10,1.23E+10,6.78E+09,7.06E+09,0.4782,0.4276,0.2813,2.69E-06,1.27E-05,1.45E-05
0,0,1,0,0,1,0,0,0,0,0,0,0,1,0,0,1,0,0,0,0,0,0,0,1,60,0.57,0.1,1.8,15200,0.4,0.00013,0.007,3000,230000,23000,23000,9000,9000,9000,0.26,0.26,0.26,1.50E-06,1.00E-05,1.00E-05,7.24E+10,2.05E+10,2.08E+10,1.23E+10,6.67E+09,6.80E+09,0.4835,0.4309,0.2722,2.74E-06,1.28E-05,1.48E-05
0,0,1,0,0,1,0,0,0,0,0,0,0,1,0,0,1,0,0,0,0,0,0,0,1,59.8,0.57,0.1,1.71,15200,0.4,0.00013,0.007,3000,230000,23000,23000,9000,9000,9000,0.26,0.26,0.26,1.50E-06,1.00E-05,1.00E-05,7.33E+10,2.06E+10,2.09E+10,1.26E+10,6.71E+09,6.85E+09,0.4842,0.4267,0.2698,2.70E-06,1.27E-05,1.47E-05
0,0,1,0,0,1,0,0,0,0,0,0,0,1,0,0,1,0,0,0,0,0,0,0,1,59.7,0.94,0.11,2.81,25000,0.2,8.00E-06,0.007,3000,230000,23000,23000,9000,9000,9000,0.26,0.26,0.26,1.50E-06,1.00E-05,1.00E-05,8.14E+10,2.51E+10,2.45E+10,1.57E+10,9.73E+09,9.77E+09,0.3802,0.2276,0.1799,2.48E-06,8.59E-06,9.60E-06
